[ 0.      0.      0.      0.      0.      0.      0.      0.      0.
  0.      0.      0.      0.      0.      0.      0.      0.      0.
 -0.5235 -1.44    2.0945 -2.2253 -1.5708  0.      3.927  -1.4399  2.0943
 -2.2253 -1.5707 -0.      0.0387  0.2114  0.1159 -0.0133 -0.0113  0.0082
  0.0516  0.355  -0.0106 -0.      0.     -0.     -0.     -0.     -0.
 -0.     -0.      0.      0.     -0.     -0.      0.0004  0.0004  0.005
 -0.0027  0.0006  0.0003  0.     -0.0002 -0.0002  0.0009  0.0001  0.0001
  0.0002 -0.      0.0008 -0.003  -0.0001  0.0009  0.0068 -0.006  -0.0197
 -0.4448 -0.0514 -0.0554 -0.4379 -0.0573 -0.0751]
[ 0.      0.     -0.9529  0.0862  0.3405  0.      0.      0.      0.
 -0.7378  0.      0.      0.      0.      0.      0.      0.      0.
 -0.5235 -1.4399  2.0943 -2.2251 -1.5709  0.      3.927  -1.4402  2.0944
 -2.2252 -1.5707 -0.      0.0604 -0.1674  0.0114  0.141  -0.001  -0.011
  0.0516  0.3551 -0.0107  0.     -0.0001  0.     -0.      0.      0.
  0.      0.     -0.0001  0.      0.     -0.     -0.0048  0.0021 -0.0018
 -0.0009 -0.0039  0.0017 -0.     -0.0004 -0.0005  0.0011  0.0001  0.
 -0.0001  0.     -0.      0.     -0.0004 -0.0003  0.0068 -0.006  -0.0197
 -0.4448 -0.0514 -0.0554 -0.4379 -0.0573 -0.0751]
[ 0.      0.     -0.9563  0.1011  0.3992  0.      0.      0.0114 -0.0029
 -1.      0.      0.      0.      0.      0.      0.      0.      0.
 -0.5237 -1.436   2.0994 -2.2402 -1.5695 -0.0001  3.927  -1.4385  2.0958
 -2.2291 -1.5708 -0.      0.108   0.4753 -0.0994  0.2537 -0.3721 -0.5793
  0.0515  0.3551 -0.0129 -0.0001 -0.0002  0.0024  0.0015 -0.0003  0.
  0.      0.      0.0001  0.0001  0.     -0.     -0.0279  0.0041  0.0056
  0.0077 -0.004   0.0014 -0.0014 -0.0005  0.0711  0.1427 -0.0427 -0.0034
  0.0001 -0.0009  0.046   0.0188 -0.0001  0.0001  0.0068 -0.006  -0.0197
 -0.4448 -0.0514 -0.0554 -0.4379 -0.0573 -0.0751]
[ 0.0114 -0.0029 -0.879   0.1167  0.4611  0.      0.      0.0766 -0.0194
 -1.      0.      0.      0.      0.      0.      0.      0.      0.
 -0.5247 -1.4266  2.1105 -2.2676 -1.5669 -0.0001  3.9269 -1.425   2.1053
 -2.2506 -1.5707 -0.0002  0.1401 -0.0027 -0.0708  0.2561 -0.0855 -0.15
  0.0518  0.3552 -0.01    0.0001  0.0001  0.0084  0.0032 -0.0009  0.0002
  0.0001  0.      0.0089 -0.0001  0.     -0.     -0.0144 -0.0008  0.0187
 -0.0009 -0.0093  0.0154 -0.0028 -0.0042  0.0411  0.1166 -0.0355 -0.0058
  0.0008 -0.0009  0.0369  0.0031 -0.0003  0.0015  0.0068 -0.006  -0.0197
 -0.4448 -0.0514 -0.0554 -0.4379 -0.0573 -0.0751]
[ 0.044  -0.0111 -0.8723  0.1144  0.4513  0.      0.      0.0733 -0.0186
 -1.      0.      0.      0.      0.      0.      0.      0.      0.
 -0.5253 -1.4237  2.116  -2.2827 -1.5655 -0.0004  3.9265 -1.4194  2.1094
 -2.2616 -1.5706 -0.0003  0.241  -0.0704 -0.0585  0.2562 -0.0168 -0.2016
  0.0521  0.3554 -0.0091  0.0002  0.0003  0.0106  0.0049 -0.0013  0.0003
  0.0003 -0.0001  0.0121  0.0002 -0.      0.0001 -0.0087 -0.0021  0.0469
 -0.0023 -0.0088  0.0209  0.0008 -0.0027  0.0321  0.1335 -0.0322  0.0076
  0.0052 -0.0012  0.0307  0.0067 -0.      0.0002  0.0068 -0.006  -0.0197
 -0.4448 -0.0514 -0.0554 -0.4379 -0.0573 -0.0751]
[ 0.0733 -0.0186 -0.9193  0.107   0.4219  0.      0.      0.0798 -0.0202
 -1.      0.      0.      0.      0.      0.      0.      0.      0.
 -0.5263 -1.4129  2.1299 -2.3261 -1.5601 -0.0007  3.925  -1.4075  2.116
 -2.2805 -1.5707 -0.002   0.29   -0.1624  0.0965  0.2548 -0.1214 -0.1438
  0.0519  0.3563 -0.0091  0.0001  0.0001  0.0168  0.0095 -0.0027  0.0004
  0.001  -0.0007  0.0182  0.0003  0.      0.     -0.0055 -0.0064  0.0866
  0.0015 -0.0093  0.0213  0.0025  0.0085  0.0261  0.0369 -0.0078  0.0046
 -0.0001  0.003   0.0252  0.0293 -0.0001  0.0031  0.0068 -0.006  -0.0197
 -0.4448 -0.0514 -0.0554 -0.4379 -0.0573 -0.0751]
[ 0.0733 -0.0186 -0.9059  0.1061  0.4187  0.      0.      0.1059 -0.0268
 -1.      0.      0.      0.      0.      0.      0.      0.      0.
 -0.5271 -1.4066  2.1387 -2.3492 -1.5577 -0.001   3.9245 -1.3997  2.1203
 -2.293  -1.5707 -0.0023  0.3502 -0.1544  0.0901  0.1954  0.1589  0.0435
  0.0523  0.3565 -0.0089  0.0002  0.0005  0.0208  0.0116 -0.0032  0.0005
  0.0013 -0.0009  0.0225  0.0004  0.      0.0001 -0.0014 -0.0088  0.1232
 -0.0064 -0.0078  0.0299  0.0011  0.0048  0.0251  0.0388 -0.0133  0.0031
  0.0021 -0.0052  0.028   0.0379  0.0001  0.0013  0.0068 -0.006  -0.0197
 -0.4448 -0.0514 -0.0554 -0.4379 -0.0573 -0.0751]
[ 0.057  -0.0145 -0.9025  0.1028  0.4057  0.      0.      0.0961 -0.0244
 -1.      0.      0.      0.      0.      0.      0.      0.      0.
 -0.5285 -1.3945  2.154  -2.3927 -1.5532 -0.0013  3.9212 -1.374   2.13
 -2.3268 -1.5708 -0.0049  0.3632 -0.3375 -0.422   0.115   0.3854 -0.1022
  0.0528  0.3586 -0.0035  0.0004  0.001   0.0278  0.0156 -0.0043  0.0007
  0.0028 -0.0025  0.035  -0.      0.      0.0002  0.0074 -0.0117  0.1419
 -0.0118 -0.0132  0.0382  0.0009  0.0024  0.0285  0.0883 -0.0191  0.0034
  0.0072 -0.0118  0.0395 -0.0036  0.0038  0.0072  0.0068 -0.006  -0.0197
 -0.4448 -0.0514 -0.0554 -0.4379 -0.0573 -0.0751]
[ 0.      0.     -0.9261  0.0814  0.3209  0.      1.      0.3706 -0.2136
 -1.      0.      0.      0.      1.      0.      0.      0.      0.
 -0.5296 -1.3865  2.1654 -2.4228 -1.5495 -0.0015  3.9211 -1.3716  2.1336
 -2.3335 -1.5706 -0.0051  0.5867 -0.7474 -2.7523  0.231   0.1467 -1.1058
  0.054   0.3579 -0.0067  0.0004  0.0019  0.0328  0.0181 -0.0052  0.0008
  0.0029 -0.002   0.0368  0.0002 -0.      0.0002  0.0368 -0.0031  0.1453
  0.0162 -0.0083  0.0319  0.0003 -0.0026 -0.0004  0.0243 -0.0059 -0.0002
 -0.0006 -0.0065  0.0176  0.0316 -0.0019  0.      0.0068 -0.006  -0.0197
 -0.4448 -0.0514 -0.0554 -0.4379 -0.0573 -0.0751]
[ 0.      0.     -0.8689  0.0928  0.3666  0.      1.      0.3707 -0.2135
 -1.      0.      0.      0.      1.      0.      0.      0.      0.
 -0.5299 -1.3883  2.1661 -2.427  -1.5478 -0.0014  3.9146 -1.3646  2.1356
 -2.3414 -1.5698 -0.0121  0.5948  0.3175 -4.2185 -1.136   0.4925 -2.4318
  0.0551  0.3609 -0.0023  0.0004  0.0018  0.0317  0.0196 -0.0057  0.0009
  0.0058 -0.0032  0.04   -0.0001 -0.0002  0.0001 -0.0426 -0.0008  0.1452
 -0.0089 -0.1391  0.0412  0.0005 -0.0005 -0.0109  0.0331 -0.0078  0.004
  0.0058 -0.0045 -0.0027  0.0199 -0.0084  0.0075  0.0068 -0.006  -0.0197
 -0.4448 -0.0514 -0.0554 -0.4379 -0.0573 -0.0751]
[ 0.      0.     -0.8588  0.0969  0.3621  0.      1.      0.3561 -0.189
 -1.      0.      0.      0.      1.      0.9184  1.      0.949   1.
 -0.5302 -1.383   2.1712 -2.4443 -1.5454 -0.0014  3.9114 -1.3609  2.1376
 -2.3477 -1.5691 -0.0148 -0.0468  1.235  -2.1681 -2.0373  0.2848 -2.0181
  0.0558  0.3622 -0.003   0.0003  0.0017  0.0343  0.0214 -0.0063  0.0009
  0.0073 -0.0036  0.0419  0.     -0.0004  0.0002 -0.114  -0.0697  0.1437
 -0.0307 -0.2027  0.0462  0.0007  0.0022  0.0645  0.0451 -0.0265  0.0053
  0.0121 -0.0066  0.0775  0.0313  0.0006 -0.0001  0.0068 -0.006  -0.0197
 -0.4448 -0.0514 -0.0554 -0.4379 -0.0573 -0.0751]
[ 0.      0.     -0.5697  0.1167  0.4542  0.      1.      0.1469 -0.0701
 -1.      0.      0.      0.      1.      0.6837  1.      0.7041  1.
 -0.5305 -1.3758  2.1775 -2.4639 -1.5417 -0.0014  3.9074 -1.3496  2.1421
 -2.3636 -1.5671 -0.019  -2.4399  1.953  -0.3906 -4.8171  3.568  -0.3328
  0.0564  0.3636 -0.0012  0.0001  0.0019  0.0379  0.0229 -0.0072  0.0009
  0.009  -0.0044  0.0472  0.0001 -0.0009  0.0002 -0.1934 -0.308   0.1435
 -0.2808 -0.432   0.0616 -0.0026  0.0053  0.0473  0.0412 -0.0537 -0.0002
  0.0086 -0.0003  0.0425 -0.0191 -0.0269 -0.0224  0.0068 -0.006  -0.0197
 -0.4448 -0.0514 -0.0554 -0.4379 -0.0573 -0.0751]
[ 0.      0.      0.      0.      0.      0.      1.      0.      0.
  0.      0.      0.      0.      1.      0.4082  1.      0.5102  1.
 -0.532  -1.3689  2.1839 -2.4856 -1.5351 -0.0017  3.906  -1.3419  2.146
 -2.3725 -1.5645 -0.0199 -6.6074  4.6291  0.6548 -7.85    7.8504 -2.5505
  0.0568  0.3638 -0.0003  0.0001  0.0019  0.0412  0.025  -0.0088  0.0011
  0.0094 -0.0042  0.0514 -0.0006 -0.0015  0.0003 -0.4551 -0.8211  0.1692
 -0.6214 -0.7902  0.051  -0.0007 -0.0073  0.0045  0.0477 -0.0298  0.0002
  0.0036  0.0017  0.0034 -0.0414 -0.0188  0.0059  0.0068 -0.006  -0.0197
 -0.4448 -0.0514 -0.0554 -0.4379 -0.0573 -0.0751]
[ 0.      0.      0.      0.      0.      0.      1.      0.      0.
  0.      0.      0.      0.      1.      0.3776  1.      0.4796  1.
 -0.532  -1.3704  2.1829 -2.4792 -1.5344 -0.0016  3.9059 -1.3431  2.1454
 -2.37   -1.5638 -0.0202 -6.1745  3.2743  0.5962 -7.0942  7.2707 -3.805
  0.057   0.3636 -0.0004  0.      0.0022  0.0408  0.024  -0.009   0.0011
  0.0094 -0.0042  0.051  -0.0008 -0.0017  0.0003 -0.4004 -0.8307  0.1651
 -0.5877 -0.7803  0.0427 -0.0022 -0.001  -0.0019  0.0439 -0.0006  0.0007
 -0.0016  0.0005 -0.011  -0.0082 -0.0128 -0.0004  0.0068 -0.006  -0.0197
 -0.4448 -0.0514 -0.0554 -0.4379 -0.0573 -0.0751]
[ 0.1124 -0.0284  0.      0.      0.      0.      0.      0.      0.
  0.4017 -0.0152 -0.0603  0.      0.      0.3878  1.      0.4592  1.
 -0.5321 -1.3712  2.1817 -2.4763 -1.5335 -0.0015  3.906  -1.3448  2.1448
 -2.367  -1.563  -0.0202 -5.4495  3.2735  1.0272 -4.9036  4.4331 -3.4218
  0.0569  0.3634 -0.0007 -0.0001  0.002   0.0404  0.0238 -0.0092  0.0012
  0.0092 -0.004   0.0502 -0.0009 -0.0019  0.0002 -0.3945 -0.7591  0.1461
 -0.4194 -0.5971  0.0289 -0.0026 -0.0009  0.0009  0.005  -0.0255 -0.0053
 -0.0007  0.0066  0.0005 -0.0534 -0.0011 -0.0057  0.0068 -0.006  -0.0197
 -0.4448 -0.0514 -0.0554 -0.4379 -0.0573 -0.0751]
[ 0.0538  0.2135  0.      0.      0.     -0.0756  0.      0.      0.
  1.      0.      0.      0.      0.      0.4184  1.      0.4898  1.
 -0.5331 -1.3741  2.1849 -2.4737 -1.5329 -0.0019  3.9064 -1.3521  2.1415
 -2.3574 -1.565  -0.0199 -2.6532  2.3671  1.2266 -2.9343  2.4854 -0.4642
  0.0583  0.3631 -0.0045  0.0004  0.0034  0.0405  0.0231 -0.0093  0.0013
  0.0093 -0.004   0.0465 -0.0007 -0.0014  0.0002 -0.292  -0.4687  0.1359
 -0.2403 -0.3618 -0.0241 -0.0014 -0.0142  0.0141  0.0976  0.0029 -0.0018
 -0.0008  0.0025 -0.0202  0.0073  0.0078 -0.0032  0.0068 -0.006  -0.0197
 -0.4448 -0.0514 -0.0554 -0.4379 -0.0573 -0.0751]
[ 0.      0.      1.      0.      0.      0.      0.      0.0136  0.0538
  1.      0.031  -0.0078  0.      0.      0.4184  1.      0.5102  1.
 -0.5352 -1.3787  2.186  -2.4645 -1.5325 -0.002   3.9063 -1.3564  2.1394
 -2.3509 -1.5654 -0.0199 -1.7053  2.2599  1.1919 -1.6289  1.286   1.1889
  0.0598  0.3633 -0.006   0.0013  0.0046  0.0398  0.0216 -0.0094  0.0018
  0.0093 -0.004   0.0443 -0.0007 -0.0013  0.0002 -0.25   -0.344   0.1604
 -0.1451 -0.2292 -0.0299  0.0066 -0.0199  0.0005  0.0703  0.0011  0.0108
 -0.0006  0.0012 -0.0527 -0.0093 -0.0048 -0.0029  0.0068 -0.006  -0.0197
 -0.4448 -0.0514 -0.0554 -0.4379 -0.0573 -0.0751]
[ 0.      0.      1.      0.      0.      0.      0.      0.0351  0.1385
  1.      0.1352 -0.0343  0.      0.      0.3878  1.      0.5816  1.
 -0.5307 -1.4124  2.1663 -2.4144 -1.5352 -0.0016  3.9065 -1.3738  2.1282
 -2.3227 -1.564  -0.0197 -0.8901  0.2159  0.2151 -0.8379  0.828   2.2918
  0.0581  0.3623  0.0021 -0.0004  0.0042  0.022   0.0225 -0.0088  0.0009
  0.0091 -0.0047  0.0347 -0.0006 -0.0017  0.0002 -0.1353 -0.2257  0.1153
 -0.0974 -0.1233 -0.0508 -0.0012 -0.0037 -0.0129  0.0429  0.0195 -0.0054
  0.0009 -0.0024 -0.0068 -0.006   0.0108 -0.0004  0.0068 -0.006  -0.0197
 -0.4448 -0.0514 -0.0554 -0.4379 -0.0573 -0.0751]
[ 0.      0.      1.      0.      0.      0.      0.      0.0395  0.1582
  1.      0.1288 -0.0322  0.      0.      0.3878  1.      0.5816  1.
 -0.5326 -1.4179  2.1644 -2.4028 -1.5346 -0.0018  3.9079 -1.3844  2.1209
 -2.3121 -1.561  -0.0192  0.6281  1.3117  0.8714 -0.6822  0.8146  2.3981
  0.0576  0.3627 -0.0026  0.0004  0.0047  0.02    0.0214 -0.0089  0.0013
  0.0081 -0.0056  0.028   0.0013 -0.0024  0.     -0.1138 -0.0568  0.1023
 -0.0845 -0.0602 -0.0705  0.008   0.0012 -0.05    0.0007 -0.0136  0.0161
 -0.0061 -0.0113 -0.0316  0.0612 -0.0315  0.0033  0.0068 -0.006  -0.0197
 -0.4448 -0.0514 -0.0554 -0.4379 -0.0573 -0.0751]
[ 0.      0.      1.      0.      0.      0.      0.      0.0258  0.1027
  1.      0.0668 -0.0168  0.      0.      0.3878  1.      0.5714  1.
 -0.5324 -1.4231  2.1609 -2.394  -1.5345 -0.0016  3.9078 -1.3871  2.1186
 -2.3049 -1.5615 -0.0195  0.5916  1.4306  1.8289 -0.0465  0.2109  2.7995
  0.0575  0.3627 -0.0013  0.0003  0.0046  0.0172  0.0214 -0.009   0.0014
  0.0082 -0.0055  0.0265  0.0007 -0.0023 -0.     -0.1174 -0.0592  0.0862
 -0.0451  0.0092 -0.0592 -0.0035  0.0057 -0.0876 -0.029   0.0147 -0.0141
 -0.0011 -0.01   -0.0541 -0.0219 -0.0121  0.013   0.0068 -0.006  -0.0197
 -0.4448 -0.0514 -0.0554 -0.4379 -0.0573 -0.0751]
[-0.0049  0.0012  1.      0.      0.      0.      0.      0.0299  0.119
  1.      0.0701 -0.0176  0.      0.      0.3878  1.      0.5714  1.
 -0.5346 -1.4332  2.1578 -2.3743 -1.5325 -0.0016  3.9094 -1.4013  2.1091
 -2.2871 -1.5602 -0.0193  1.0712  0.6664  1.9915  0.1691  0.1944  3.2629
  0.0579  0.3628 -0.0061  0.0012  0.0056  0.0134  0.0198 -0.0095  0.0019
  0.0074 -0.0062  0.0178  0.0022 -0.0026 -0.0004 -0.0689 -0.0013  0.0833
 -0.0263  0.0593 -0.0702  0.0051  0.0134 -0.0388 -0.0557 -0.005   0.0125
  0.0012 -0.0068 -0.0051 -0.0113  0.0094  0.0142  0.0068 -0.006  -0.0197
 -0.4448 -0.0514 -0.0554 -0.4379 -0.0573 -0.0751]
[ 0.      0.      1.      0.      0.      0.      0.      0.0103  0.0407
  1.      0.0114 -0.0029  0.      0.      0.3878  1.      0.5612  1.
 -0.5333 -1.4458  2.1474 -2.354  -1.5332 -0.0017  3.9095 -1.4085  2.1003
 -2.2702 -1.5601 -0.0179  0.3891  0.9343  2.2852 -0.3103  0.6111  3.8377
  0.0563  0.3633 -0.0035  0.0007  0.005   0.0056  0.0204 -0.0093  0.0016
  0.0073 -0.0071  0.0126  0.0019 -0.0026 -0.0001 -0.0685 -0.061   0.0575
 -0.0729  0.0448 -0.0833  0.0001 -0.0051 -0.0228  0.0117 -0.0007 -0.0001
 -0.0032  0.0079 -0.0328 -0.0421 -0.0234 -0.0111  0.0068 -0.006  -0.0197
 -0.4448 -0.0514 -0.0554 -0.4379 -0.0573 -0.0751]
[ 0.      0.      1.      0.      0.      0.      0.      0.0012  0.0049
  1.      0.      0.      0.      0.      0.3776  1.      0.5612  1.
 -0.5334 -1.4532  2.1428 -2.3423 -1.5332 -0.0016  3.9097 -1.4177  2.0944
 -2.2546 -1.5598 -0.0181  0.57    0.5398  2.3481  0.0293  0.0348  4.12
  0.0565  0.3631 -0.0046  0.0007  0.005   0.0016  0.0205 -0.0093  0.0017
  0.0071 -0.0069  0.0075  0.0018 -0.0027 -0.0002 -0.0341 -0.0361  0.0464
 -0.0617  0.0797 -0.0735  0.0018  0.     -0.0179  0.0013 -0.0048  0.0012
 -0.0015  0.0102 -0.0691 -0.0215 -0.0047 -0.0057  0.0068 -0.006  -0.0197
 -0.4448 -0.0514 -0.0554 -0.4379 -0.0573 -0.0751]
[ 0.      0.      1.      0.      0.      0.      0.      0.      0.
  1.      0.      0.      0.      0.      0.3878  1.      0.5306  1.
 -0.5336 -1.4657  2.1332 -2.3187 -1.5334 -0.0014  3.9099 -1.4252  2.0867
 -2.2412 -1.5609 -0.0188  1.258  -0.0187  2.5264  1.724  -0.3866  3.594
  0.056   0.3637 -0.0028  0.0009  0.005  -0.0056  0.0201 -0.0092  0.0018
  0.0072 -0.0076  0.0022  0.0023 -0.0024 -0.0004  0.0112  0.0355  0.0467
 -0.0036  0.2472 -0.048  -0.0006 -0.0045 -0.0788 -0.0325 -0.0031  0.0035
 -0.0001  0.0003 -0.0249  0.0002 -0.0004 -0.001   0.0068 -0.006  -0.0197
 -0.4448 -0.0514 -0.0554 -0.4379 -0.0573 -0.0751]
[ 0.      0.      1.      0.      0.      0.      0.      0.      0.
  1.      0.      0.      0.      0.      0.3776  1.      0.5306  1.
 -0.533  -1.4815  2.1202 -2.2881 -1.5334 -0.0014  3.9099 -1.4329  2.0814
 -2.2282 -1.561  -0.0186  2.026  -0.1202  2.3849  1.4002 -0.1113  3.7632
  0.056   0.3634  0.0021  0.0006  0.005  -0.015   0.0197 -0.0092  0.0017
  0.0071 -0.0075 -0.0024  0.0023 -0.0024 -0.0004  0.0406  0.1108  0.031
 -0.0176  0.2334 -0.0539  0.0042  0.0033 -0.0372 -0.0425  0.0019  0.0148
 -0.0004  0.0006 -0.0334  0.0084  0.0001 -0.0027  0.0068 -0.006  -0.0197
 -0.4448 -0.0514 -0.0554 -0.4379 -0.0573 -0.0751]
[ 0.      0.      1.      0.      0.      0.      0.      0.      0.
  1.      0.      0.      0.      0.      0.3878  1.      0.5306  1.
 -0.5332 -1.4838  2.1183 -2.2848 -1.5331 -0.0015  3.9099 -1.4358  2.079
 -2.2219 -1.561  -0.0186  1.6246  0.3087  2.644   0.8343  0.0527  4.2576
  0.056   0.3635  0.0019  0.0007  0.0049 -0.0165  0.0199 -0.0093  0.0017
  0.0072 -0.0074 -0.0041  0.002  -0.0024 -0.0004  0.0284  0.0651  0.022
 -0.0434  0.1846 -0.0655  0.0034  0.0062 -0.067  -0.0677 -0.0062  0.0043
 -0.0002  0.0007 -0.0468 -0.0159 -0.0003 -0.0004  0.0068 -0.006  -0.0197
 -0.4448 -0.0514 -0.0554 -0.4379 -0.0573 -0.0751]
[ 0.      0.      1.      0.      0.      0.      0.      0.      0.
  1.      0.      0.      0.      0.      0.3776  1.      0.5204  1.
 -0.5337 -1.5048  2.1018 -2.2434 -1.5343 -0.0012  3.9104 -1.453   2.0634
 -2.1889 -1.5618 -0.0186  1.5533  0.2683  2.7988 -0.1222  0.5234  4.28
  0.0566  0.3635  0.0029  0.0011  0.0056 -0.0289  0.0189 -0.009   0.0019
  0.007  -0.0076 -0.0154  0.002  -0.0022 -0.0005  0.0287  0.0557  0.0167
 -0.0834  0.1071 -0.0586 -0.0037 -0.0166  0.0195  0.1461  0.0022 -0.0031
 -0.0024  0.0026 -0.016  -0.0202 -0.0241  0.0006  0.0068 -0.006  -0.0197
 -0.4448 -0.0514 -0.0554 -0.4379 -0.0573 -0.0751]
[ 0.      0.      1.      0.      0.      0.      0.      0.      0.
  1.      0.      0.      0.      0.      0.3776  1.      0.5306  1.
 -0.5331 -1.5021  2.1014 -2.2563 -1.5332 -0.0012  3.9104 -1.458   2.0598
 -2.1793 -1.5616 -0.0187  0.5866 -0.6278  3.0782 -0.0864  0.8057  4.4476
  0.0552  0.3637  0.0003  0.0008  0.0041 -0.0292  0.0216 -0.0093  0.0017
  0.007  -0.0073 -0.0183  0.0017 -0.0022 -0.0005  0.0562 -0.0407  0.0024
 -0.1084  0.0882 -0.0584  0.     -0.0172 -0.0011  0.1137  0.0042  0.0088
 -0.0009  0.0026 -0.0147 -0.0196 -0.0097  0.0011  0.0068 -0.006  -0.0197
 -0.4448 -0.0514 -0.0554 -0.4379 -0.0573 -0.0751]
[ 0.      0.      1.      0.      0.      0.      0.      0.      0.
  1.      0.      0.      0.      0.      0.3878  1.      0.5102  1.
 -0.5332 -1.5118  2.0939 -2.2337 -1.5327 -0.0012  3.9102 -1.4645  2.0533
 -2.1666 -1.5619 -0.0186  1.7117 -0.4438  3.281   0.8118 -0.3579  4.6679
  0.0557  0.3636  0.0008  0.0007  0.0046 -0.0343  0.0205 -0.0094  0.0017
  0.0071 -0.0075 -0.0229  0.0018 -0.0022 -0.0005  0.0828  0.0587  0.0007
 -0.0367  0.1806 -0.0673  0.      0.0166 -0.0221 -0.0707  0.0016 -0.0001
 -0.0001 -0.0003 -0.0249  0.0127  0.0072 -0.0029  0.0068 -0.006  -0.0197
 -0.4448 -0.0514 -0.0554 -0.4379 -0.0573 -0.0751]
[ 0.      0.      1.      0.      0.      0.      0.      0.      0.
  1.      0.      0.      0.      0.      0.3776  1.      0.5102  1.
 -0.5331 -1.517   2.0837 -2.223  -1.5334 -0.0012  3.9108 -1.4739  2.0451
 -2.1478 -1.562  -0.0187  1.6936 -0.3734  3.4435 -0.1651  1.068   4.3125
  0.0547  0.3639  0.0006  0.0008  0.0034 -0.0401  0.0214 -0.0093  0.0018
  0.0068 -0.0072 -0.029   0.0015 -0.0022 -0.0006  0.0767  0.0674 -0.0129
 -0.1103  0.1072 -0.061   0.0004 -0.0399 -0.0579  0.1426  0.0052 -0.0072
 -0.0027  0.0015 -0.0299 -0.0121 -0.0232 -0.0007  0.0068 -0.006  -0.0197
 -0.4448 -0.0514 -0.0554 -0.4379 -0.0573 -0.0751]
[ 0.      0.      1.      0.      0.      0.      0.      0.      0.
  1.      0.      0.      0.      0.      0.3776  1.      0.5102  1.
 -0.533  -1.5253  2.0719 -2.2025 -1.5334 -0.001   3.9105 -1.4783  2.0402
 -2.139  -1.5619 -0.0188  0.7323 -0.1646  3.3713 -0.5948  0.9583  4.6081
  0.0541  0.3644  0.0042  0.0009  0.0028 -0.047   0.0213 -0.0093  0.0018
  0.0069 -0.0073 -0.0323  0.0016 -0.0022 -0.0006  0.0466 -0.0427  0.0059
 -0.1189  0.0524 -0.052   0.0007 -0.0343 -0.0556  0.0529  0.0204 -0.001
  0.0017  0.0042 -0.0692  0.0019  0.0078 -0.0011  0.0068 -0.006  -0.0197
 -0.4448 -0.0514 -0.0554 -0.4379 -0.0573 -0.0751]
[ 0.      0.      1.      0.      0.      0.      0.      0.      0.
  1.      0.      0.      0.      0.      0.3878  1.      0.5204  1.
 -0.5331 -1.5358  2.063  -2.1834 -1.5337 -0.0009  3.9108 -1.4884  2.0296
 -2.1186 -1.5624 -0.0188  0.1847 -0.5799  2.8147 -1.1858  1.2854  4.3003
  0.0546  0.3641  0.0036  0.0009  0.0033 -0.0538  0.0214 -0.0092  0.0019
  0.0068 -0.0073 -0.0396  0.0017 -0.002  -0.0006  0.0543 -0.0803  0.0014
 -0.1424  0.0231 -0.0669  0.0006 -0.0413 -0.0415  0.0704  0.0139  0.0046
 -0.0029  0.0026 -0.0329 -0.0163 -0.0001 -0.0088  0.0068 -0.006  -0.0197
 -0.4448 -0.0514 -0.0554 -0.4379 -0.0573 -0.0751]
[ 0.      0.      1.      0.      0.      0.      0.      0.      0.
  1.      0.      0.      0.      0.      0.3878  1.      0.5102  1.
 -0.533  -1.5446  2.045  -2.1551 -1.5341 -0.0006  3.9105 -1.4987  2.0178
 -2.0948 -1.5633 -0.0188 -0.8645  0.3244  2.5637 -2.1241  1.7813  4.2027
  0.0537  0.3649  0.0053  0.001   0.002  -0.0629  0.021  -0.0091  0.002
  0.007  -0.0072 -0.047   0.0013 -0.0018 -0.0006 -0.0123 -0.1763 -0.0237
 -0.2083 -0.0711 -0.0551 -0.0029 -0.0192 -0.0345 -0.0201  0.0005  0.0025
 -0.001   0.003  -0.05    0.0227 -0.0096  0.0001  0.0068 -0.006  -0.0197
 -0.4448 -0.0514 -0.0554 -0.4379 -0.0573 -0.0751]
[ 0.      0.      1.      0.      0.      0.      0.      0.      0.
  1.      0.      0.      0.      0.      0.3776  1.      0.5     1.
 -0.5336 -1.5522  2.0551 -2.1583 -1.5327 -0.0015  3.9105 -1.5022  2.0129
 -2.0843 -1.5641 -0.0188  1.6608  0.2597  2.5858  0.1085  0.1344  4.4905
  0.057   0.3632  0.0015  0.0011  0.0056 -0.0621  0.0212 -0.0094  0.0019
  0.0071 -0.0072 -0.05    0.0008 -0.0017 -0.0006  0.0581  0.0859  0.0325
 -0.0777  0.1235 -0.0516  0.0009 -0.0325 -0.0481 -0.0147  0.0322  0.0133
  0.0017  0.003  -0.046   0.011   0.0266 -0.0017  0.0068 -0.006  -0.0197
 -0.4448 -0.0514 -0.0554 -0.4379 -0.0573 -0.0751]
[ 0.      0.      1.      0.      0.      0.      0.      0.      0.
  1.      0.      0.      0.      0.      0.3878  1.      0.4898  1.
 -0.5334 -1.5577  2.0391 -2.1371 -1.5333 -0.0011  3.911  -1.5071  2.0067
 -2.074  -1.5637 -0.0189  1.4726  0.818   3.2587 -0.1287  0.046   4.9662
  0.0553  0.3638  0.0053  0.0011  0.0039 -0.0697  0.0213 -0.0093  0.0019
  0.0067 -0.0073 -0.0538  0.001  -0.0018 -0.0007  0.0322  0.0787  0.0249
 -0.0638  0.1271 -0.0582  0.0034 -0.0251 -0.0635 -0.0002  0.0264  0.013
  0.0046  0.0099 -0.0575 -0.0478  0.0486 -0.009   0.0068 -0.006  -0.0197
 -0.4448 -0.0514 -0.0554 -0.4379 -0.0573 -0.0751]
[ 0.      0.      1.      0.      0.      0.      0.      0.      0.
  1.      0.      0.      0.      0.      0.3878  1.      0.5     1.
 -0.5338 -1.5673  2.0315 -2.1211 -1.533  -0.0015  3.9109 -1.5169  1.9954
 -2.0525 -1.5656 -0.0189  0.9889  0.8615  2.8874  0.0601  0.2388  4.2363
  0.0565  0.3635  0.0038  0.0013  0.0048 -0.0759  0.0216 -0.0094  0.0019
  0.007  -0.0069 -0.0615  0.0008 -0.0013 -0.0007  0.0274  0.0333  0.0299
 -0.0718  0.1325 -0.048   0.0007 -0.0018 -0.0336  0.0011 -0.0002  0.0008
  0.0002 -0.0041 -0.0046  0.0148  0.0002  0.0004  0.0068 -0.006  -0.0197
 -0.4448 -0.0514 -0.0554 -0.4379 -0.0573 -0.0751]
[ 0.      0.      1.      0.      0.      0.      0.      0.      0.
  1.      0.      0.      0.      0.      0.3776  1.      0.5102  1.
 -0.533  -1.5637  2.0162 -2.1093 -1.5311 -0.0012  3.9112 -1.5329  1.9732
 -2.01   -1.565  -0.0191  1.8405 -0.4695  2.9294  0.216   0.5182  4.5574
  0.0536  0.3643 -0.0055  0.0008  0.0013 -0.0799  0.0215 -0.0098  0.0018
  0.0068 -0.0063 -0.0748 -0.0003 -0.0015 -0.0008  0.0902  0.1412  0.0278
 -0.0601  0.1576 -0.0461  0.0015  0.0167 -0.0357 -0.0142  0.0149  0.0028
 -0.0014  0.0031 -0.0724  0.0176  0.0061 -0.0055  0.0068 -0.006  -0.0197
 -0.4448 -0.0514 -0.0554 -0.4379 -0.0573 -0.0751]
[ 0.      0.      1.      0.      0.      0.      0.      0.      0.
  1.      0.      0.      0.      0.      0.3878  1.      0.5     1.
 -0.5329 -1.572   2.0133 -2.0986 -1.5331 -0.0012  3.9114 -1.534   1.9717
 -2.0101 -1.5666 -0.019   2.2649  0.0919  2.5102  0.3272  0.4471  5.0839
  0.0549  0.3638 -0.0027  0.001   0.0029 -0.0839  0.0217 -0.0093  0.0018
  0.0068 -0.0065 -0.076   0.0004 -0.001  -0.0009  0.0936  0.1759  0.03
 -0.0255  0.2027 -0.0344  0.0007  0.004  -0.0262 -0.0088  0.0058  0.0014
  0.0009 -0.0107  0.0352  0.0725  0.0154  0.0054  0.0068 -0.006  -0.0197
 -0.4448 -0.0514 -0.0554 -0.4379 -0.0573 -0.0751]
[ 0.      0.      1.      0.      0.      0.      0.      0.      0.
  1.      0.      0.      0.      0.      0.3776  1.      0.5     1.
 -0.533  -1.5772  2.0037 -2.0827 -1.5336 -0.001   3.9114 -1.5419  1.9586
 -1.9874 -1.568  -0.0192  3.5806 -0.2704  2.251   1.2372 -0.6146  5.0778
  0.055   0.364  -0.005   0.0011  0.0027 -0.0891  0.0214 -0.0092  0.0019
  0.007  -0.0064 -0.0835 -0.     -0.0007 -0.0009  0.1482  0.3311  0.0237
  0.0689  0.2875 -0.0421 -0.0029 -0.0082 -0.0224 -0.015   0.0006 -0.0045
  0.001  -0.0204  0.0145  0.1164  0.0125  0.0107  0.0068 -0.006  -0.0197
 -0.4448 -0.0514 -0.0554 -0.4379 -0.0573 -0.0751]
[ 0.      0.      1.      0.      0.      0.      0.      0.      0.
  1.      0.      0.      0.      0.      0.3776  1.      0.4898  1.
 -0.5329 -1.5813  1.9961 -2.0711 -1.5329 -0.0012  3.9116 -1.5458  1.9512
 -1.9782 -1.5678 -0.0193  2.1304 -0.003   2.4688 -0.0053  0.5075  5.0671
  0.0546  0.3641 -0.0051  0.001   0.0026 -0.0933  0.0214 -0.0094  0.0018
  0.0068 -0.0067 -0.0878  0.0005 -0.0008 -0.001   0.0991  0.1823  0.0129
 -0.0247  0.1639 -0.0467  0.0005  0.0006 -0.0149 -0.0166  0.0045  0.0003
 -0.0005 -0.0017 -0.0249 -0.0288 -0.0045 -0.0003  0.      0.      0.
 -0.4379 -0.0573 -0.0751 -0.4379 -0.0573 -0.0751]
[ 0.      0.      1.      0.      0.      0.      0.      0.      0.
  1.      0.      0.      0.      0.      0.3776  1.      0.4898  1.
 -0.533  -1.5924  1.9791 -2.0459 -1.5325 -0.0012  3.9117 -1.5533  1.9413
 -1.9625 -1.5682 -0.0192  1.0323  0.4978  2.2835 -0.078   0.5897  4.6025
  0.055   0.3638 -0.0013  0.0011  0.0027 -0.1037  0.0221 -0.0095  0.0019
  0.0068 -0.0064 -0.0944  0.0009 -0.0006 -0.001   0.0566  0.0748 -0.0033
 -0.0519  0.1356 -0.0454  0.0002 -0.001  -0.0122 -0.0018  0.0016 -0.0013
  0.     -0.0015 -0.0341 -0.0543  0.0013 -0.0049  0.      0.      0.
 -0.4379 -0.0573 -0.0751 -0.4379 -0.0573 -0.0751]
[ 0.      0.      1.      0.      0.      0.      0.      0.      0.
  1.      0.      0.      0.      0.      0.3878  1.      0.4898  1.
 -0.533  -1.5953  1.9726 -2.035  -1.5327 -0.0011  3.9116 -1.5579  1.9306
 -1.9461 -1.5685 -0.0193  0.5509  0.4869  2.6596 -0.2035  0.4366  4.7646
  0.0549  0.3639 -0.003   0.0011  0.0028 -0.1066  0.0218 -0.0094  0.0019
  0.0068 -0.0065 -0.099   0.0007 -0.0006 -0.001   0.0288  0.0122  0.0072
 -0.0838  0.1003 -0.0515  0.0001 -0.0018 -0.02   -0.0133  0.0009  0.0002
  0.0002 -0.0041 -0.0291  0.0063  0.0043 -0.0005  0.      0.      0.
 -0.4379 -0.0573 -0.0751 -0.4379 -0.0573 -0.0751]
[ 0.      0.      1.      0.      0.      0.      0.      0.      0.
  1.      0.      0.      0.      0.      0.3776  1.      0.4796  1.
 -0.5329 -1.6004  1.9633 -2.0208 -1.5326 -0.0012  3.9119 -1.5626  1.9201
 -1.9333 -1.5686 -0.0193  0.4988  0.5538  2.6095 -0.3935  0.357   4.6143
  0.0547  0.3641 -0.0042  0.0011  0.0028 -0.1121  0.0218 -0.0095  0.0019
  0.0068 -0.0069 -0.1057  0.0013 -0.0006 -0.0011  0.0223 -0.0039  0.0127
 -0.0933  0.0783 -0.0362 -0.0001  0.0005 -0.0692 -0.0005 -0.0054 -0.0004
 -0.0007  0.0015 -0.0257 -0.0045  0.0005 -0.0017  0.      0.      0.
 -0.4379 -0.0573 -0.0751 -0.4379 -0.0573 -0.0751]
[ 0.      0.      1.      0.      0.      0.      0.      0.      0.
  1.      0.      0.      0.      0.      0.3776  1.      0.4796  1.
 -0.533  -1.6035  1.9562 -2.0112 -1.5324 -0.0012  3.9119 -1.5659  1.9118
 -1.9193 -1.5687 -0.0193  0.4581  0.9261  2.9054 -0.2997  0.697   4.4921
  0.0546  0.3641 -0.0044  0.0011  0.0027 -0.1159  0.022  -0.0096  0.0019
  0.0068 -0.0068 -0.1098  0.0007 -0.0005 -0.0011  0.0041 -0.0175  0.0232
 -0.1054  0.0835 -0.0381  0.0009 -0.002  -0.0591 -0.0066  0.0041  0.0012
  0.0001 -0.0003 -0.0425 -0.0118  0.0016 -0.0003  0.      0.      0.
 -0.4379 -0.0573 -0.0751 -0.4379 -0.0573 -0.0751]
[ 0.      0.      1.      0.      0.      0.      0.      0.      0.
  1.      0.      0.      0.      0.      0.3776  1.      0.4796  1.
 -0.533  -1.6062  1.9512 -2.0006 -1.5324 -0.0011  3.9119 -1.568   1.9081
 -1.9145 -1.5689 -0.0193  0.4139  0.8499  2.6117 -0.1196  0.6659  4.2871
  0.055   0.3639 -0.0041  0.0011  0.0031 -0.1184  0.0213 -0.0096  0.002
  0.0068 -0.0068 -0.112   0.0009 -0.0005 -0.0011  0.0071 -0.0074  0.0184
 -0.0945  0.0946 -0.0488 -0.0001  0.0008  0.0079  0.0094 -0.      0.0019
 -0.     -0.0011 -0.0403  0.0271  0.0047 -0.001   0.      0.      0.
 -0.4379 -0.0573 -0.0751 -0.4379 -0.0573 -0.0751]
[ 0.      0.      1.      0.      0.      0.      0.      0.      0.
  1.      0.      0.      0.      0.      0.3776  1.      0.4898  1.
 -0.533  -1.6127  1.935  -1.9794 -1.5323 -0.0011  3.9121 -1.5759  1.8881
 -1.8866 -1.5692 -0.0192  0.3346  0.9445  3.102   0.1212  0.5623  4.2487
  0.0546  0.3642 -0.0061  0.0012  0.0027 -0.1268  0.0216 -0.0096  0.002
  0.0067 -0.0069 -0.1224  0.0009 -0.0004 -0.0011  0.0003 -0.0217  0.0206
 -0.0874  0.1103 -0.0417  0.0001 -0.0003 -0.0156 -0.0246 -0.0014  0.0021
 -0.002  -0.0044 -0.0462  0.0306 -0.0038 -0.0031  0.      0.      0.
 -0.4379 -0.0573 -0.0751 -0.4379 -0.0573 -0.0751]
[ 0.158  -0.04    0.4387  0.057  -0.0144  0.      0.      0.      0.
  1.      0.0089  0.1243  0.      0.      0.3776  1.      0.4796  1.
 -0.533  -1.6133  1.9339 -1.978  -1.5319 -0.0011  3.9122 -1.5783  1.8808
 -1.8761 -1.5689 -0.0193  0.1851  0.9389  3.3073 -0.1141  0.571   4.2284
  0.0544  0.3642 -0.0094  0.0011  0.0026 -0.1271  0.0219 -0.0097  0.002
  0.0066 -0.007  -0.1259  0.0007 -0.0005 -0.0011 -0.0098 -0.059   0.019
 -0.0868  0.092  -0.0486  0.0008  0.0034 -0.0124 -0.0454 -0.0022 -0.0002
  0.0009 -0.0009 -0.009   0.0084  0.0093 -0.0002  0.      0.      0.
 -0.4379 -0.0573 -0.0751 -0.4379 -0.0573 -0.0751]
[ 0.0179 -0.0045 -0.1059  0.      0.      0.      0.      0.0169  0.0668
  0.     -0.1468  0.4134  0.      0.      0.3878  1.      0.4796  1.
 -0.5333 -1.6167  1.9335 -1.9752 -1.5338 -0.0014  3.9117 -1.5797  1.8755
 -1.8679 -1.567  -0.0198  0.4848  0.1554  2.7113 -0.073   1.0666  4.2224
  0.0554  0.3641 -0.0098  0.0015  0.0036 -0.129   0.022  -0.0092  0.002
  0.0067 -0.0071 -0.1282  0.0003 -0.001  -0.0012  0.0222 -0.0412  0.0555
 -0.1021  0.1001 -0.0419  0.0019  0.0076 -0.008   0.0079  0.012   0.003
 -0.0011  0.0009 -0.0068 -0.0128 -0.0249  0.0009  0.      0.      0.
 -0.4379 -0.0573 -0.0751 -0.4379 -0.0573 -0.0751]
[ 0.      0.     -0.7345  0.      0.      0.      0.      0.0136  0.0538
 -0.442   0.0743  0.4372  0.      0.      0.3776  1.      0.4898  1.
 -0.5336 -1.6178  1.935  -1.9766 -1.5353 -0.0012  3.911  -1.5772  1.871
 -1.8573 -1.5635 -0.0203  1.5835 -0.2777  2.7132  0.9195 -0.5531  4.0963
  0.0557  0.3643 -0.0101  0.0017  0.004  -0.1289  0.0222 -0.0088  0.0021
  0.0067 -0.0074 -0.1284 -0.0014 -0.0017 -0.0011  0.0669  0.0619  0.067
 -0.0157  0.1802 -0.0177 -0.0017 -0.0083  0.0142  0.0434 -0.0101  0.0013
 -0.0007 -0.0094  0.0091 -0.054  -0.0303  0.0034  0.      0.      0.
 -0.4379 -0.0573 -0.0751 -0.4379 -0.0573 -0.0751]
[ 0.      0.     -0.2706  0.      0.      0.      0.      0.0161  0.0635
  0.     -0.0704  0.2901  0.      0.      0.3776  1.      0.5204  1.
 -0.5333 -1.6128  1.9429 -1.9906 -1.5366 -0.0011  3.9095 -1.5737  1.8741
 -1.8586 -1.5557 -0.022   4.0571 -1.9047  2.4944  3.143  -3.0409  3.9725
  0.0547  0.365  -0.012   0.0017  0.0034 -0.1243  0.0225 -0.0085  0.0021
  0.0066 -0.008  -0.1258 -0.0026 -0.0035 -0.0011  0.1935  0.3332  0.031
  0.1976  0.4285 -0.0062 -0.0012 -0.0018  0.013   0.0216  0.0048 -0.0035
 -0.0002 -0.0023  0.0251 -0.0347 -0.0484 -0.0067  0.      0.      0.
 -0.4379 -0.0573 -0.0751 -0.4379 -0.0573 -0.0751]
[ 0.      0.     -0.0118  0.      0.      0.      0.      0.0103  0.0407
  0.0992 -0.1352  0.0343  0.      0.      0.3878  1.      0.5102  1.
 -0.5332 -1.6106  1.9482 -1.9961 -1.5391 -0.0009  3.9094 -1.5726  1.8683
 -1.8484 -1.5559 -0.0216  4.8504 -2.1118  2.5862  3.7633 -3.514   4.0705
  0.0547  0.3654 -0.0157  0.0019  0.0036 -0.1212  0.022  -0.0079  0.0021
  0.0067 -0.0085 -0.1264 -0.0045 -0.0039 -0.001   0.2429  0.4504  0.0155
  0.2259  0.4854 -0.0273 -0.0002 -0.0028 -0.0558 -0.0059 -0.0078  0.0006
 -0.0023  0.002  -0.0041 -0.0388  0.0034 -0.0076  0.      0.      0.
 -0.4379 -0.0573 -0.0751 -0.4379 -0.0573 -0.0751]
[ 0.      0.      0.      0.      0.      0.      0.      0.      0.
  0.      0.      0.      0.      0.      0.3776  1.      0.5     1.
 -0.5331 -1.6108  1.9449 -1.9918 -1.5388 -0.0008  3.9115 -1.5719  1.8653
 -1.8417 -1.5622 -0.0212  4.9144 -2.6967  2.0775  4.4114 -4.0726  4.1431
  0.0543  0.3651 -0.0149  0.0018  0.0034 -0.1225  0.0217 -0.008   0.0021
  0.0063 -0.0083 -0.1268 -0.0056 -0.0023 -0.0014  0.2801  0.4592 -0.0016
  0.2876  0.5689 -0.0276 -0.0005 -0.0018  0.01    0.001   0.0067  0.0002
 -0.0002 -0.0019 -0.0011 -0.0077 -0.0105 -0.0128  0.      0.      0.
 -0.4379 -0.0573 -0.0751 -0.4379 -0.0573 -0.0751]
[ 0.      0.      0.      0.      0.      0.      0.      0.      0.
  0.     -0.0277  0.007   0.      0.      0.3878  1.      0.5     1.
 -0.5329 -1.6116  1.9436 -1.9876 -1.5393 -0.001   3.911  -1.5718  1.8676
 -1.848  -1.5629 -0.0203  4.2517 -2.417   1.8949  3.4974 -3.8515  4.3677
  0.0546  0.3653 -0.0137  0.0018  0.0037 -0.1231  0.0212 -0.0078  0.0021
  0.0066 -0.0085 -0.1263 -0.0046 -0.0021 -0.0011  0.2517  0.3936 -0.0033
  0.2624  0.5201 -0.04    0.      0.0003 -0.0046  0.0047 -0.0083 -0.0007
  0.0022  0.0024  0.0099  0.031  -0.0094  0.0085  0.      0.      0.
 -0.4379 -0.0573 -0.0751 -0.4379 -0.0573 -0.0751]
[ 0.      0.      0.      0.      0.      0.      0.      0.      0.
  0.      0.      0.      0.      0.      0.3776  1.      0.4898  1.
 -0.5331 -1.6117  1.9421 -1.9836 -1.5402 -0.0008  3.911  -1.5718  1.8669
 -1.846  -1.5627 -0.0205  4.0116 -2.3682  1.8334  3.5334 -3.5247  4.4473
  0.0547  0.3655 -0.0133  0.002   0.0037 -0.1235  0.0207 -0.0076  0.0022
  0.0066 -0.0085 -0.1261 -0.0046 -0.0022 -0.0011  0.2403  0.3598 -0.0074
  0.2514  0.5147 -0.0357  0.0031  0.0019 -0.0129 -0.0716  0.0124  0.0071
 -0.0001  0.0004 -0.0023 -0.0228 -0.0055 -0.0008  0.      0.      0.
 -0.4379 -0.0573 -0.0751 -0.4379 -0.0573 -0.0751]
[ 0.      0.      0.      0.      0.      0.      0.      0.      0.
 -0.9664  0.2785 -0.0709  0.      0.      0.3878  1.      0.4898  1.
 -0.532  -1.6119  1.9451 -1.9902 -1.5376 -0.001   3.9083 -1.5714  1.8836
 -1.8742 -1.5586 -0.0204  3.3977 -2.0983  1.9529  2.7257 -2.7952  4.1672
  0.0554  0.3649 -0.0089  0.0012  0.0039 -0.1228  0.0216 -0.0083  0.0018
  0.0075 -0.0081 -0.1211 -0.0022 -0.0031 -0.0004  0.2051  0.2941  0.0091
  0.2051  0.4392 -0.0618  0.0006  0.0047  0.0041 -0.0432  0.0059  0.0029
 -0.0109 -0.0079 -0.073  -0.1362  0.0958 -0.045   0.      0.      0.
 -0.4379 -0.0573 -0.0751 -0.4379 -0.0573 -0.0751]
[ 0.      0.      0.      0.      0.      0.      0.      0.      0.
  0.      0.      0.      0.      0.      0.3878  1.      0.5     1.
 -0.5325 -1.6119  1.9441 -1.9873 -1.5394 -0.0009  3.9091 -1.5649  1.894
 -1.8904 -1.5574 -0.0221  3.0004 -1.5477  2.3335  2.5543 -1.475   3.9953
  0.0548  0.3653 -0.0022  0.0016  0.0039 -0.123   0.0211 -0.0078  0.002
  0.0069 -0.0086 -0.1146 -0.0018 -0.0036 -0.0011  0.1803  0.2782  0.01
  0.1297  0.4152 -0.0516  0.0022 -0.0027 -0.0051  0.01    0.0092  0.003
  0.0046  0.0011  0.0132 -0.1028  0.0442 -0.0029  0.      0.      0.
 -0.4379 -0.0573 -0.0751 -0.4379 -0.0573 -0.0751]
[ 0.      0.      0.      0.      0.      0.      0.      0.      0.
  0.      0.      0.      0.      0.      0.3776  1.      0.4796  1.
 -0.5323 -1.6116  1.9459 -1.988  -1.5355 -0.0011  3.9087 -1.5714  1.8978
 -1.9163 -1.5483 -0.0212  1.9071 -0.6494  2.4764  1.214  -0.6516  4.6821
  0.054   0.3646 -0.0071  0.0011  0.0042 -0.1221  0.0208 -0.0088  0.0018
  0.0063 -0.0091 -0.1186  0.0049 -0.0056 -0.0008  0.108   0.1602  0.0073
  0.0239  0.2694 -0.0671  0.0029 -0.002  -0.0037  0.0086  0.0306 -0.0016
 -0.0012 -0.0057  0.0115  0.0327 -0.0105 -0.0005  0.      0.      0.
 -0.4379 -0.0573 -0.0751 -0.4379 -0.0573 -0.0751]
[ 0.      0.      0.      0.      0.      0.      0.      0.      0.
  0.      0.      0.      0.      0.      0.3776  1.      0.4796  1.
 -0.5327 -1.6117  1.9449 -1.9865 -1.5367 -0.0011  3.9095 -1.5659  1.8966
 -1.9083 -1.5502 -0.0214  1.0686 -0.2656  2.6251  1.3621 -0.8102  4.4167
  0.0535  0.3652 -0.0037  0.0014  0.004  -0.1226  0.0211 -0.0082  0.0019
  0.0061 -0.0096 -0.1158  0.0018 -0.0052 -0.001   0.0639  0.0586  0.0183
 -0.0001  0.2536 -0.0657  0.0012  0.     -0.0006  0.0041  0.0127 -0.0082
 -0.0005  0.005  -0.0162 -0.094  -0.0038  0.0001  0.      0.      0.
 -0.4379 -0.0573 -0.0751 -0.4379 -0.0573 -0.0751]
[ 0.      0.      0.      0.      0.      0.      0.      0.      0.
  0.      0.      0.      0.      0.      0.3776  1.      0.5102  1.
 -0.531  -1.6111  1.9466 -1.9912 -1.5378 -0.0011  3.9093 -1.5698  1.8992
 -1.9207 -1.5425 -0.0196  2.6577 -1.1935  2.5917  2.1346 -1.1062  4.3249
  0.0529  0.364  -0.0065  0.0008  0.0041 -0.1218  0.0212 -0.0082  0.0016
  0.0054 -0.0095 -0.1177  0.0053 -0.007  -0.0006  0.1323  0.2224  0.0353
  0.0518  0.3522 -0.0929  0.0092  0.0027  0.0039 -0.0386  0.0075  0.0191
  0.0199  0.0162  0.0055 -0.225   0.2007 -0.0561  0.      0.      0.
 -0.4379 -0.0573 -0.0751 -0.4379 -0.0573 -0.0751]
[ 0.      0.      0.      0.      0.      0.      0.      0.      0.
  0.      0.      0.      0.      0.      0.3776  1.      0.4898  1.
 -0.5316 -1.6115  1.9459 -1.9903 -1.5388 -0.001   3.9082 -1.5672  1.8986
 -1.8888 -1.5646 -0.0253  2.5486 -1.1715  2.6865  2.0279 -0.8503  4.4523
  0.0566  0.3645 -0.0019  0.0012  0.0041 -0.1222  0.0213 -0.008   0.0017
  0.0081 -0.007  -0.1135 -0.0033 -0.0017 -0.0016  0.123   0.2303  0.0143
  0.0161  0.3579 -0.0719  0.0012 -0.0021 -0.0043  0.0195  0.0133  0.0094
  0.0147  0.0107  0.0055 -0.1393  0.1303 -0.0383  0.      0.      0.
 -0.4379 -0.0573 -0.0751 -0.4379 -0.0573 -0.0751]
[ 0.      0.      0.      0.      0.      0.      0.      0.      0.
  0.      0.      0.      0.      0.      0.3776  1.      0.4796  1.
 -0.5316 -1.6111  1.947  -1.9914 -1.5387 -0.0015  3.9091 -1.5683  1.8995
 -1.9045 -1.5572 -0.0241  2.1303 -0.6517  2.6378  1.5703 -1.493   4.4139
  0.0552  0.3645 -0.0041  0.0011  0.0041 -0.1216  0.0212 -0.008   0.0016
  0.007  -0.0081 -0.1152  0.0007 -0.0034 -0.0016  0.1217  0.1912  0.0352
  0.0345  0.315  -0.0751  0.0022 -0.0046 -0.0043  0.0376  0.0234  0.0296
  0.0141  0.022   0.0121 -0.1606  0.1387 -0.05    0.      0.      0.
 -0.4379 -0.0573 -0.0751 -0.4379 -0.0573 -0.0751]
[ 0.      0.      0.      0.      0.      0.      0.      0.      0.
  0.      0.      0.      0.      0.      0.3878  1.      0.5204  1.
 -0.5315 -1.6112  1.9464 -1.991  -1.5394 -0.0009  3.9093 -1.5669  1.8996
 -1.9044 -1.5568 -0.0235  1.6993 -0.0176  2.6362  1.3953 -1.0722  3.8188
  0.0526  0.3649 -0.0056  0.0012  0.0041 -0.1219  0.0213 -0.0078  0.0017
  0.0055 -0.0102 -0.1169  0.004  -0.0065 -0.      0.0683  0.148   0.0128
  0.0185  0.2854 -0.0927 -0.0005  0.0011  0.0013 -0.0135 -0.0085  0.0001
 -0.0327 -0.0416 -0.0459  0.3518 -0.2983  0.1398  0.      0.      0.
 -0.4379 -0.0573 -0.0751 -0.4379 -0.0573 -0.0751]
[ 0.      0.      0.      0.      0.      0.      0.      0.      0.
  0.      0.      0.      0.      0.      0.3878  1.      0.5612  1.
 -0.5316 -1.6111  1.9475 -1.9936 -1.5393 -0.0013  3.9088 -1.5677  1.9014
 -1.8816 -1.5797 -0.0326  0.8225 -0.1419  2.5015  1.0053  0.9812  4.8456
  0.0586  0.3643 -0.0006  0.0012  0.0041 -0.1216  0.0216 -0.0079  0.0016
  0.0093 -0.0055 -0.1117 -0.0058  0.002  -0.0037  0.0786  0.0405  0.0325
 -0.0957  0.2348 -0.023  -0.0026  0.0014  0.0026 -0.034  -0.0259 -0.0018
  0.0119  0.0113  0.0096 -0.1255  0.1118 -0.0653  0.      0.      0.
 -0.4379 -0.0573 -0.0751 -0.4379 -0.0573 -0.0751]
[ 0.      0.      0.      0.      0.      0.      0.      0.      0.
  0.      0.      0.      0.      0.      0.3878  1.      0.5714  1.
 -0.5317 -1.6111  1.9471 -1.9918 -1.5383 -0.0012  3.9095 -1.5665  1.8989
 -1.8994 -1.5611 -0.024   0.7858  0.2062  2.837   0.6028  0.7412  4.6559
  0.0553  0.3645 -0.003   0.0011  0.0041 -0.1217  0.0213 -0.0081  0.0017
  0.0072 -0.008  -0.1141 -0.0009 -0.0025 -0.0016  0.0473  0.006   0.015
 -0.0972  0.1835 -0.0505 -0.0008  0.0013  0.0014 -0.013  -0.0047 -0.0023
 -0.0145 -0.0182 -0.019   0.1057 -0.0924  0.0439  0.      0.      0.
 -0.4379 -0.0573 -0.0751 -0.4379 -0.0573 -0.0751]
[ 0.      0.      0.      0.      0.      0.      0.      0.      0.
  0.      0.      0.      0.      0.      0.3776  1.      0.5306  1.
 -0.5316 -1.6111  1.947  -1.9929 -1.5397 -0.0013  3.9094 -1.5671  1.9003
 -1.9026 -1.5592 -0.0238  0.7895 -0.0901  2.8736  0.1984  0.5593  4.5864
  0.0552  0.3645 -0.0028  0.0012  0.004  -0.1218  0.0216 -0.0077  0.0016
  0.007  -0.0079 -0.114  -0.0003 -0.0029 -0.0016  0.0414  0.0047  0.0178
 -0.0898  0.1385 -0.0674  0.0003 -0.0013 -0.0021  0.0161  0.0133 -0.0013
  0.0132  0.0177  0.0205 -0.1542  0.1091 -0.0426  0.      0.      0.
 -0.4379 -0.0573 -0.0751 -0.4379 -0.0573 -0.0751]
[ 0.      0.      0.      0.      0.      0.      0.      0.      0.
  0.      0.      0.      0.      0.      0.3776  1.      0.551   1.
 -0.5318 -1.611   1.9478 -1.9935 -1.5391 -0.0012  3.9067 -1.5691  1.9062
 -1.9169 -1.5531 -0.0218  1.0019 -0.6643  2.8624 -0.1835  0.4982  4.5195
  0.0558  0.365  -0.0028  0.0013  0.0041 -0.1214  0.0215 -0.0079  0.0017
  0.0077 -0.0079 -0.1137  0.0024 -0.0044 -0.0004  0.067   0.0255  0.0171
 -0.1044  0.1285 -0.0882 -0.0002  0.0009  0.002  -0.0039  0.0019  0.0043
 -0.0264 -0.049  -0.0743  0.3571 -0.2638  0.1586  0.      0.      0.
 -0.4379 -0.0573 -0.0751 -0.4379 -0.0573 -0.0751]
[ 0.      0.      0.      0.      0.      0.      0.      0.      0.
  0.      0.      0.      0.      0.      0.3776  1.      0.5306  1.
 -0.5318 -1.6108  1.9475 -1.9923 -1.5371 -0.001   3.908  -1.5679  1.9038
 -1.8977 -1.5663 -0.0283  0.9142 -0.3001  2.864   0.046   0.382   4.3628
  0.057   0.3644 -0.0017  0.0011  0.0041 -0.1214  0.0212 -0.0084  0.0018
  0.0083 -0.0067 -0.1125 -0.002  -0.0014 -0.0023  0.0559  0.0106  0.0283
 -0.1107  0.1222 -0.0799  0.0037 -0.0022 -0.004   0.0172  0.0294 -0.0028
  0.0241  0.0443  0.0614 -0.4675  0.3479 -0.2031  0.      0.      0.
 -0.4379 -0.0573 -0.0751 -0.4379 -0.0573 -0.0751]
[ 0.      0.      0.      0.      0.      0.      0.      0.      0.
  0.      0.      0.      0.      0.      0.3776  1.      0.551   1.
 -0.5316 -1.6111  1.9475 -1.9912 -1.5363 -0.0004  3.9058 -1.5709  1.9051
 -1.9672 -1.5097  0.0009 -0.4503  1.1794  2.7543 -1.5054  0.053   3.586
  0.0495  0.3654 -0.0096  0.0009  0.0043 -0.1214  0.021  -0.0086  0.0018
  0.0039 -0.013  -0.1204  0.016  -0.0153  0.0052 -0.0425 -0.1252 -0.008
 -0.1473 -0.0297 -0.107  -0.0054  0.003   0.0028 -0.023  -0.0533 -0.0152
  0.0084  0.0083  0.004  -0.157   0.0885 -0.0828  0.      0.      0.
 -0.4379 -0.0573 -0.0751 -0.4379 -0.0573 -0.0751]
[ 0.      0.      0.      0.      0.      0.      0.      0.      0.
  0.      0.      0.      0.      0.      0.3776  1.      0.5714  1.
 -0.5319 -1.611   1.9477 -1.9906 -1.5344 -0.0007  3.9073 -1.5688  1.9019
 -1.9323 -1.5364 -0.0115 -0.5878  1.2715  2.8073 -1.2118  0.7334  3.8062
  0.0526  0.365  -0.0067  0.0008  0.0043 -0.1212  0.0208 -0.0091  0.0018
  0.0058 -0.0105 -0.1173  0.0073 -0.0085  0.0019 -0.073  -0.1452  0.0025
 -0.1854 -0.0127 -0.0972 -0.0039  0.001   0.0044 -0.0186 -0.0374 -0.0039
  0.009   0.0153  0.0219 -0.0819  0.1105 -0.043   0.      0.      0.
 -0.4379 -0.0573 -0.0751 -0.4379 -0.0573 -0.0751]
[ 0.      0.      0.      0.      0.      0.      0.      0.      0.
  0.      0.      0.      0.      0.      0.3776  1.      0.5918  1.
 -0.5316 -1.6108  1.9476 -1.991  -1.5301  0.0005  3.9045 -1.5717  1.9055
 -1.9454 -1.5239 -0.0097 -0.0788  0.7041  2.704  -0.8816  0.4828  3.7159
  0.0522  0.3647 -0.0076  0.0003  0.0043 -0.1212  0.0209 -0.0102  0.002
  0.0059 -0.0107 -0.1182  0.0104 -0.0116  0.003  -0.0502 -0.0851 -0.0143
 -0.172   0.0166 -0.0986 -0.0091  0.0004  0.0015 -0.0048 -0.0577  0.0001
  0.0537  0.0424  0.0155 -0.7681  0.6271 -0.3149  0.      0.      0.
 -0.4379 -0.0573 -0.0751 -0.4379 -0.0573 -0.0751]
[ 0.      0.      0.      0.      0.      0.      0.      0.      0.
  0.      0.      0.      0.      0.      0.3878  1.      0.5408  1.
 -0.5321 -1.6109  1.9477 -1.9909 -1.5344 -0.0005  3.9088 -1.5682  1.9004
 -1.9351 -1.5392  0.0065 -0.1206  0.0569  2.8614  0.1817  1.6183  3.9494
  0.0521  0.3652 -0.0073  0.0011  0.0043 -0.1212  0.0208 -0.0087  0.0019
  0.0054 -0.011  -0.1179  0.0081 -0.0079  0.0061  0.0004 -0.0911  0.0067
 -0.2328  0.1224 -0.1155 -0.0067 -0.0004 -0.001   0.008  -0.071   0.0071
  0.0239  0.0315  0.0165 -0.114   0.0784 -0.0639  0.      0.      0.
 -0.4379 -0.0573 -0.0751 -0.4379 -0.0573 -0.0751]
[ 0.      0.      0.      0.      0.      0.      0.      0.      0.
  0.      0.      0.      0.      0.      0.3878  1.      0.551   1.
 -0.5308 -1.6107  1.9483 -1.9926 -1.5305  0.0014  3.906  -1.5678  1.8932
 -1.8874 -1.5637 -0.0417  0.711  -0.0218  2.7803  1.2409  0.3176  4.2973
  0.0563  0.3648 -0.0056 -0.0001  0.0043 -0.121   0.0211 -0.01    0.002
  0.0092 -0.0081 -0.116  -0.0026 -0.0017 -0.0054  0.0115  0.0266  0.0293
 -0.0476  0.2199 -0.14   -0.0049 -0.0012  0.0015 -0.0087 -0.0705  0.0134
 -0.0056 -0.009  -0.01    0.1635 -0.0766  0.0842  0.      0.      0.
 -0.4379 -0.0573 -0.0751 -0.4379 -0.0573 -0.0751]
[ 0.      0.      0.      0.      0.      0.      0.      0.      0.
  0.      0.      0.      0.      0.      0.3878  1.      0.5714  1.
 -0.5315 -1.6106  1.9481 -1.9922 -1.5274  0.0021  3.9066 -1.5687  1.8993
 -1.9048 -1.5562 -0.0244  2.0032 -0.4921  2.9232  1.6802  0.0705  4.2008
  0.0542  0.3651 -0.007  -0.      0.0042 -0.121   0.021  -0.0109  0.0024
  0.0079 -0.0097 -0.1174 -0.001  -0.0025 -0.0049  0.072   0.1676  0.0343
 -0.0222  0.2715 -0.1531 -0.005  -0.0002  0.0001  0.0036 -0.055   0.0122
  0.008   0.0287  0.0321  0.1511 -0.0804  0.3025  0.      0.      0.
 -0.4379 -0.0573 -0.0751 -0.4379 -0.0573 -0.0751]
[ 0.      0.      0.      0.      0.      0.      0.      0.      0.
  0.      0.      0.      0.      0.      0.3878  1.      0.551   1.
 -0.5309 -1.6108  1.9487 -1.9928 -1.5356 -0.001   3.908  -1.5634  1.8791
 -1.8788 -1.56   -0.0466  1.1448  0.4087  2.9718  1.0789 -0.0055  3.9148
  0.053   0.3662 -0.0095 -0.      0.0042 -0.1209  0.0212 -0.0106  0.0025
  0.0078 -0.0112 -0.1199 -0.0018 -0.0028 -0.0068 -0.0098  0.0353  0.0346
 -0.0337  0.2154 -0.0774  0.0096 -0.0028 -0.004   0.0416  0.1188 -0.0098
  0.0092 -0.0011 -0.0176 -0.0359 -0.004  -0.0776  0.      0.      0.
 -0.4379 -0.0573 -0.0751 -0.4379 -0.0573 -0.0751]
[ 0.      0.      0.      0.      0.      0.      0.      0.      0.
  0.      0.      0.      0.      0.      0.3776  1.      0.5306  1.
 -0.5313 -1.6105  1.9485 -1.9963 -1.5287  0.0041  3.909  -1.5645  1.8952
 -1.8988 -1.5654 -0.0309  1.8992 -0.2773  3.0276  1.705  -1.4447  4.5988
  0.0542  0.365  -0.0042 -0.      0.004  -0.1212  0.0219 -0.0106  0.0028
  0.0078 -0.0092 -0.1148 -0.0006 -0.0014 -0.0033  0.0646  0.1569  0.0189
  0.0425  0.281  -0.0742 -0.0005  0.0034  0.0051 -0.0395 -0.0025 -0.0209
 -0.009  -0.0195 -0.0528 -0.0192 -0.0516 -0.0968  0.      0.      0.
 -0.4379 -0.0573 -0.0751 -0.4379 -0.0573 -0.0751]
[ 0.      0.      0.      0.      0.      0.      0.      0.      0.
  0.      0.      0.      0.      0.      0.3776  1.      0.5306  1.
 -0.5312 -1.6103  1.9487 -1.9961 -1.5297  0.0039  3.9084 -1.5648  1.8939
 -1.8969 -1.5663 -0.0336  1.5699 -0.5134  2.7505  1.6889 -1.2784  5.0682
  0.0545  0.3654 -0.005   0.      0.004  -0.121   0.0217 -0.0103  0.0027
  0.0082 -0.0094 -0.1154 -0.0007 -0.0012 -0.0038  0.0571  0.1286  0.0228
  0.0569  0.2742 -0.0623 -0.0058  0.0054  0.0074 -0.0524 -0.0572 -0.0173
 -0.0132 -0.0095 -0.0184  0.0686  0.0155  0.0422  0.      0.      0.
 -0.4379 -0.0573 -0.0751 -0.4379 -0.0573 -0.0751]
[ 0.      0.      0.      0.      0.      0.      0.      0.      0.
  0.      0.      0.      0.      0.      0.3776  1.      0.5     1.
 -0.5313 -1.6105  1.9487 -1.9961 -1.5285  0.0039  3.9083 -1.5645  1.8896
 -1.8911 -1.5642 -0.0358  0.6536  0.0821  2.8991  0.7174 -0.2036  4.9784
  0.054   0.3655 -0.0062 -0.      0.004  -0.1211  0.0218 -0.0106  0.0028
  0.0081 -0.0098 -0.1167 -0.0012 -0.0017 -0.0043  0.0215  0.0277  0.0253
 -0.0469  0.1584 -0.0564  0.0016  0.0002 -0.0011  0.0083  0.0107  0.0002
 -0.0123 -0.0197 -0.0494  0.0847  0.0103  0.0581  0.      0.      0.
 -0.4379 -0.0573 -0.0751 -0.4379 -0.0573 -0.0751]
[ 0.      0.      0.      0.      0.      0.      0.      0.      0.
  0.      0.      0.      0.      0.      0.3776  1.      0.5102  1.
 -0.5312 -1.6104  1.9491 -1.9969 -1.5296  0.0041  3.907  -1.5646  1.896
 -1.8957 -1.5661 -0.0391  0.8839 -0.4847  2.7238  0.8151 -0.4979  4.8823
  0.0552  0.3655 -0.0038  0.      0.004  -0.121   0.0219 -0.0103  0.0028
  0.0089 -0.009  -0.1142 -0.0016 -0.0013 -0.0048  0.0493  0.0673  0.0121
 -0.0233  0.1665 -0.0363 -0.0035  0.0021  0.0032 -0.0188 -0.0269 -0.0084
 -0.0216 -0.0265 -0.0741  0.0971 -0.0055  0.117   0.      0.      0.
 -0.4379 -0.0573 -0.0751 -0.4379 -0.0573 -0.0751]
[ 0.      0.      0.      0.      0.      0.      0.      0.      0.
  0.      0.      0.      0.      0.      0.3878  1.      0.4898  1.
 -0.5313 -1.6102  1.949  -1.9978 -1.5308  0.0041  3.907  -1.5644  1.8985
 -1.8936 -1.5664 -0.0428  0.5543 -0.607   2.8832  1.0717  0.4244  5.2064
  0.0557  0.3652 -0.0023  0.0002  0.0039 -0.1209  0.0219 -0.0102  0.0028
  0.0089 -0.0082 -0.1127 -0.0028 -0.0012 -0.0057  0.0402  0.0254  0.0214
 -0.07    0.1725 -0.0294  0.003  -0.0018 -0.0009  0.0164  0.0292  0.0063
  0.005  -0.0006  0.009  -0.0195  0.0255 -0.0077  0.      0.      0.
 -0.4379 -0.0573 -0.0751 -0.4379 -0.0573 -0.0751]
[ 0.      0.      0.      0.      0.      0.      0.      0.      0.
  0.      0.      0.      0.      0.      0.3776  1.      0.5306  1.
 -0.531  -1.6103  1.9502 -2.001  -1.5347  0.0042  3.9032 -1.5637  1.921
 -1.891  -1.5799 -0.0832  0.8556 -0.5243  3.0938  1.4545 -0.8614  4.6954
  0.0615  0.364   0.0086  0.0005  0.0039 -0.1208  0.0226 -0.0091  0.0028
  0.0119 -0.0032 -0.1017 -0.0094  0.0018 -0.0149  0.0891  0.0937  0.0169
  0.0085  0.2032 -0.024   0.0062 -0.0002 -0.001   0.0155  0.0401  0.0065
 -0.0125 -0.0026 -0.0443 -0.1615  0.0601 -0.2611  0.      0.      0.
 -0.4379 -0.0573 -0.0751 -0.4379 -0.0573 -0.0751]
[ 0.      0.      0.      0.      0.      0.      0.      0.      0.
  0.      0.      0.      0.      0.      0.3878  1.      0.5714  1.
 -0.5312 -1.61    1.9499 -2.0009 -1.5358  0.0042  3.9054 -1.5639  1.908
 -1.879  -1.5782 -0.0805  1.4007 -1.0941  3.0931  2.147  -0.4964  4.7185
  0.0595  0.3645  0.0036  0.0007  0.0037 -0.1208  0.0226 -0.0088  0.0029
  0.0107 -0.0048 -0.1066 -0.0091  0.0014 -0.0148  0.1198  0.1681  0.032
  0.0751  0.2896 -0.0458 -0.0059  0.0002 -0.0012 -0.0018 -0.053   0.0118
 -0.0041 -0.0153 -0.0233  0.1287  0.0108  0.1049  0.      0.      0.
 -0.4379 -0.0573 -0.0751 -0.4379 -0.0573 -0.0751]
[ 0.      0.      0.      0.      0.      0.      0.      0.      0.
  0.      0.      0.      0.      0.      0.3776  1.      0.5612  1.
 -0.5312 -1.6101  1.9503 -2.0029 -1.5388  0.0041  3.9048 -1.5636  1.9134
 -1.8949 -1.5685 -0.059   1.3874 -0.9555  2.954   1.9655 -0.1962  4.6893
  0.0588  0.3647  0.0047  0.001   0.0037 -0.1208  0.023  -0.008   0.0029
  0.0101 -0.0053 -0.1055 -0.0064 -0.0009 -0.0092  0.1184  0.1819  0.0309
  0.0537  0.277  -0.0838 -0.0019  0.0025  0.0025 -0.0082 -0.0015 -0.0029
 -0.0088 -0.0063 -0.0169  0.0228 -0.0709  0.1535  0.      0.      0.
 -0.4379 -0.0573 -0.0751 -0.4379 -0.0573 -0.0751]
[ 0.      0.      0.      0.      0.      0.      0.      0.      0.
  0.      0.      0.      0.      0.      0.3776  1.      0.5714  1.
 -0.5312 -1.6101  1.9504 -2.0025 -1.538   0.0042  3.9052 -1.5635  1.9087
 -1.8884 -1.5675 -0.0524  1.601  -1.0673  2.8709  1.9492 -1.1968  4.5066
  0.0583  0.3647  0.0032  0.0009  0.0037 -0.1208  0.0229 -0.0082  0.0029
  0.0098 -0.0057 -0.107  -0.0069 -0.0011 -0.0077  0.112   0.1835  0.0183
  0.0783  0.2719 -0.0829 -0.0002  0.0006  0.0012 -0.0026 -0.0003  0.0012
 -0.0047 -0.0024 -0.0098 -0.0088 -0.0275  0.0737  0.      0.      0.
 -0.4379 -0.0573 -0.0751 -0.4379 -0.0573 -0.0751]
[ 0.      0.      0.      0.      0.      0.      0.      0.      0.
  0.      0.      0.      0.      0.      0.3776  1.      0.5714  1.
 -0.5312 -1.6097  1.9505 -2.0034 -1.5385  0.0041  3.9053 -1.5633  1.9106
 -1.8929 -1.5661 -0.0459  1.6977 -1.1605  3.0744  1.9919 -1.3762  4.3694
  0.058   0.3647  0.0036  0.0009  0.0036 -0.1206  0.0229 -0.0081  0.0029
  0.0096 -0.0058 -0.1065 -0.0063 -0.0014 -0.0061  0.1186  0.1656  0.0094
  0.0669  0.2894 -0.1073  0.0008  0.0001 -0.0002  0.0007  0.007  -0.0001
  0.0058  0.0045  0.0099 -0.0215  0.0529 -0.1461  0.      0.      0.
 -0.4379 -0.0573 -0.0751 -0.4379 -0.0573 -0.0751]
[ 0.      0.      0.      0.      0.      0.      0.      0.      0.
  0.      0.      0.      0.      0.      0.3776  1.      0.5714  1.
 -0.5312 -1.6099  1.9506 -2.0031 -1.5379  0.0041  3.9052 -1.5633  1.9103
 -1.8906 -1.5687 -0.0537  1.7375 -1.2952  3.1316  1.4758 -1.2257  4.5399
  0.0584  0.3647  0.0037  0.0009  0.0037 -0.1206  0.0229 -0.0083  0.0029
  0.0099 -0.0056 -0.1064 -0.0068 -0.0008 -0.008   0.1147  0.1648  0.0115
  0.0554  0.2563 -0.1108 -0.0001  0.0009 -0.0001 -0.0023 -0.0019 -0.0037
  0.0026 -0.0024 -0.0022  0.0071  0.0251 -0.0069  0.      0.      0.
 -0.4379 -0.0573 -0.0751 -0.4379 -0.0573 -0.0751]
[ 0.      0.      0.      0.      0.      0.      0.      0.      0.
  0.      0.      0.      0.      0.      0.3776  1.      0.5612  1.
 -0.5312 -1.6097  1.951  -2.0038 -1.5386  0.0041  3.9058 -1.5631  1.9102
 -1.8869 -1.5681 -0.0482  1.4398 -1.2193  3.1529  0.7781 -0.6835  4.6811
  0.0584  0.3643  0.0039  0.0009  0.0036 -0.1204  0.0229 -0.0081  0.0029
  0.0095 -0.0052 -0.106  -0.0077 -0.001  -0.0067  0.1113  0.1533  0.0104
  0.0232  0.2169 -0.1377  0.0037 -0.0007  0.0002  0.0109  0.0374  0.0024
 -0.001   0.001  -0.0025 -0.019  -0.0083  0.0114  0.      0.      0.
 -0.4379 -0.0573 -0.0751 -0.4379 -0.0573 -0.0751]
[ 0.      0.      0.      0.      0.      0.      0.      0.      0.
  0.      0.      0.      0.      0.      0.3878  1.      0.551   1.
 -0.5314 -1.6096  1.9508 -2.0044 -1.5382  0.0044  3.9058 -1.5632  1.91
 -1.8893 -1.5672 -0.0488  1.5584 -1.1521  3.1003  0.2127 -0.3865  4.6835
  0.0581  0.3645  0.0037  0.001   0.0035 -0.1206  0.0231 -0.0082  0.003
  0.0095 -0.0055 -0.1064 -0.007  -0.0012 -0.0069  0.11    0.1534  0.0017
 -0.0227  0.1608 -0.12   -0.0031  0.002   0.0024 -0.0207 -0.0279 -0.0041
  0.0008  0.003   0.0018 -0.0165  0.0039 -0.0307  0.      0.      0.
 -0.4379 -0.0573 -0.0751 -0.4379 -0.0573 -0.0751]
[ 0.      0.      0.      0.      0.      0.      0.      0.      0.
  0.      0.      0.      0.      0.      0.3776  1.      0.5714  1.
 -0.5312 -1.6096  1.951  -2.0051 -1.5395  0.0043  3.9059 -1.5628  1.9107
 -1.8879 -1.5687 -0.0493  1.6617 -0.517   2.877   0.752  -0.8121  4.7342
  0.0584  0.3645  0.0042  0.001   0.0035 -0.1205  0.0232 -0.0079  0.0029
  0.0096 -0.0053 -0.1058 -0.0077 -0.0008 -0.0071  0.1018  0.1709  0.0005
  0.0283  0.2189 -0.1309  0.0016  0.0011  0.0022 -0.0051  0.0181  0.0013
 -0.0027  0.0055  0.0086 -0.0596 -0.0036 -0.0045  0.      0.      0.
 -0.4379 -0.0573 -0.0751 -0.4379 -0.0573 -0.0751]
[ 0.      0.      0.      0.      0.      0.      0.      0.      0.
  0.      0.      0.      0.      0.      0.3878  1.      0.5612  1.
 -0.531  -1.6096  1.9514 -2.0056 -1.5405  0.0045  3.9061 -1.5626  1.9107
 -1.8879 -1.5706 -0.05    1.7412 -0.6608  2.9658  1.0637 -0.837   4.7614
  0.0585  0.3645  0.0042  0.001   0.0036 -0.1204  0.0233 -0.0076  0.0029
  0.0097 -0.0052 -0.1056 -0.0078 -0.0003 -0.0073  0.1129  0.1972 -0.008
  0.0521  0.2503 -0.121  -0.0014 -0.0005  0.0002  0.0096  0.0008 -0.0018
 -0.0059 -0.005  -0.0047  0.0482 -0.0484  0.0333  0.      0.      0.
 -0.4379 -0.0573 -0.0751 -0.4379 -0.0573 -0.0751]
[ 0.      0.      0.      0.      0.      0.      0.      0.      0.
  0.      0.      0.      0.      0.      0.3878  1.      0.5714  1.
 -0.5312 -1.6093  1.9513 -2.0065 -1.5407  0.0044  3.9062 -1.5626  1.9109
 -1.8894 -1.5702 -0.0491  1.8883 -0.7266  2.7872  1.2756 -1.2808  4.7814
  0.0582  0.3647  0.0042  0.0011  0.0034 -0.1204  0.0234 -0.0075  0.003
  0.0096 -0.0054 -0.1056 -0.0074 -0.0004 -0.0071  0.119   0.2118 -0.0162
  0.0769  0.2747 -0.1092 -0.0029 -0.0006 -0.0013  0.0037 -0.027  -0.0008
  0.0003  0.0009  0.0012 -0.0027  0.0037  0.0013  0.      0.      0.
 -0.4379 -0.0573 -0.0751 -0.4379 -0.0573 -0.0751]
[ 0.      0.      0.      0.      0.      0.      0.      0.      0.
  0.      0.      0.      0.      0.      0.3776  1.      0.5714  1.
 -0.531  -1.6093  1.9514 -2.0067 -1.5415  0.0044  3.9063 -1.5624  1.9111
 -1.8893 -1.5708 -0.0496  1.7404 -0.3896  2.9383  1.07   -1.0535  4.6997
  0.0583  0.3647  0.0043  0.0012  0.0034 -0.1203  0.0234 -0.0074  0.0029
  0.0096 -0.0053 -0.1055 -0.0075 -0.0003 -0.0072  0.0999  0.1874 -0.0121
  0.0573  0.2372 -0.0994 -0.0014  0.0004  0.0001  0.0019  0.0028 -0.0039
  0.0041  0.0011  0.002  -0.0048  0.0397 -0.0287  0.      0.      0.
 -0.4379 -0.0573 -0.0751 -0.4379 -0.0573 -0.0751]
[ 0.      0.      0.      0.      0.      0.      0.      0.      0.
  0.      0.      0.      0.      0.      0.3776  1.      0.5612  1.
 -0.5311 -1.6094  1.9519 -2.007  -1.5415  0.0044  3.9064 -1.5623  1.911
 -1.8894 -1.5691 -0.0482  1.6962 -0.228   2.843   1.3769 -1.4969  4.8035
  0.0582  0.3646  0.0042  0.0012  0.0035 -0.1202  0.0234 -0.0073  0.0029
  0.0094 -0.0054 -0.1055 -0.0075 -0.0007 -0.0069  0.0994  0.1846 -0.0209
  0.071   0.2578 -0.1129  0.0015 -0.0002  0.0001  0.0072  0.0177  0.0008
 -0.0032  0.0005 -0.     -0.0014 -0.0169  0.0093  0.      0.      0.
 -0.4379 -0.0573 -0.0751 -0.4379 -0.0573 -0.0751]
[ 0.      0.      0.      0.      0.      0.      0.      0.      0.
  0.      0.      0.      0.      0.      0.3878  1.      0.5612  1.
 -0.531  -1.6093  1.9518 -2.0073 -1.5419  0.0044  3.9064 -1.5622  1.9111
 -1.89   -1.5711 -0.0493  0.9637  0.0366  2.9347  0.9811 -1.1206  4.7725
  0.0583  0.3647  0.0043  0.0012  0.0035 -0.1203  0.0235 -0.0072  0.0029
  0.0096 -0.0054 -0.1054 -0.0074 -0.0002 -0.0072  0.0726  0.1209 -0.0243
  0.0478  0.231  -0.1175  0.0013 -0.0004  0.0004  0.0008  0.014   0.0009
  0.0015  0.0003  0.0005  0.0014  0.0142 -0.0245  0.      0.      0.
 -0.4379 -0.0573 -0.0751 -0.4379 -0.0573 -0.0751]
[ 0.      0.      0.      0.      0.      0.      0.      0.      0.
  0.      0.      0.      0.      0.      0.3776  1.      0.5612  1.
 -0.531  -1.6093  1.9518 -2.0073 -1.5415  0.0044  3.9065 -1.5622  1.9112
 -1.8895 -1.5702 -0.0488  0.531   0.4105  3.0994  0.3855 -0.9402  4.6126
  0.0583  0.3646  0.0043  0.0011  0.0035 -0.1202  0.0235 -0.0073  0.0029
  0.0094 -0.0053 -0.1053 -0.0076 -0.0004 -0.0071  0.0444  0.0619 -0.013
  0.015   0.1645 -0.1051  0.0009 -0.0002  0.0005  0.0001  0.0074 -0.0005
 -0.0016  0.0009  0.0022 -0.0046 -0.016   0.0045  0.      0.      0.
 -0.4379 -0.0573 -0.0751 -0.4379 -0.0573 -0.0751]
[ 0.      0.      0.      0.      0.      0.      0.      0.      0.
  0.      0.      0.      0.      0.      0.3776  1.      0.5612  1.
 -0.5311 -1.6092  1.9525 -2.008  -1.5412  0.0045  3.9065 -1.5619  1.9114
 -1.8894 -1.5704 -0.0488  0.678  -0.2188  3.0452  0.2792 -0.6419  4.6189
  0.0583  0.3645  0.0043  0.0012  0.0035 -0.12    0.0235 -0.0074  0.003
  0.0095 -0.0053 -0.1051 -0.0077 -0.0004 -0.0071  0.0565  0.0742 -0.0199
 -0.0028  0.1525 -0.1068  0.0011 -0.0005 -0.0006  0.0023  0.0106  0.0009
 -0.0005  0.0002  0.0001 -0.0007 -0.0004 -0.0006  0.      0.      0.
 -0.4379 -0.0573 -0.0751 -0.4379 -0.0573 -0.0751]
[ 0.      0.      0.      0.      0.      0.      0.      0.      0.
  0.      0.      0.      0.      0.      0.3776  1.      0.551   1.
 -0.5311 -1.6091  1.9522 -2.008  -1.5412  0.0044  3.9067 -1.5619  1.9114
 -1.8899 -1.5711 -0.0499  0.3188 -0.0398  3.0465 -0.1159 -0.2807  4.7385
  0.0582  0.3646  0.0043  0.0011  0.0035 -0.12    0.0235 -0.0074  0.0029
  0.0095 -0.0054 -0.1051 -0.0076 -0.0002 -0.0074  0.0388  0.0348 -0.0104
 -0.0308  0.1042 -0.0827 -0.     -0.0002 -0.0002 -0.0003 -0.0002  0.0003
  0.      0.0001  0.0002 -0.0017  0.     -0.0036  0.      0.      0.
 -0.4379 -0.0573 -0.0751 -0.4379 -0.0573 -0.0751]
[ 0.      0.      0.      0.      0.      0.      0.      0.      0.
  0.      0.      0.      0.      0.      0.3776  1.      0.551   1.
 -0.5311 -1.6091  1.9529 -2.0087 -1.5411  0.0045  3.9067 -1.5617  1.9113
 -1.89   -1.5712 -0.0497  0.3735  0.4635  2.9798  0.0192 -0.4165  4.5837
  0.0583  0.3646  0.0041  0.0011  0.0036 -0.1198  0.0235 -0.0074  0.0029
  0.0095 -0.0054 -0.1051 -0.0076 -0.0002 -0.0074  0.0294  0.0237 -0.0004
 -0.0285  0.105  -0.0801  0.001   0.0011  0.0024 -0.0048  0.0097  0.0009
  0.0002 -0.0013 -0.0005  0.009   0.0018 -0.0103  0.      0.      0.
 -0.4379 -0.0573 -0.0751 -0.4379 -0.0573 -0.0751]
[ 0.      0.      0.      0.      0.      0.      0.      0.      0.
  0.      0.      0.      0.      0.      0.3776  1.      0.551   1.
 -0.5311 -1.6091  1.9528 -2.009  -1.5413  0.0045  3.9066 -1.5615  1.9117
 -1.8897 -1.5717 -0.0499  0.7215 -0.1288  2.9268  0.1835  0.025   4.7557
  0.0583  0.3646  0.0045  0.0011  0.0035 -0.1199  0.0236 -0.0074  0.0029
  0.0095 -0.0053 -0.1048 -0.0078 -0.0001 -0.0074  0.0462  0.0439  0.0012
 -0.03    0.1217 -0.1059  0.0011 -0.0004 -0.0003  0.0026  0.0098  0.0011
  0.0002 -0.0012 -0.0012  0.0124  0.003  -0.0138  0.      0.      0.
 -0.4379 -0.0573 -0.0751 -0.4379 -0.0573 -0.0751]
[ 0.      0.      0.      0.      0.      0.      0.      0.      0.
  0.      0.      0.      0.      0.      0.3776  1.      0.5612  1.
 -0.5311 -1.609   1.9526 -2.0089 -1.5406  0.0044  3.9067 -1.5615  1.9118
 -1.8898 -1.5717 -0.0501  0.7237 -0.3378  2.916  -0.1283  0.1233  4.7005
  0.0582  0.3646  0.0046  0.0011  0.0034 -0.1199  0.0236 -0.0075  0.0029
  0.0095 -0.0053 -0.1048 -0.0078 -0.0001 -0.0075  0.0472  0.0416  0.0025
 -0.0407  0.1027 -0.0918 -0.0013  0.0004  0.0005 -0.0036 -0.0125 -0.0016
 -0.0004  0.0003  0.0003  0.0003  0.0005 -0.0015  0.      0.      0.
 -0.4379 -0.0573 -0.0751 -0.4379 -0.0573 -0.0751]
[ 0.      0.      0.      0.      0.      0.      0.      0.      0.
  0.      0.      0.      0.      0.      0.3878  1.      0.5612  1.
 -0.5311 -1.609   1.9532 -2.0086 -1.5397  0.0045  3.9068 -1.5614  1.9121
 -1.8906 -1.5723 -0.0503  0.8295 -0.0215  2.8674  0.6573 -0.9951  4.7855
  0.0583  0.3644  0.0044  0.001   0.0036 -0.1196  0.0234 -0.0078  0.0029
  0.0095 -0.0053 -0.1047 -0.0077  0.0001 -0.0076  0.0487  0.0624 -0.0025
  0.0081  0.1475 -0.0695 -0.0001  0.0007  0.0014 -0.004  -0.0014  0.0007
  0.0017  0.0008  0.002  -0.0034  0.0164 -0.0004  0.      0.      0.
 -0.4379 -0.0573 -0.0751 -0.4379 -0.0573 -0.0751]
[ 0.      0.      0.      0.      0.      0.      0.      0.      0.
  0.      0.      0.      0.      0.      0.      0.      0.      0.
 -0.5236 -1.44    2.0944 -2.2253 -1.5708  0.      3.927  -1.4401  2.0944
 -2.2251 -1.5708  0.0001 -0.069  -0.1714  0.0179  0.0287 -0.0032  0.0304
  0.0516  0.3551 -0.0106  0.      0.      0.     -0.      0.      0.
 -0.     -0.      0.      0.     -0.     -0.     -0.0035  0.0016 -0.0039
  0.0023 -0.0009 -0.001   0.0001 -0.      0.0001 -0.0001  0.      0.0002
 -0.0001  0.0002  0.0001 -0.0018 -0.0005  0.0005 -0.0268 -0.0301  0.0613
 -0.5009 -0.0027 -0.0986 -0.5276 -0.0328 -0.0373]
[ 0.      0.      0.     -0.0095 -0.0375  0.      0.      0.      0.
  0.      0.      0.      0.      0.      0.      0.      0.      0.
 -0.5235 -1.4399  2.0943 -2.2252 -1.5708  0.      3.927  -1.4402  2.0943
 -2.2253 -1.5708  0.      0.1416 -0.0165 -0.0066  0.1063 -0.0618  0.0995
  0.0516  0.3551 -0.0107 -0.     -0.     -0.     -0.      0.     -0.
 -0.     -0.0001  0.0001  0.0001  0.     -0.     -0.0006 -0.0048 -0.0038
  0.002  -0.0052  0.0132 -0.     -0.     -0.0001  0.0005 -0.0003 -0.
  0.     -0.0001  0.001  -0.0025 -0.      0.0005 -0.0268 -0.0301  0.0613
 -0.5009 -0.0027 -0.0986 -0.5276 -0.0328 -0.0373]
[ 0.8781 -0.2224  0.     -0.0227 -0.0896 -0.      0.      0.2928  0.9574
  0.0003  0.      0.      0.      0.      0.      0.      0.      0.
 -0.5234 -1.44    2.0935 -2.2212 -1.5717  0.0001  3.9271 -1.4402  2.0944
 -2.2252 -1.5708  0.0001  0.1435 -0.0149  0.0164  0.0409 -0.0206  0.1169
  0.0516  0.3551 -0.0106 -0.     -0.0001 -0.0001  0.     -0.     -0.
 -0.     -0.0001  0.0001  0.0001  0.     -0.     -0.0017 -0.0044 -0.0038
  0.0043 -0.0029  0.0068 -0.      0.     -0.0003  0.0006 -0.0003 -0.
  0.      0.0003  0.0003 -0.0015  0.      0.0001 -0.0268 -0.0301  0.0613
 -0.5009 -0.0027 -0.0986 -0.5276 -0.0328 -0.0373]
[ 0.9694 -0.2453 -0.0002 -0.0301 -0.1189  0.0006  0.      0.3647  0.9392
 -0.0005  0.      0.      0.      0.      0.      0.      0.      0.
 -0.5264 -1.4526  2.1069 -2.2207 -1.5722 -0.0026  3.9351 -1.4243  2.0755
 -2.2215 -1.5709  0.0079  0.2258 -0.0923  0.1317 -0.0498  0.3403  0.1134
  0.0499  0.3553 -0.0103  0.0014  0.0054 -0.0003 -0.0011  0.0003  0.
 -0.0063  0.     -0.0001 -0.0001  0.     -0.0001 -0.0003 -0.0125  0.054
 -0.0013  0.0058 -0.0005  0.0057  0.0079 -0.006   0.0041  0.0035  0.0069
 -0.0182 -0.0215 -0.0087  0.0262  0.0022 -0.019  -0.0268 -0.0301  0.0613
 -0.5009 -0.0027 -0.0986 -0.5276 -0.0328 -0.0373]
[ 0.9695 -0.2449 -0.0003 -0.0317 -0.1255  0.0009  0.      0.3418  0.945
 -0.0001  0.      0.      0.      0.      0.      0.      0.      0.
 -0.5309 -1.4686  2.1244 -2.2199 -1.5729 -0.0066  3.9384 -1.4125  2.0613
 -2.2194 -1.571   0.011   0.1669  0.1861 -0.1874 -0.0805  0.0489 -0.0612
  0.0524  0.356  -0.0104  0.0035  0.0126 -0.0004 -0.0017  0.0005  0.0001
 -0.0114 -0.     -0.     -0.      0.     -0.0001  0.0074 -0.0196  0.061
  0.0103  0.0086 -0.0227 -0.0036 -0.0616  0.0039 -0.0454  0.0069  0.0239
 -0.016  -0.0164  0.0004  0.009  -0.0002 -0.0106 -0.0268 -0.0301  0.0613
 -0.5009 -0.0027 -0.0986 -0.5276 -0.0328 -0.0373]
[ 0.9694 -0.2454  0.0001 -0.0318 -0.1254  0.0022  0.      0.3431  0.9445
 -0.0076  0.      0.      0.      0.      0.      0.      0.      0.
 -0.5374 -1.4927  2.1518 -2.2137 -1.5752 -0.0138  3.9486 -1.3951  2.0356
 -2.2122 -1.5711  0.0199  0.0664  0.573   0.1961 -0.2182  0.2297  0.1283
  0.054   0.3553 -0.0128  0.0065  0.0232  0.0003 -0.0041  0.001  -0.
 -0.0193 -0.0014  0.0002  0.0002  0.0001 -0.0004 -0.0003 -0.0288  0.0966
  0.0087  0.0053 -0.027   0.0143  0.042  -0.0051 -0.0271  0.0105  0.0054
 -0.0366 -0.0495 -0.0139  0.0057  0.0017 -0.0048 -0.0268 -0.0301  0.0613
 -0.5009 -0.0027 -0.0986 -0.5276 -0.0328 -0.0373]
[ 0.9696 -0.2449 -0.0014 -0.0317 -0.1255  0.0019  0.      0.3541  0.9422
 -0.0933  0.      0.      0.      0.      0.      0.      0.      0.
 -0.5359 -1.4918  2.1448 -2.2101 -1.5761 -0.0116  3.9601 -1.3547  1.9817
 -2.2006 -1.5708  0.0335  0.1634  1.1631  0.2906 -0.5179 -1.4817 -0.3873
  0.0343  0.3647 -0.0118  0.0059  0.0213 -0.0017 -0.0035  0.0012  0.0001
 -0.0382 -0.0026  0.0006  0.0006 -0.0001  0.0001 -0.0193 -0.0151  0.095
  0.0423 -0.0193 -0.0303 -0.0144 -0.0172  0.0012 -0.0004 -0.001  -0.0075
 -0.0041  0.0177  0.0059 -0.0221  0.0009  0.0067 -0.0268 -0.0301  0.0613
 -0.5009 -0.0027 -0.0986 -0.5276 -0.0328 -0.0373]
[ 0.9696 -0.2446 -0.0011 -0.0317 -0.1255  0.0023  0.      0.3674  0.939
 -0.1368  0.      0.      0.      0.      0.      0.      0.      0.
 -0.5414 -1.5083  2.1633 -2.2088 -1.5768 -0.0169  3.9603 -1.3548  1.9829
 -2.2017 -1.5708  0.033   0.2148  1.0073  0.2805 -0.3215 -0.3424 -0.1833
  0.0422  0.3627 -0.012   0.0083  0.0285 -0.0015 -0.0043  0.0014  0.0002
 -0.0374 -0.0023  0.0007  0.0007 -0.0001  0.     -0.0125 -0.0136  0.1176
  0.0114 -0.0128 -0.0001  0.0114  0.0368  0.0031 -0.0388  0.012   0.0098
 -0.0162 -0.0302  0.0014  0.0201 -0.0001 -0.0303 -0.0268 -0.0301  0.0613
 -0.5009 -0.0027 -0.0986 -0.5276 -0.0328 -0.0373]
[ 0.9694 -0.2453 -0.0008 -0.0317 -0.1254  0.0025  0.      0.3836  0.9351
 -0.1633  0.      0.      0.      0.      0.      0.      0.      0.
 -0.5463 -1.5211  2.1764 -2.2046 -1.5777 -0.0208  3.9692 -1.3247  1.9461
 -2.199  -1.5708  0.0393  0.2727  1.0361  0.0207 -0.4671 -0.9483 -0.007
  0.0303  0.3679 -0.0118  0.0084  0.0295 -0.0012 -0.0046  0.0014  0.0002
 -0.0505 -0.0017  0.0016  0.0017 -0.0001 -0.0006 -0.0126 -0.0052  0.1309
  0.0255 -0.0135 -0.0233  0.0071  0.0387  0.0131 -0.0433  0.0028  0.0016
 -0.0062  0.0194  0.0086 -0.0333  0.0001  0.005  -0.0268 -0.0301  0.0613
 -0.5009 -0.0027 -0.0986 -0.5276 -0.0328 -0.0373]
[ 0.9699 -0.2435 -0.0011 -0.0315 -0.1255  0.0034  0.      0.4009  0.9307
 -0.141   0.      0.      0.      0.      0.      0.      0.      0.
 -0.55   -1.537   2.1921 -2.2007 -1.5793 -0.024   3.97   -1.3182  1.9413
 -2.1994 -1.571   0.0421  0.284   0.5168 -0.2465 -0.3296 -0.5339  0.331
  0.0398  0.3666 -0.0104  0.0119  0.0405 -0.0018 -0.0064  0.0019  0.0006
 -0.0526 -0.0004  0.0013  0.0014 -0.0001 -0.0001  0.0022 -0.0049  0.1397
  0.0125 -0.0028 -0.0265 -0.0018  0.0512  0.0325 -0.0377 -0.0013 -0.0064
 -0.0067 -0.0614  0.0155 -0.0017  0.0045  0.0062 -0.0268 -0.0301  0.0613
 -0.5009 -0.0027 -0.0986 -0.5276 -0.0328 -0.0373]
[ 0.5296 -0.1337 -0.0005 -0.0078 -0.0309  0.0009  0.      0.4064  0.9282
 -0.0076  0.      0.      0.      0.      0.      0.      0.      0.
 -0.5518 -1.5451  2.2037 -2.2024 -1.5797 -0.026   3.9743 -1.3039  1.9223
 -2.1973 -1.5712  0.0449  0.2882  0.4237  0.0116 -0.4296 -0.3265  0.2985
  0.0374  0.3678 -0.0118  0.0126  0.0447 -0.0008 -0.0069  0.002   0.0005
 -0.0591 -0.0005  0.002   0.002  -0.0001 -0.0005  0.0025 -0.0077  0.1537
  0.0127  0.0036 -0.0538  0.0052  0.0067 -0.0084  0.0268  0.0008  0.0011
 -0.011  -0.0209  0.0016  0.0023 -0.0005 -0.0144 -0.0268 -0.0301  0.0613
 -0.5009 -0.0027 -0.0986 -0.5276 -0.0328 -0.0373]
[ 0.      0.      0.      0.      0.      0.      0.      0.      0.
  0.      0.      0.      0.      0.      0.      0.      0.      0.
 -0.5549 -1.5533  2.2094 -2.2014 -1.5801 -0.0282  3.9779 -1.2918  1.9069
 -2.1932 -1.5712  0.0485  0.4103  0.1479 -0.237  -0.3735  0.2402  0.3296
  0.035   0.3698 -0.0104  0.0138  0.0471 -0.0019 -0.0065  0.0021  0.0007
 -0.0641 -0.0001  0.0018  0.0018 -0.0001 -0.0005  0.01   -0.0102  0.1619
  0.0038  0.009  -0.0596  0.0043  0.0093 -0.0035 -0.0211  0.0005  0.0036
 -0.0103 -0.024   0.0018 -0.0081  0.0016 -0.0092 -0.0172 -0.052  -0.0435
 -0.5104  0.0193  0.0062 -0.5276 -0.0328 -0.0373]
[ 0.      0.      0.     -0.0053 -0.0212  0.0006  0.      0.      0.
  0.      0.      0.      0.      0.      0.      0.      0.      0.
 -0.5536 -1.5493  2.2064 -2.2017 -1.5799 -0.0272  3.9766 -1.2941  1.9095
 -2.1931 -1.5713  0.0486  0.2595  0.2787 -0.0967 -0.3407  0.2055  0.3289
  0.0348  0.3699 -0.0109  0.0133  0.0458 -0.0015 -0.0067  0.002   0.0007
 -0.0633 -0.0003  0.0017  0.0017 -0.0001 -0.0001  0.007  -0.0015  0.0818
 -0.0028  0.0051 -0.0159 -0.0014 -0.0217 -0.0031  0.0333  0.0013 -0.0001
  0.0061 -0.0098 -0.0036  0.0056 -0.0009  0.043  -0.0172 -0.052  -0.0435
 -0.5104  0.0193  0.0062 -0.5276 -0.0328 -0.0373]
[ 0.0488 -0.0411 -0.9997  0.      0.      0.      0.     -0.0014  0.0067
 -1.     -0.1959 -0.1495 -0.001   0.      0.      0.      0.      0.
 -0.5537 -1.5499  2.2063 -2.2008 -1.5801 -0.0274  3.9767 -1.2942  1.9105
 -2.1935 -1.5713  0.0486  0.1649  0.333  -0.0466 -0.3038  0.6744  0.4948
  0.0351  0.3697 -0.0104  0.0134  0.0459 -0.0017 -0.0067  0.0021  0.0006
 -0.063   0.      0.0015  0.0016 -0.0001 -0.0001  0.0062 -0.0005  0.065
 -0.0132  0.0111  0.0098  0.0035 -0.0127 -0.0121  0.0299  0.0053  0.0027
 -0.0009  0.0053  0.0045 -0.0051  0.0004 -0.0003 -0.0172 -0.052  -0.0435
 -0.5104  0.0193  0.0062 -0.5276 -0.0328 -0.0373]
[-0.0083 -0.0267 -0.9996 -0.0061 -0.0244  0.0007  0.     -0.0019  0.007
 -1.     -0.0812 -0.0123  0.0001  0.      0.      0.      0.      0.
 -0.5539 -1.5484  2.2101 -2.2063 -1.5802 -0.0273  3.9772 -1.2918  1.9106
 -2.1966 -1.5735  0.0489  0.1916  0.5045 -0.1213 -0.333   0.4769  0.1053
  0.0353  0.3697 -0.011   0.0134  0.0466 -0.     -0.0067  0.0021  0.0007
 -0.0634  0.001   0.0019  0.0018  0.0005 -0.0002  0.0018  0.0011  0.0752
 -0.0063  0.0127 -0.002   0.0018  0.0001  0.0683  0.0226  0.0012  0.0059
  0.0027 -0.0023  0.062   0.0025  0.1204 -0.0003 -0.0172 -0.052  -0.0435
 -0.5104  0.0193  0.0062 -0.5276 -0.0328 -0.0373]
[-0.009  -0.0277 -0.9996 -0.0375  0.0094  0.0001  0.     -0.0062  0.0033
 -1.     -0.0961 -0.057   0.0004  0.      0.      0.      0.      0.
 -0.5535 -1.5269  2.2234 -2.2399 -1.5808 -0.0272  3.9784 -1.2767  1.9228
 -2.22   -1.5789  0.0498  0.0486  0.2009  0.1658 -0.3406  0.2894  0.1411
  0.0351  0.3692 -0.012   0.0134  0.0465  0.0111 -0.0069  0.0023  0.0006
 -0.0627  0.0113  0.0013  0.0008  0.0016 -0.0002  0.0069 -0.0018  0.0447
 -0.003   0.0089 -0.0036  0.0011  0.0085  0.0116 -0.0565 -0.0137  0.0053
  0.0044  0.0004  0.0127  0.0105  0.0328 -0.0072 -0.0172 -0.052  -0.0435
 -0.5104  0.0193  0.0062 -0.5276 -0.0328 -0.0373]
[-0.0071 -0.0307 -0.9995 -0.1124  0.0285  0.0083  0.     -0.011   0.0047
 -0.9999 -0.1492 -0.1025  0.0012  0.      0.      0.      0.      0.
 -0.5542 -1.5258  2.227  -2.2417 -1.5791 -0.0273  3.9781 -1.2721  1.9255
 -2.2285 -1.5824  0.05    0.0241  0.1238 -0.2511 -0.3146  0.3676  0.1824
  0.0363  0.3693 -0.0102  0.0134  0.0475  0.0125 -0.0077  0.0018  0.0007
 -0.0629  0.0146  0.0019  0.0012  0.0028 -0.0001  0.0074  0.0029  0.0409
 -0.0032  0.0102  0.0023  0.0023 -0.0086  0.0544  0.0492 -0.0183 -0.0017
  0.0063 -0.0004 -0.0089  0.0293  0.0659 -0.0098 -0.0172 -0.052  -0.0435
 -0.5104  0.0193  0.0062 -0.5276 -0.0328 -0.0373]
[-0.0055 -0.0307 -0.9995  0.      0.      0.      0.     -0.0125  0.0023
 -0.9495 -0.1892 -0.1375  0.0022  0.      0.      0.      0.      0.
 -0.5543 -1.5193  2.2311 -2.2522 -1.5775 -0.0274  3.979  -1.2644  1.9302
 -2.2385 -1.5844  0.0511  0.2048  0.1167 -0.5979 -0.4676  0.5752  0.6366
  0.0362  0.369  -0.0084  0.0133  0.0476  0.0158 -0.0077  0.0014  0.0007
 -0.0627  0.0197  0.0015  0.0006  0.0033 -0.0001  0.0123  0.0052  0.0831
 -0.0099  0.0068  0.0029 -0.0022 -0.0088  0.0747  0.052  -0.0281  0.0016
  0.0082  0.0019  0.0079  0.0119  0.1246 -0.0089 -0.0172 -0.052  -0.0435
 -0.5104  0.0193  0.0062 -0.5276 -0.0328 -0.0373]
[-0.0063 -0.0324 -0.9995 -0.1031  0.0102  0.0003  0.     -0.0181  0.0009
 -0.9225 -0.1992 -0.1626  0.0038  0.      0.      0.      0.      0.
 -0.5548 -1.508   2.2395 -2.2698 -1.5783 -0.0276  3.9805 -1.2542  1.9349
 -2.2515 -1.5908  0.0517 -0.0085  0.1518 -0.2149 -0.4283  0.7163  0.8053
  0.0364  0.3689 -0.0083  0.0136  0.0482  0.0216 -0.0081  0.0016  0.0008
 -0.0628  0.0258  0.0015  0.0002  0.0049 -0.0003  0.008  -0.0009  0.0601
 -0.0174  0.0075  0.0131 -0.001   0.0063  0.029  -0.0133 -0.0082 -0.0025
  0.0113  0.0063  0.0015 -0.0346  0.1116 -0.0131 -0.0172 -0.052  -0.0435
 -0.5104  0.0193  0.0062 -0.5276 -0.0328 -0.0373]
[-0.0039 -0.0339 -0.9994 -0.0929  0.0232 -0.0004  0.     -0.0224  0.0019
 -0.8888 -0.2269 -0.1763  0.0054  0.      0.      0.      0.      0.
 -0.5553 -1.4997  2.2445 -2.2821 -1.5759 -0.0279  3.9817 -1.2471  1.9386
 -2.2631 -1.5965  0.0531  0.2724  0.3455 -0.48   -0.4867  0.7066  0.8011
  0.0364  0.3688 -0.0088  0.0135  0.0485  0.0262 -0.0085  0.001   0.0008
 -0.0629  0.0299  0.0022  0.0005  0.0063 -0.0002  0.0085  0.0138  0.0736
 -0.0123 -0.0031  0.0049  0.002   0.0059  0.0135 -0.0153 -0.0258  0.0033
 -0.0037  0.0025  0.026   0.0006  0.0283 -0.0031 -0.0172 -0.052  -0.0435
 -0.5104  0.0193  0.0062 -0.5276 -0.0328 -0.0373]
[-0.0517 -0.2356 -0.9922 -0.0281 -0.1124  0.004   1.     -0.0293  0.0014
 -0.8583 -0.2335 -0.2024  0.0076  1.      0.      0.      0.      0.
 -0.5561 -1.4963  2.2473 -2.2869 -1.5739 -0.0282  3.9832 -1.2385  1.9423
 -2.2745 -1.6053  0.0544  0.9389 -0.0504 -2.7462 -0.5443  0.247  -0.443
  0.0367  0.3689 -0.0058  0.0135  0.0489  0.0282 -0.0088  0.0004  0.001
 -0.0629  0.0349  0.0026  0.0004  0.0085 -0.0003  0.0351  0.0705  0.1084
  0.0079 -0.0326 -0.0093 -0.0004 -0.0009 -0.0046 -0.013  -0.0071  0.0012
  0.0035  0.0028  0.0309 -0.0456  0.026   0.0018 -0.0172 -0.052  -0.0435
 -0.5104  0.0193  0.0062 -0.5276 -0.0328 -0.0373]
[-0.0005 -0.0287 -0.8583 -0.0589 -0.2363  0.0079  1.     -0.0413 -0.0317
 -0.7839 -0.3467 -0.1977  0.0137  1.      0.      0.      0.      0.
 -0.5551 -1.5     2.2445 -2.2818 -1.5731 -0.0267  3.9855 -1.2291  1.9463
 -2.289  -1.6128  0.0565  1.0721 -0.0704 -2.777  -0.524   0.4505 -1.7489
  0.0359  0.3685  0.0014  0.0132  0.0486  0.0262 -0.0084  0.0002  0.0011
 -0.0629  0.0401  0.0035  0.0008  0.0104 -0.0003  0.0355  0.0937  0.0818
 -0.0044 -0.0385 -0.0081 -0.0173  0.002  -0.0146 -0.0336  0.0345  0.008
 -0.0032 -0.0003  0.034   0.0287  0.0864 -0.0047 -0.0172 -0.052  -0.0435
 -0.5104  0.0193  0.0062 -0.5276 -0.0328 -0.0373]
[-0.0028 -0.0338 -0.8682 -0.0548 -0.22    0.0087  1.     -0.045  -0.0384
 -0.7634 -0.3791 -0.2035  0.0178  1.      0.      0.      0.9184  1.
 -0.5544 -1.4905  2.2481 -2.2898 -1.5755 -0.0265  3.9858 -1.2274  1.9471
 -2.2867 -1.6174  0.0572  1.0948 -0.0636 -5.5247 -0.614  -0.1639 -2.7729
  0.0364  0.3681 -0.0016  0.013   0.049   0.0304 -0.0097  0.0008  0.0009
 -0.0625  0.0415  0.0026 -0.0003  0.0116 -0.0003  0.0144  0.1013  0.0867
  0.0231 -0.1082  0.0074 -0.0014  0.0074  0.0042 -0.0951  0.0273  0.0167
  0.0053 -0.001  -0.0023 -0.0138  0.1361  0.0106 -0.0172 -0.052  -0.0435
 -0.5104  0.0193  0.0062 -0.5276 -0.0328 -0.0373]
[ 0.      0.      0.      0.031  -0.0077  0.0002  1.     -0.1689  0.0404
 -0.1195 -0.6707 -0.6321  0.0437  1.      0.4796  1.      0.5306  1.
 -0.5542 -1.4828  2.2496 -2.2893 -1.5761 -0.0254  3.9886 -1.2173  1.9495
 -2.295  -1.6318  0.0597 -0.6428  0.1634 -2.4701 -1.2358  0.7725 -1.2429
  0.0364  0.368   0.      0.013   0.0495  0.0338 -0.0116  0.0009  0.0011
 -0.0625  0.047   0.0025 -0.0011  0.0152 -0.0004 -0.0738 -0.0918  0.0852
 -0.044  -0.207   0.0047  0.0006  0.008  -0.0031 -0.1098 -0.0033  0.011
  0.0025 -0.0087  0.049   0.0025 -0.0159  0.0047 -0.0172 -0.052  -0.0435
 -0.5104  0.0193  0.0062 -0.5276 -0.0328 -0.0373]
[ 0.0077  0.031  -0.0015  0.      0.      0.      1.      0.      0.
  0.      0.      0.      0.      1.      0.3673  1.      0.4694  1.
 -0.5543 -1.4845  2.2494 -2.2902 -1.5751 -0.0256  3.9934 -1.2172  1.9483
 -2.2907 -1.6502  0.065  -2.7657  1.9046  0.6458 -3.4048  2.0799 -2.5159
  0.0364  0.367   0.0006  0.0129  0.0495  0.0331 -0.0115  0.0007  0.0012
 -0.0619  0.0468  0.0031 -0.0015  0.0199 -0.0003 -0.134  -0.3418  0.078
 -0.1284 -0.4486 -0.0061 -0.0003  0.0018 -0.0112  0.0237 -0.0025 -0.0005
 -0.0022 -0.0013 -0.0035  0.0148  0.0638  0.0047 -0.0172 -0.052  -0.0435
 -0.5104  0.0193  0.0062 -0.5276 -0.0328 -0.0373]
[ 0.0015  0.0464  0.9989  0.1387 -0.0341  0.0014  1.      0.0486  0.0046
  0.9988  0.      0.      0.      0.      0.3571  1.      0.4694  1.
 -0.5555 -1.4832  2.2497 -2.291  -1.574  -0.0259  3.984  -1.2183  1.9491
 -2.2944 -1.6194  0.0574 -3.9736  2.276   2.2847 -4.4809  2.8065 -2.3376
  0.0369  0.3696 -0.0002  0.0131  0.0494  0.0335 -0.0116  0.0004  0.0014
 -0.0633  0.0463  0.0017 -0.0011  0.0121  0.0002 -0.1607 -0.4393  0.1137
 -0.2029 -0.5696  0.0242 -0.0048  0.0043  0.0036 -0.0193 -0.016   0.0043
  0.0037  0.0032  0.0221  0.0034  0.0642  0.0386 -0.0172 -0.052  -0.0435
 -0.5104  0.0193  0.0062 -0.5276 -0.0328 -0.0373]
[ 0.0039  0.0463  0.9989  0.      0.      0.      0.      0.0533  0.0073
  0.9985  0.      0.      0.      0.      0.3878  1.      0.449   1.
 -0.5551 -1.4897  2.246  -2.2811 -1.5764 -0.0255  3.9859 -1.2237  1.9461
 -2.2829 -1.624   0.0577 -3.7168  1.7057  2.8383 -3.8691  3.0423 -0.8307
  0.0369  0.3689 -0.0001  0.0133  0.0492  0.0304 -0.0116  0.001   0.0014
 -0.0627  0.0434  0.0012 -0.0018  0.0133 -0.0002 -0.1358 -0.4211  0.0897
 -0.2049 -0.5283  0.0392 -0.0027 -0.0017 -0.0838  0.0242  0.0736  0.0029
 -0.0071 -0.0022 -0.0761  0.0336  0.0532 -0.001  -0.0172 -0.052  -0.0435
 -0.5104  0.0193  0.0062 -0.5276 -0.0328 -0.0373]
[ 0.003   0.0459  0.9989  0.      0.      0.      0.      0.0556  0.0073
  0.9984  0.      0.      0.      0.      0.3673  1.      0.4592  1.
 -0.5546 -1.5076  2.2369 -2.256  -1.578  -0.0241  3.9878 -1.2306  1.9423
 -2.272  -1.6262  0.0585 -2.6285  0.9148  2.8299 -2.6021  1.366   0.1478
  0.0364  0.3682  0.0005  0.0132  0.0489  0.0257 -0.0115  0.0008  0.0013
 -0.0624  0.0393  0.0013 -0.0018  0.0139 -0.0005 -0.0665 -0.2545  0.0729
 -0.1058 -0.4399  0.0305 -0.0003 -0.0003 -0.0834  0.0492  0.0336  0.0168
 -0.0001 -0.0082 -0.0578  0.0322 -0.1304 -0.013  -0.0172 -0.052  -0.0435
 -0.5104  0.0193  0.0062 -0.5276 -0.0328 -0.0373]
[ 0.001   0.0484  0.9988  0.      0.      0.      0.      0.0522  0.0061
  0.9986  0.      0.      0.      0.      0.3673  1.      0.5306  1.
 -0.5552 -1.5116  2.2316 -2.2426 -1.5735 -0.0258  3.9868 -1.2448  1.9342
 -2.2512 -1.6229  0.0579 -1.3615 -0.3596  2.0858 -1.4608  0.6186  1.3477
  0.0364  0.3683 -0.002   0.013   0.0487  0.0193 -0.0121  0.0003  0.0014
 -0.0627  0.0305  0.0016 -0.0015  0.013  -0.0004 -0.0116 -0.1651  0.0804
 -0.032  -0.3305  0.0367  0.0025  0.0011 -0.04    0.0003  0.0045  0.0043
 -0.0036 -0.0058 -0.0501  0.0402 -0.1045 -0.0267 -0.0172 -0.052  -0.0435
 -0.5104  0.0193  0.0062 -0.5276 -0.0328 -0.0373]
[-0.0062  0.048   0.9988 -0.0012 -0.0049  0.0002  0.      0.0795  0.0133
  0.9967  0.      0.      0.      0.      0.3673  1.      0.4388  1.
 -0.554  -1.5173  2.2227 -2.2281 -1.5661 -0.0261  3.9902 -1.2475  1.9326
 -2.2378 -1.6498  0.0672 -0.4637 -0.8512  2.2183 -0.6472  0.062   2.0681
  0.0364  0.3677  0.0015  0.0119  0.0472  0.015  -0.012  -0.0015  0.001
 -0.0616  0.0292  0.0012 -0.0033  0.0199  0.0009  0.0267 -0.0565  0.0842
  0.026  -0.2532  0.0269 -0.0111 -0.0101 -0.0043 -0.0131 -0.0746 -0.0103
  0.0021  0.0086 -0.0012 -0.0428  0.1925  0.0123 -0.0172 -0.052  -0.0435
 -0.5104  0.0193  0.0062 -0.5276 -0.0328 -0.0373]
[-0.0041  0.0471  0.9989 -0.0124 -0.0505  0.0023  0.      0.0695  0.0099
  0.9975  0.      0.      0.      0.      0.3571  1.      0.4388  1.
 -0.5542 -1.5285  2.2139 -2.2091 -1.5684 -0.0254  3.9892 -1.256   1.927
 -2.2278 -1.64    0.064   0.4532 -1.3786  2.833   0.8512 -1.0677  2.9779
  0.0354  0.3682  0.0021  0.0122  0.0465  0.0087 -0.0118 -0.001   0.0013
 -0.062   0.0236  0.0016 -0.0025  0.0174  0.0004  0.0731  0.0638  0.0729
  0.1447 -0.1206  0.0335 -0.0025 -0.004  -0.0265  0.0017 -0.0206  0.0022
 -0.0059 -0.0071 -0.0263  0.0347 -0.0489  0.0071 -0.0172 -0.052  -0.0435
 -0.5104  0.0193  0.0062 -0.5276 -0.0328 -0.0373]
[-0.0058  0.0511  0.9987 -0.0165 -0.0668  0.0033  0.      0.0743  0.0094
  0.9972  0.      0.      0.      0.      0.3571  1.      0.4388  1.
 -0.5536 -1.5357  2.2062 -2.1902 -1.5668 -0.0249  3.9895 -1.2626  1.923
 -2.2175 -1.6449  0.0656  1.1823 -1.3186  2.9204  0.8675 -1.6932  3.6856
  0.0354  0.3681  0.0022  0.0118  0.0462  0.0043 -0.0128 -0.0014  0.0013
 -0.0619  0.0194  0.0021 -0.0023  0.0186  0.0008  0.0724  0.1548  0.0453
  0.1846 -0.1109  0.0212 -0.006  -0.005  -0.0201 -0.0058 -0.0376  0.0058
 -0.0022  0.001  -0.013  -0.0135  0.0589  0.042  -0.0172 -0.052  -0.0435
 -0.5104  0.0193  0.0062 -0.5276 -0.0328 -0.0373]
[-0.0054  0.0507  0.9987 -0.0173 -0.0701  0.0035  0.      0.0783  0.0052
  0.9969  0.      0.      0.      0.      0.3571  1.      0.449   1.
 -0.5537 -1.5376  2.2053 -2.1878 -1.5672 -0.025   3.9898 -1.2744  1.9171
 -2.2036 -1.6491  0.0673  1.2786 -1.3453  2.9402  0.5335 -1.8195  3.7029
  0.0359  0.3682 -0.0043  0.0119  0.0462  0.0034 -0.0127 -0.0013  0.0013
 -0.0616  0.0118  0.0035 -0.0012  0.0196  0.0012  0.0798  0.1769  0.0304
  0.1861 -0.1408  0.0282  0.0042  0.0029 -0.0339  0.0175  0.0357 -0.0151
  0.0002  0.0038 -0.0248  0.015   0.0717  0.0461 -0.0172 -0.052  -0.0435
 -0.5104  0.0193  0.0062 -0.5276 -0.0328 -0.0373]
[-0.0069  0.0591  0.9982 -0.014  -0.057   0.0033  0.      0.0792  0.0091
  0.9968  0.      0.      0.      0.      0.3571  1.      0.4388  1.
 -0.5526 -1.5646  2.1744 -2.1215 -1.5659 -0.0229  3.9901 -1.2784  1.9124
 -2.1908 -1.6498  0.0726  1.0563 -1.8745  2.5554  0.3959 -1.4916  3.7583
  0.0346  0.3682  0.0105  0.0115  0.0441 -0.0146 -0.0148 -0.0017  0.0016
 -0.0617  0.0086  0.0026 -0.0022  0.0198  0.0024  0.0773  0.1576  0.017
  0.1592 -0.1762  0.0279  0.0031  0.0024 -0.0032  0.0036  0.0319 -0.0146
 -0.0047 -0.0021 -0.03   -0.0118 -0.0611 -0.0505 -0.0172 -0.052  -0.0435
 -0.5104  0.0193  0.0062 -0.5276 -0.0328 -0.0373]
[-0.0048  0.0583  0.9983 -0.0148 -0.0603  0.0035  0.      0.0795  0.0063
  0.9968  0.      0.      0.      0.      0.3571  1.      0.4286  1.
 -0.5529 -1.5671  2.1748 -2.1202 -1.5681 -0.0233  3.9898 -1.2905  1.905
 -2.1742 -1.6503  0.0696 -0.2528 -0.3873  2.9324 -0.553  -0.7135  4.0844
  0.0354  0.3683  0.0033  0.0118  0.0446 -0.0153 -0.0146 -0.0011  0.0016
 -0.0615  0.0009  0.0034 -0.0015  0.0199  0.0017 -0.0057  0.0448  0.0748
  0.1224 -0.23    0.0335  0.0003  0.0022 -0.0046  0.0055  0.0011 -0.0006
  0.0042  0.0046 -0.0192  0.0206  0.0584  0.0057 -0.0172 -0.052  -0.0435
 -0.5104  0.0193  0.0062 -0.5276 -0.0328 -0.0373]
[-0.0048  0.0597  0.9982 -0.0084 -0.0342  0.002   0.      0.0774  0.0072
  0.997   0.      0.      0.      0.      0.3469  1.      0.449   1.
 -0.5529 -1.5733  2.1687 -2.1066 -1.5681 -0.0229  3.9897 -1.2934  1.9014
 -2.167  -1.6482  0.0696  0.0974 -0.9379  2.9509 -0.2808 -0.9475  4.3209
  0.0352  0.3684  0.0049  0.0119  0.0444 -0.0192 -0.0149 -0.0011  0.0017
 -0.0617 -0.0014  0.0031 -0.0017  0.0194  0.0017  0.0006  0.0602  0.087
  0.1365 -0.2167  0.0361  0.0002 -0.0073 -0.0449 -0.0013  0.0002  0.0032
  0.0038  0.0051 -0.0389  0.038   0.0586  0.0015 -0.0172 -0.052  -0.0435
 -0.5104  0.0193  0.0062 -0.5276 -0.0328 -0.0373]
[-0.0005  0.0633  0.998  -0.0164 -0.0668  0.0042  0.      0.074   0.0048
  0.9972  0.      0.      0.      0.      0.3571  1.      0.4388  1.
 -0.5527 -1.5941  2.1502 -2.0637 -1.5725 -0.023   3.9897 -1.3079  1.8872
 -2.1409 -1.6449  0.0687  0.0008 -0.7259  2.8802 -0.2794 -0.6528  4.4258
  0.0355  0.3684  0.0062  0.0122  0.0443 -0.032  -0.0158 -0.0001  0.0016
 -0.0622 -0.0126  0.0035 -0.0011  0.0185  0.0015 -0.0022  0.0607  0.0704
  0.1282 -0.2092  0.0342  0.0011  0.0042 -0.0452 -0.029   0.0087 -0.0007
 -0.0002  0.0032 -0.0229 -0.0101  0.0141 -0.0022 -0.0172 -0.052  -0.0435
 -0.5104  0.0193  0.0062 -0.5276 -0.0328 -0.0373]
[-0.0018  0.0637  0.998  -0.0076 -0.031   0.002   0.      0.0754  0.0046
  0.9971  0.      0.      0.      0.      0.3571  1.      0.4388  1.
 -0.5525 -1.5972  2.1423 -2.0523 -1.5712 -0.0223  3.9895 -1.3164  1.8811
 -2.1263 -1.6463  0.0692  0.0088 -0.7885  2.4136 -0.0232 -0.8088  4.1996
  0.035   0.3687  0.004   0.0121  0.0432 -0.0355 -0.0159 -0.0004  0.0017
 -0.0618 -0.0184  0.0037 -0.0011  0.0189  0.0017 -0.0023  0.064   0.0463
  0.1409 -0.176   0.0307 -0.0041 -0.0167  0.0122  0.08   -0.0307  0.0135
 -0.0004  0.0007  0.0098  0.0047 -0.0119  0.0035 -0.0172 -0.052  -0.0435
 -0.5104  0.0193  0.0062 -0.5276 -0.0328 -0.0373]
[ 0.001   0.0647  0.9979 -0.0124 -0.0505  0.0033  0.      0.0764  0.0065
  0.9971  0.      0.      0.      0.      0.3571  1.      0.4388  1.
 -0.5518 -1.6072  2.1317 -2.0308 -1.574  -0.0219  3.9894 -1.3192  1.8778
 -2.1186 -1.6471  0.0694  0.1919 -0.754   2.6073  0.2249 -1.3186  3.7803
  0.0354  0.3685  0.0089  0.012   0.0431 -0.0424 -0.0162  0.0003  0.0016
 -0.0618 -0.0202  0.0033 -0.0016  0.0191  0.0017  0.0168  0.1115  0.0756
  0.1824 -0.1426  0.0217 -0.0045 -0.0236 -0.0329  0.0657 -0.0345  0.0169
 -0.0068 -0.0023 -0.0489  0.0188 -0.0089 -0.0076 -0.0172 -0.052  -0.0435
 -0.5104  0.0193  0.0062 -0.5276 -0.0328 -0.0373]
[ 0.0027  0.0688  0.9976 -0.0092 -0.0375  0.0026  0.      0.0733  0.0044
  0.9973  0.      0.      0.      0.      0.3571  1.      0.4388  1.
 -0.5521 -1.6136  2.1309 -2.0196 -1.5758 -0.0228  3.9894 -1.3245  1.8727
 -2.1102 -1.6442  0.0694  0.8118 -1.0021  2.7829  0.435  -1.1276  4.2778
  0.0367  0.3679  0.0063  0.0122  0.0444 -0.0446 -0.0172  0.0007  0.0015
 -0.0619 -0.0248  0.0036 -0.001   0.0183  0.0018  0.0525  0.1657  0.083
  0.1768 -0.1161  0.0203  0.0068  0.0205 -0.0416 -0.0805  0.0548 -0.0116
  0.0018 -0.0006 -0.0397  0.0058  0.0394 -0.0011 -0.0172 -0.052  -0.0435
 -0.5104  0.0193  0.0062 -0.5276 -0.0328 -0.0373]
[ 0.0005  0.0675  0.9977 -0.0068 -0.0277  0.0019  0.      0.075   0.0041
  0.9972  0.      0.      0.      0.      0.3571  1.      0.4286  1.
 -0.5516 -1.6198  2.1115 -1.9952 -1.5736 -0.0212  3.9894 -1.3366  1.8602
 -2.0858 -1.646   0.0694 -1.0865 -2.0937  3.0915 -0.5475  0.0941  4.0631
  0.0347  0.3688  0.0055  0.0119  0.0416 -0.0532 -0.0169  0.0002  0.0018
 -0.0618 -0.0344  0.0038 -0.001   0.0188  0.0018  0.0505 -0.0304  0.0436
  0.0935 -0.2039  0.004   0.0017  0.0249 -0.0282 -0.0626  0.0181 -0.0158
 -0.0017  0.0013 -0.0166 -0.0014 -0.0052  0.0002 -0.0172 -0.052  -0.0435
 -0.5104  0.0193  0.0062 -0.5276 -0.0328 -0.0373]
[-0.0009  0.0659  0.9978 -0.0091 -0.0375  0.0025  0.      0.0725  0.0053
  0.9974  0.      0.      0.      0.      0.3571  1.      0.4592  1.
 -0.5516 -1.6253  2.1023 -1.982  -1.5722 -0.0208  3.989  -1.3409  1.8548
 -2.0751 -1.6435  0.0693 -1.5218 -1.5964  3.0564 -0.5529 -0.2787  3.4634
  0.0341  0.369   0.0071  0.0119  0.0408 -0.0582 -0.0165 -0.0002  0.0019
 -0.0618 -0.038   0.0034 -0.0013  0.0182  0.0018  0.0056 -0.0963  0.042
  0.0829 -0.2378  0.0253  0.0048  0.0495 -0.0277 -0.0772  0.0448 -0.0258
 -0.0002 -0.0024 -0.0017  0.0123 -0.0018  0.0007 -0.0172 -0.052  -0.0435
 -0.5104  0.0193  0.0062 -0.5276 -0.0328 -0.0373]
[ 0.0065  0.0706  0.9975 -0.0132 -0.0537  0.0039  0.      0.0728  0.0025
  0.9973  0.      0.      0.      0.      0.3571  1.      0.4388  1.
 -0.5522 -1.6384  2.1029 -1.965  -1.5798 -0.0221  3.9892 -1.3512  1.8428
 -2.0555 -1.6439  0.0692 -1.1693  0.1448  2.9986 -0.4714 -0.0535  3.8095
  0.0377  0.368   0.0017  0.0124  0.044  -0.0623 -0.0177  0.0017  0.0017
 -0.0619 -0.0469  0.0041 -0.0006  0.0182  0.0018 -0.0387 -0.0653  0.0807
  0.0882 -0.2091  0.0355  0.0177  0.0476  0.0558 -0.0182  0.1105 -0.0164
  0.0005 -0.003   0.0116  0.0066  0.007  -0.0024 -0.0172 -0.052  -0.0435
 -0.5104  0.0193  0.0062 -0.5276 -0.0328 -0.0373]
[ 0.0013  0.0719  0.9974 -0.0178 -0.0733  0.0053  0.      0.0723  0.0025
  0.9974  0.      0.      0.      0.      0.3571  1.      0.4286  1.
 -0.5521 -1.6411  2.0836 -1.9416 -1.5746 -0.0209  3.9892 -1.3557  1.8367
 -2.045  -1.6434  0.0693 -0.4638  0.2549  3.2538  0.048  -0.6224  4.3753
  0.0352  0.3689  0.0052  0.0122  0.041  -0.0697 -0.018   0.0004  0.002
 -0.062  -0.051   0.0041 -0.0006  0.0181  0.0018 -0.0188 -0.0005  0.0695
  0.1286 -0.1624  0.0231 -0.001  -0.0052 -0.0474 -0.0222  0.0424 -0.0107
 -0.0018  0.0015 -0.0139  0.0157 -0.0078 -0.0027 -0.0172 -0.052  -0.0435
 -0.5104  0.0193  0.0062 -0.5276 -0.0328 -0.0373]
[ 0.0035  0.0727  0.9973 -0.0171 -0.07    0.0052  0.      0.0723  0.0029
  0.9974  0.      0.      0.      0.      0.3571  1.      0.4286  1.
 -0.5519 -1.645   2.0803 -1.9336 -1.5769 -0.021   3.9891 -1.3571  1.8353
 -2.0416 -1.6433  0.0693 -0.3155  0.3274  3.4885 -0.0543 -0.7268  4.5747
  0.0358  0.3687  0.0069  0.0122  0.0413 -0.0721 -0.0182  0.001   0.0019
 -0.0619 -0.0517  0.004  -0.0007  0.0181  0.0018 -0.0096  0.0335  0.0437
  0.1392 -0.1673  0.0256  0.0011 -0.0002 -0.0386 -0.0209  0.0158 -0.0042
 -0.0003  0.0017 -0.0226 -0.0226 -0.0003  0.0031 -0.0172 -0.052  -0.0435
 -0.5104  0.0193  0.0062 -0.5276 -0.0328 -0.0373]
[ 0.0044  0.075   0.9972 -0.0171 -0.07    0.0053  0.      0.0701 -0.0008
  0.9975  0.      0.      0.      0.      0.3571  1.      0.4286  1.
 -0.5518 -1.6575  2.0618 -1.9004 -1.5779 -0.0207  3.9891 -1.3759  1.8081
 -1.9996 -1.6414  0.0692 -0.0938  0.2323  2.6698  0.3316 -1.1188  4.6591
  0.0359  0.3687 -0.0012  0.0122  0.0409 -0.0827 -0.0188  0.0012  0.002
 -0.0622 -0.0703  0.0046  0.0003  0.0175  0.0018 -0.0147  0.0522  0.0147
  0.1414 -0.1591  0.0319  0.0001  0.0153  0.0198  0.0356  0.0121 -0.0049
 -0.004  -0.0016 -0.0497 -0.0477 -0.0018  0.0043 -0.0172 -0.052  -0.0435
 -0.5104  0.0193  0.0062 -0.5276 -0.0328 -0.0373]
[ 0.0051  0.0766  0.9971 -0.033  -0.1351  0.0105  0.      0.0708  0.0021
  0.9975  0.      0.      0.      0.      0.3571  1.      0.4286  1.
 -0.5514 -1.6597  2.0541 -1.889  -1.5786 -0.0205  3.989  -1.3783  1.8035
 -1.9897 -1.642   0.0693  0.0976  0.3748  3.2072  0.4634 -1.3292  3.7961
  0.0358  0.3688 -0.0003  0.012   0.0402 -0.0861 -0.0192  0.0014  0.0019
 -0.0621 -0.0727  0.0041 -0.0005  0.0177  0.0019 -0.0205  0.0776  0.007
  0.1789 -0.1379  0.0262 -0.0001  0.0013  0.0062  0.0362  0.0106 -0.0027
 -0.0026  0.0012 -0.0469 -0.071   0.0058  0.006  -0.0172 -0.052  -0.0435
 -0.5104  0.0193  0.0062 -0.5276 -0.0328 -0.0373]
[ 0.0074  0.0889  0.996  -0.0429 -0.2394  0.0217  0.      0.0706 -0.0003
  0.9975  0.      0.      0.      0.      0.3571  1.      0.4184  1.
 -0.5513 -1.6675  2.0268 -1.8414 -1.5813 -0.0205  3.9889 -1.3821  1.799
 -1.9839 -1.642   0.0692  0.8306  0.0028  3.5695  0.8746 -1.2853  3.919
  0.0355  0.3693  0.0076  0.0121  0.0376 -0.0979 -0.0222  0.0019  0.0019
 -0.0621 -0.0762  0.0045  0.0002  0.0177  0.0019  0.0143  0.1385 -0.0046
  0.2056 -0.0941  0.0224  0.0007  0.0016 -0.0546 -0.1302  0.0095  0.003
 -0.0098 -0.0001 -0.0761  0.0003 -0.0431  0.0012 -0.0172 -0.052  -0.0435
 -0.5104  0.0193  0.0062 -0.5276 -0.0328 -0.0373]
[ 0.0106  0.0978  0.9952 -0.0228 -0.2682  0.0266  0.      0.0697 -0.0019
  0.9976  0.      0.      0.      0.      0.3571  1.      0.4286  1.
 -0.5492 -1.6672  2.015  -1.821  -1.5845 -0.0192  3.9887 -1.3909  1.7851
 -1.9626 -1.6411  0.0692  1.3542 -0.9714  2.8655  1.6689 -1.8397  3.3422
  0.0349  0.369   0.0025  0.0112  0.0359 -0.1017 -0.0245  0.0027  0.0017
 -0.0619 -0.0848  0.0047  0.0005  0.0174  0.0019  0.0486  0.195  -0.021
  0.2446 -0.0356  0.0276  0.0015 -0.0036 -0.0126 -0.0334  0.0285 -0.0055
 -0.0043 -0.0003 -0.0548 -0.012  -0.0066  0.0014 -0.0172 -0.052  -0.0435
 -0.5104  0.0193  0.0062 -0.5276 -0.0328 -0.0373]
[ 0.0168  0.106   0.9942 -0.0337 -0.138   0.0153  0.      0.0709  0.0027
  0.9975  0.      0.      0.      0.      0.3571  1.      0.4184  1.
 -0.5485 -1.6761  1.9884 -1.7776 -1.5909 -0.0175  3.9888 -1.3958  1.7763
 -1.9452 -1.642   0.0693  1.4856 -1.2055  3.1014  1.627  -1.8784  3.5139
  0.0356  0.369   0.0095  0.0108  0.034  -0.1141 -0.0265  0.0043  0.0019
 -0.0615 -0.0898  0.004  -0.0006  0.0177  0.0019  0.0762  0.215  -0.0235
  0.2565 -0.024   0.0142  0.0007 -0.0038 -0.0171  0.0056  0.0114  0.0007
 -0.0016 -0.0038 -0.0195  0.0178 -0.0012 -0.0009 -0.0172 -0.052  -0.0435
 -0.5104  0.0193  0.0062 -0.5276 -0.0328 -0.0373]
[ 0.0183  0.1106  0.9937 -0.0378 -0.1541  0.0179  0.      0.0704  0.0017
  0.9975  0.      0.      0.      0.      0.3469  1.      0.4286  1.
 -0.5483 -1.6768  1.9842 -1.768  -1.5925 -0.0172  3.9887 -1.4027  1.7644
 -1.9267 -1.6418  0.0691  1.9719 -0.9178  3.0982  1.422  -1.8629  3.5903
  0.036   0.3689  0.0032  0.0107  0.0336 -0.1157 -0.0277  0.0047  0.0019
 -0.0614 -0.0976  0.0041 -0.0004  0.0176  0.0019  0.0774  0.2556 -0.0217
  0.2542 -0.0348  0.0206 -0.0013 -0.0071 -0.0339  0.0135  0.0033 -0.0035
 -0.0033  0.0011 -0.0743  0.0029  0.0091  0.0003 -0.0172 -0.052  -0.0435
 -0.5104  0.0193  0.0062 -0.5276 -0.0328 -0.0373]
[ 0.02    0.1117  0.9935 -0.021  -0.086   0.0101  0.      0.0709  0.0063
  0.9975  0.      0.      0.      0.      0.3571  1.      0.4286  1.
 -0.5479 -1.6802  1.9728 -1.7522 -1.5942 -0.0166  3.9888 -1.407   1.7534
 -1.9067 -1.642   0.0691  2.3346 -1.3635  3.171   1.7668 -2.1247  3.952
  0.036   0.3689  0.003   0.0104  0.0328 -0.121  -0.028   0.0051  0.0019
 -0.0613 -0.1031  0.0035 -0.0015  0.0177  0.0018  0.1117  0.2971 -0.0192
  0.2752 -0.0016  0.0346  0.0034 -0.0023 -0.0209  0.0189  0.0394  0.0014
 -0.0043  0.0071 -0.0809 -0.0914  0.0136  0.0015 -0.0172 -0.052  -0.0435
 -0.5104  0.0193  0.0062 -0.5276 -0.0328 -0.0373]
[ 0.0088  0.0467  0.4124  0.      0.      0.      0.      0.0711  0.0039
  0.9975  0.      0.      0.      0.      0.3571  1.      0.4286  1.
 -0.5476 -1.6833  1.9635 -1.7388 -1.5956 -0.0164  3.9888 -1.4108  1.746
 -1.8979 -1.6424  0.0693  2.5301 -1.7299  3.2119  2.4061 -3.3888  3.5557
  0.0361  0.369   0.0027  0.0102  0.0322 -0.1254 -0.0282  0.0054  0.0019
 -0.0613 -0.1077  0.0039 -0.0009  0.0178  0.0019  0.1334  0.3287 -0.0138
  0.3541  0.0535  0.0435 -0.0006 -0.0033 -0.0188 -0.0289  0.0032  0.0005
 -0.0019 -0.0013 -0.0251  0.0723 -0.005  -0.0032 -0.0172 -0.052  -0.0435
 -0.5104  0.0193  0.0062 -0.5276 -0.0328 -0.0373]
[ 0.      0.      0.      0.      0.      0.      0.      0.0011  0.
  0.0151  0.      0.      0.      0.      0.3673  1.      0.4388  1.
 -0.5476 -1.6847  1.9587 -1.7319 -1.596  -0.0164  3.9888 -1.4159  1.7351
 -1.8844 -1.6422  0.0692  1.6505 -0.9399  3.1749  1.6374 -2.7364  4.3586
  0.036   0.3691 -0.0015  0.0101  0.0319 -0.1277 -0.0284  0.0056  0.0019
 -0.0613 -0.1143  0.0042 -0.0003  0.0177  0.0019  0.0949  0.2332 -0.0049
  0.3033 -0.0005  0.0332 -0.0002 -0.0057 -0.0043  0.0532 -0.0006 -0.0009
 -0.0003 -0.0063 -0.0025  0.0597  0.0016 -0.0051 -0.0172 -0.052  -0.0435
 -0.5104  0.0193  0.0062 -0.5276 -0.0328 -0.0373]
[ 0.      0.      0.      0.      0.      0.      0.      0.      0.
  0.      0.      0.      0.      0.      0.3469  1.      0.4286  1.
 -0.5477 -1.6848  1.9597 -1.733  -1.5957 -0.0164  3.9886 -1.4158  1.7361
 -1.8847 -1.6416  0.0692  1.4578 -1.4143  3.1771  1.448  -2.9097  4.1853
  0.0362  0.3689 -0.0014  0.0102  0.032  -0.1274 -0.0283  0.0055  0.0019
 -0.0612 -0.1138  0.0041 -0.0005  0.0176  0.0019  0.0994  0.2049 -0.0081
  0.2994 -0.0363  0.0241  0.0011  0.0077  0.0145 -0.0266  0.0081 -0.0013
  0.0053  0.003   0.0322  0.0185  0.0162 -0.0037 -0.0172 -0.052  -0.0435
 -0.5104  0.0193  0.0062 -0.5276 -0.0328 -0.0373]
[ 0.      0.      0.      0.      0.      0.      0.      0.      0.
  0.      0.      0.      0.      0.      0.3571  1.      0.4286  1.
 -0.5476 -1.6841  1.959  -1.7344 -1.5955 -0.016   3.9886 -1.4137  1.7393
 -1.8901 -1.6413  0.0692  1.0591 -1.7246  2.9082  0.7129 -1.9092  4.7526
  0.0356  0.3693  0.0009  0.0102  0.0318 -0.1274 -0.028   0.0054  0.002
 -0.0614 -0.1117  0.0041 -0.0005  0.0175  0.0019  0.0939  0.1709  0.0001
  0.2469 -0.0882  0.0147  0.0011  0.0057  0.0105 -0.0156  0.009  -0.0015
  0.0003 -0.001  -0.0076  0.0357  0.0057 -0.0085 -0.0172 -0.052  -0.0435
 -0.5104  0.0193  0.0062 -0.5276 -0.0328 -0.0373]
[ 0.      0.      0.      0.      0.      0.      0.      0.      0.
  0.      0.      0.      0.      0.      0.3571  1.      0.4388  1.
 -0.5474 -1.6842  1.9588 -1.7337 -1.5956 -0.0161  3.9886 -1.4143  1.7387
 -1.8894 -1.641   0.069   0.8713 -1.2841  2.5882  0.7148 -2.1892  4.7042
  0.0357  0.3691  0.0005  0.0101  0.0318 -0.1275 -0.0281  0.0055  0.0019
 -0.0614 -0.1121  0.0041 -0.0003  0.0174  0.0019  0.0774  0.1387  0.0137
  0.2451 -0.1072  0.0288 -0.0003  0.0029  0.0052 -0.0093 -0.0078  0.005
 -0.0002  0.0021 -0.0023 -0.019  -0.0109  0.0054 -0.0172 -0.052  -0.0435
 -0.5104  0.0193  0.0062 -0.5276 -0.0328 -0.0373]
[-0.0356 -0.0019  0.9906  0.2596 -0.0633  0.0015  0.      0.0691  0.0001
  0.9976 -0.171   0.0419  0.0118  0.      0.3571  1.      0.4388  1.
 -0.5475 -1.6843  1.9591 -1.7345 -1.5957 -0.0159  3.9885 -1.4146  1.739
 -1.891  -1.6406  0.069   0.391  -1.0061  2.7536  0.2227 -0.9482  4.4868
  0.0357  0.3692  0.0002  0.0101  0.0318 -0.1274 -0.028   0.0055  0.002
 -0.0614 -0.1124  0.0043  0.      0.0173  0.0019  0.0561  0.0967  0.0066
  0.1869 -0.1457  0.0142  0.0003  0.0005  0.0012 -0.0016 -0.0014  0.0018
  0.0002  0.0005  0.0043 -0.0024 -0.0038 -0.0005 -0.0172 -0.052  -0.0435
 -0.5104  0.0193  0.0062 -0.5276 -0.0328 -0.0373]
[ 0.029   0.1107  0.9934  0.0441 -0.0108 -0.0001  0.      0.0712  0.0062
  0.9974 -0.1124  0.0276  0.0078  0.      0.3571  1.      0.4388  1.
 -0.5439 -1.685   1.9537 -1.7293 -1.6028 -0.0115  3.9887 -1.4166  1.7285
 -1.8722 -1.6423  0.0693  0.3326 -0.8245  3.02   -0.0876 -1.114   4.4695
  0.0353  0.3686 -0.0016  0.0083  0.0317 -0.1299 -0.0277  0.0074  0.0021
 -0.0615 -0.1166  0.0036 -0.0015  0.0178  0.0019  0.0466  0.0658  0.0019
  0.1829 -0.1737 -0.0147 -0.0119 -0.0011 -0.0306  0.0106  0.0886 -0.0196
 -0.0046  0.0009 -0.031  -0.0321  0.0077 -0.0032 -0.0172 -0.052  -0.0435
 -0.5104  0.0193  0.0062 -0.5276 -0.0328 -0.0373]
[ 0.0138  0.045   0.7913  0.3479 -0.0843 -0.0013  0.      0.0718  0.0065
  0.9974  0.      0.      0.      0.      0.3571  1.      0.4184  1.
 -0.5433 -1.6861  1.9523 -1.7294 -1.6035 -0.0111  3.9889 -1.4191  1.7222
 -1.863  -1.6429  0.0693  0.2397 -0.626   3.134  -0.0814 -1.2092  4.6784
  0.0352  0.3684 -0.0039  0.008   0.0319 -0.1309 -0.027   0.0076  0.0021
 -0.0614 -0.12    0.0036 -0.0016  0.018   0.0018  0.0292  0.0436  0.0258
  0.194  -0.1756 -0.04    0.0026 -0.0003 -0.0179 -0.0119 -0.0219  0.0021
 -0.004   0.0036 -0.0315 -0.0096  0.0008 -0.0028 -0.0172 -0.052  -0.0435
 -0.5104  0.0193  0.0062 -0.5276 -0.0328 -0.0373]
[ 0.      0.      0.      0.      0.      0.      0.      0.      0.
  0.      0.      0.      0.      0.      0.3571  1.      0.4388  1.
 -0.5407 -1.6875  1.9483 -1.7258 -1.6127 -0.007   3.989  -1.4221  1.7118
 -1.8502 -1.6408  0.0692 -1.2739  0.2367  3.0488 -1.7026  0.1998  4.7742
  0.0348  0.3682 -0.0069  0.0066  0.032  -0.1329 -0.0267  0.0098  0.0023
 -0.0617 -0.125   0.0036 -0.0015  0.0175  0.0018 -0.0476 -0.1444  0.0624
  0.0855 -0.3226 -0.0246 -0.0011  0.0014 -0.0096  0.0054  0.0491 -0.0078
 -0.0007 -0.0025 -0.0184 -0.0018 -0.0102  0.0047 -0.0172 -0.052  -0.0435
 -0.5104  0.0193  0.0062 -0.5276 -0.0328 -0.0373]
[ 0.0137 -0.0741 -0.6134 -0.0287  0.1907 -0.0191  0.     -0.0434 -0.0037
 -0.6422  0.      0.      0.      0.      0.3571  1.      0.4286  1.
 -0.5404 -1.6871  1.9489 -1.7278 -1.612  -0.0063  3.9883 -1.424   1.7135
 -1.8505 -1.6386  0.069  -1.1062  0.5578  2.6979 -1.399   0.241   4.8777
  0.0352  0.3678 -0.0075  0.0063  0.0321 -0.1327 -0.0264  0.0098  0.0024
 -0.061  -0.1255  0.0035 -0.0014  0.0169  0.0019 -0.0683 -0.1692  0.1024
  0.0917 -0.308  -0.0035  0.0119  0.0021  0.0292 -0.0351 -0.1715  0.009
  0.0029 -0.0045  0.0194  0.0229  0.0182 -0.0006 -0.0172 -0.052  -0.0435
 -0.5104  0.0193  0.0062 -0.5276 -0.0328 -0.0373]
[ 0.335  -0.1956 -0.9988 -0.126   0.262  -0.023   0.     -0.0676 -0.0061
 -0.9977  0.      0.      0.      0.      0.3571  1.      0.4388  1.
 -0.5405 -1.687   1.9495 -1.7278 -1.6126 -0.0055  3.9883 -1.4237  1.7142
 -1.8512 -1.6388  0.0691 -1.347   0.3548  2.8377 -1.6284  0.5144  4.6136
  0.0354  0.3678 -0.0074  0.0063  0.0321 -0.1325 -0.0265  0.01    0.0026
 -0.061  -0.1251  0.0034 -0.0015  0.0169  0.0019 -0.0653 -0.1945  0.0926
  0.0758 -0.3218 -0.009  -0.0042  0.0027 -0.0061 -0.0055  0.1163  0.0142
 -0.0002  0.0027  0.0099 -0.0267 -0.007   0.0039 -0.0172 -0.052  -0.0435
 -0.5104  0.0193  0.0062 -0.5276 -0.0328 -0.0373]
[ 0.4088 -0.1872 -0.9922 -0.0879  0.1575 -0.0125  0.     -0.0692 -0.0052
 -0.9976  0.      0.      0.      0.      0.3469  1.      0.4388  1.
 -0.5503 -1.6848  1.9987 -1.7998 -1.5847 -0.021   3.9884 -1.4072  1.7469
 -1.9009 -1.6406  0.0691  0.9515 -0.6429  2.9363  0.1938 -1.0059  4.8437
  0.0366  0.3688 -0.0077  0.0116  0.0377 -0.1142 -0.0214  0.0028  0.0016
 -0.062  -0.1079  0.0036 -0.0012  0.0173  0.0019  0.0463  0.0594  0.104
  0.1842 -0.1549 -0.0061  0.0039  0.0182  0.0234 -0.0318  0.0098  0.0055
  0.0051 -0.0038  0.0588  0.0054  0.0131 -0.0004 -0.0172 -0.052  -0.0435
 -0.5104  0.0193  0.0062 -0.5276 -0.0328 -0.0373]
[ 0.4774 -0.2083 -0.994  -0.0348  0.148  -0.0124  0.     -0.0689 -0.0029
 -0.9976  0.      0.      0.      0.      0.3469  1.      0.4388  1.
 -0.5502 -1.6901  2.0058 -1.7993 -1.5912 -0.0194  3.9883 -1.4124  1.7437
 -1.8951 -1.6402  0.0689  2.2062 -0.7886  2.7722  1.9166 -2.6414  4.0574
  0.0398  0.3674 -0.0103  0.0113  0.0403 -0.1135 -0.022   0.0044  0.0019
 -0.0612 -0.1094  0.0039 -0.0007  0.0172  0.0019  0.0848  0.2086  0.0747
  0.3158  0.0114 -0.0006  0.004   0.0203 -0.0089 -0.0491  0.0515  0.0154
  0.003  -0.0048  0.0339  0.0465  0.002  -0.0018  0.      0.      0.
 -0.5276 -0.0328 -0.0373 -0.5276 -0.0328 -0.0373]
[ 0.4842 -0.2044 -0.9933 -0.0413  0.122  -0.0097  0.     -0.0699 -0.003
 -0.9976  0.      0.      0.      0.      0.3571  1.      0.4388  1.
 -0.554  -1.6933  2.0291 -1.8235 -1.588  -0.0227  3.9882 -1.4049  1.7596
 -1.9185 -1.6411  0.069   2.8974 -0.9599  2.5816  2.3855 -3.3554  4.6884
  0.0429  0.3671 -0.0084  0.0129  0.0443 -0.1063 -0.0209  0.0036  0.002
 -0.0613 -0.1002  0.0039 -0.0007  0.0175  0.002   0.1227  0.3188  0.1014
  0.3659  0.0763  0.0213  0.0069  0.015   0.0271 -0.0055  0.0059  0.0161
  0.0039 -0.0001  0.0466 -0.0067  0.0065 -0.001   0.      0.      0.
 -0.5276 -0.0328 -0.0373 -0.5276 -0.0328 -0.0373]
[ 0.4687 -0.1978 -0.9935 -0.0566  0.1016 -0.0075  0.     -0.0708 -0.0039
 -0.9975  0.      0.      0.      0.      0.3571  1.      0.449   1.
 -0.5573 -1.6969  2.0504 -1.8438 -1.5873 -0.0254  3.9882 -1.3988  1.7698
 -1.9337 -1.6419  0.0691  3.1456 -1.4008  2.5976  2.5554 -3.472   4.5147
  0.0462  0.3666 -0.0084  0.0141  0.0483 -0.1    -0.0203  0.0034  0.0021
 -0.0616 -0.0938  0.0038 -0.0009  0.0177  0.002   0.1402  0.3534  0.1
  0.3757  0.1081  0.022   0.0004  0.0142  0.0252  0.0145 -0.011  -0.0003
  0.0018 -0.0006  0.0239 -0.0381  0.0033  0.0017  0.      0.      0.
 -0.5276 -0.0328 -0.0373 -0.5276 -0.0328 -0.0373]
[ 0.4702 -0.1968 -0.993  -0.0557  0.0911 -0.0067  0.     -0.0711 -0.0017
 -0.9975  0.      0.      0.      0.      0.3571  1.      0.449   1.
 -0.5599 -1.6992  2.0699 -1.8618 -1.5858 -0.0274  3.9882 -1.3941  1.7797
 -1.9505 -1.6424  0.0692  3.4994 -1.0386  3.1558  2.8752 -3.4067  4.6992
  0.0489  0.3659 -0.0087  0.015   0.0517 -0.0945 -0.02    0.003   0.0022
 -0.0616 -0.0883  0.0042 -0.0004  0.0178  0.002   0.1485  0.3849  0.1674
  0.3807  0.14    0.0242  0.0094  0.0361  0.06   -0.0154  0.0029  0.0134
  0.0002 -0.0008  0.0052 -0.0565 -0.0003  0.0059  0.      0.      0.
 -0.5276 -0.0328 -0.0373 -0.5276 -0.0328 -0.0373]
[ 0.4691 -0.1928 -0.9926 -0.0517  0.0935 -0.0068  0.     -0.0711 -0.0023
 -0.9975  0.      0.      0.      0.      0.3571  1.      0.449   1.
 -0.5623 -1.7013  2.0834 -1.8762 -1.584  -0.0293  3.9881 -1.3895  1.7878
 -1.9626 -1.6423  0.069   3.0701 -0.989   3.0997  2.7107 -2.984   4.9876
  0.0512  0.3656 -0.0083  0.0159  0.0544 -0.0898 -0.0193  0.0025  0.0025
 -0.0617 -0.0833  0.0041 -0.0005  0.0178  0.002   0.1089  0.3356  0.2302
  0.3621  0.1256  0.0162  0.004   0.0158  0.0262 -0.0113 -0.0072  0.0139
  0.0014  0.0043  0.0053 -0.1079  0.0017  0.0097  0.      0.      0.
 -0.5276 -0.0328 -0.0373 -0.5276 -0.0328 -0.0373]
[ 0.4705 -0.1923 -0.992  -0.0591  0.0918 -0.0066  0.     -0.0715 -0.0043
 -0.9974  0.      0.      0.      0.      0.3469  1.      0.4592  1.
 -0.5644 -1.7027  2.0984 -1.8901 -1.5828 -0.0307  3.988  -1.385   1.7952
 -1.9725 -1.6426  0.0691  3.2268 -1.2506  2.8715  3.5043 -3.2041  4.4988
  0.0537  0.3649 -0.0084  0.0166  0.0572 -0.085  -0.0192  0.0022  0.0026
 -0.0616 -0.0785  0.0038 -0.001   0.0179  0.002   0.1241  0.3424  0.2478
  0.3928  0.1929  0.0118  0.0061  0.0253  0.0445 -0.0232 -0.0142  0.0209
  0.0022  0.0017  0.018  -0.0007  0.0036  0.0009  0.      0.      0.
 -0.5276 -0.0328 -0.0373 -0.5276 -0.0328 -0.0373]
[ 0.4736 -0.1868 -0.9916 -0.0615  0.0959 -0.0065  0.     -0.0706  0.0053
 -0.9975  0.      0.      0.      0.      0.3469  1.      0.4694  1.
 -0.568  -1.7057  2.1238 -1.9181 -1.5796 -0.0348  3.9881 -1.3761  1.8088
 -2.0047 -1.6422  0.0691  3.7227 -1.4493  3.1643  3.0681 -3.0955  4.422
  0.0565  0.3644 -0.0084  0.0178  0.062  -0.0772 -0.0178  0.0014  0.0025
 -0.0625 -0.0707  0.0055  0.0014  0.0177  0.0021  0.1469  0.3699  0.2636
  0.377   0.1575  0.0081  0.0045  0.006   0.0136 -0.0006  0.0006  0.0102
  0.0011 -0.002   0.0366  0.0011 -0.0138 -0.0005  0.      0.      0.
 -0.5276 -0.0328 -0.0373 -0.5276 -0.0328 -0.0373]
[ 0.4906 -0.1903 -0.9912 -0.0675  0.1145 -0.0079  0.     -0.0721  0.002
 -0.9974  0.      0.      0.      0.      0.3571  1.      0.4592  1.
 -0.5702 -1.7065  2.1363 -1.9305 -1.579  -0.0358  3.988  -1.3728  1.8153
 -2.0111 -1.6436  0.069   3.7103 -1.2285  3.322   3.1646 -3.4292  4.255
  0.0589  0.3638 -0.0083  0.0183  0.0641 -0.0733 -0.0179  0.0012  0.0027
 -0.062  -0.0666  0.0049  0.0006  0.0181  0.0021  0.1309  0.3791  0.285
  0.3887  0.1562  0.0295  0.0037  0.0003  0.0026 -0.0005 -0.0068  0.0102
  0.0012  0.0023  0.0059 -0.0147 -0.0002  0.0034  0.      0.      0.
 -0.5276 -0.0328 -0.0373 -0.5276 -0.0328 -0.0373]
[ 0.5157 -0.1926 -0.9904 -0.0628  0.134  -0.0091  0.     -0.0725  0.0031
 -0.9974 -0.002  -0.0082  0.0001  0.      0.3571  1.      0.4592  1.
 -0.5727 -1.708   2.1516 -1.9463 -1.5772 -0.0379  3.9879 -1.3681  1.8218
 -2.0233 -1.644   0.069   4.103  -1.1693  3.2239  2.8008 -2.9756  4.6917
  0.0614  0.3634 -0.009   0.0192  0.0671 -0.0683 -0.0171  0.0007  0.0029
 -0.0622 -0.0624  0.0052  0.0009  0.0181  0.0021  0.1395  0.4027  0.3181
  0.3733  0.1567  0.0248  0.0029  0.0161  0.0296  0.0038 -0.0149  0.0046
  0.0028 -0.003   0.0391  0.0163  0.0004 -0.001   0.      0.      0.
 -0.5276 -0.0328 -0.0373 -0.5276 -0.0328 -0.0373]
[ 0.5282 -0.182  -0.9913 -0.061   0.1576 -0.009   0.     -0.0748 -0.003
 -0.9972 -0.0067 -0.0278  0.0006  0.      0.3469  1.      0.4592  1.
 -0.5799 -1.7111  2.187  -1.9903 -1.5745 -0.0426  3.988  -1.3588  1.8381
 -2.0427 -1.6459  0.0691  3.4832 -1.3118  3.0396  2.2345 -3.2569  4.6528
  0.0678  0.3621 -0.009   0.0213  0.0735 -0.0573 -0.0142  0.0001  0.0035
 -0.0611 -0.0519  0.0041 -0.0007  0.0187  0.002   0.1435  0.3672  0.3302
  0.372   0.1254  0.0318  0.0045  0.0136  0.0244  0.0159 -0.0041  0.0035
  0.0013 -0.0057  0.0195  0.0647  0.0003 -0.0052  0.      0.      0.
 -0.5276 -0.0328 -0.0373 -0.5276 -0.0328 -0.0373]
[ 0.5327 -0.1855 -0.99   -0.0615  0.1544 -0.0091  0.     -0.075  -0.0006
 -0.9972 -0.0076 -0.031   0.0006  0.      0.3571  1.      0.4694  1.
 -0.5807 -1.7115  2.1925 -1.9941 -1.5731 -0.0433  3.988  -1.3548  1.842
 -2.053  -1.6463  0.0691  3.4859 -1.4564  2.9065  1.6673 -2.9024  4.4463
  0.0683  0.3619 -0.0077  0.0214  0.0744 -0.056  -0.0146 -0.0003  0.0036
 -0.0615 -0.049   0.0046 -0.0001  0.0188  0.0021  0.1458  0.3698  0.334
  0.3434  0.0954  0.0222  0.0066  0.0194  0.0331  0.015  -0.0098  0.006
  0.0021 -0.0067  0.0206  0.043   0.0097 -0.0035  0.      0.      0.
 -0.5276 -0.0328 -0.0373 -0.5276 -0.0328 -0.0373]
[ 0.5466 -0.1831 -0.9885 -0.0587  0.1674 -0.0095  0.     -0.0761  0.0007
 -0.9971 -0.0084 -0.0343  0.0006  0.      0.3571  1.      0.4592  1.
 -0.5862 -1.7127  2.2191 -2.0222 -1.5695 -0.0471  3.9881 -1.3467  1.8525
 -2.0729 -1.6474  0.0692  2.8784 -2.4525  3.0545  1.2252 -3.3305  5.0445
  0.073   0.361  -0.0096  0.0228  0.0797 -0.0469 -0.0138 -0.0012  0.004
 -0.0616 -0.042   0.0049  0.0003  0.019   0.0021  0.1712  0.3197  0.3519
  0.3433  0.0558  0.0222  0.006   0.0208  0.0366  0.0483 -0.0189  0.0085
  0.0009  0.0018  0.0239 -0.0105  0.0036 -0.0017  0.      0.      0.
 -0.5276 -0.0328 -0.0373 -0.5276 -0.0328 -0.0373]
[ 0.5635 -0.1808 -0.9871 -0.0639  0.1893 -0.01    0.     -0.0771  0.0013
 -0.997  -0.01   -0.0408  0.0007  0.      0.3673  1.      0.4592  1.
 -0.589  -1.7141  2.2325 -2.0393 -1.5655 -0.0493  3.9883 -1.3373  1.8634
 -2.0937 -1.6484  0.0692  3.0237 -1.6385  2.9391  1.4905 -3.1902  5.0038
  0.075   0.3605 -0.0056  0.0234  0.0822 -0.0427 -0.0125 -0.0022  0.0041
 -0.0616 -0.0342  0.0051  0.0004  0.0193  0.002   0.1245  0.3273  0.3497
  0.3381  0.0615  0.009  -0.0102 -0.0291 -0.0506  0.0112 -0.0118 -0.0088
 -0.0025  0.0029 -0.0189  0.0134 -0.0122 -0.0012  0.      0.      0.
 -0.5276 -0.0328 -0.0373 -0.5276 -0.0328 -0.0373]
[ 0.5751 -0.1858 -0.9873 -0.05    0.2173 -0.0114  0.     -0.0779  0.0078
 -0.9969 -0.0124 -0.0506  0.0006  0.      0.3571  1.      0.4592  1.
 -0.5892 -1.7144  2.2377 -2.0449 -1.5642 -0.0505  3.9884 -1.3408  1.8635
 -2.0966 -1.6496  0.0692  3.2886 -1.884   2.5507  1.4529 -2.9906  4.3595
  0.0745  0.3601 -0.0065  0.0229  0.0816 -0.0441 -0.0127 -0.0019  0.0037
 -0.0613 -0.0364  0.0065  0.002   0.0195  0.0021  0.1333  0.3508  0.3363
  0.3294  0.0608 -0.0021  0.0133  0.0424  0.0789  0.0988 -0.0472  0.0317
  0.0062 -0.0079  0.0588  0.0333  0.03   -0.0048  0.      0.      0.
 -0.5276 -0.0328 -0.0373 -0.5276 -0.0328 -0.0373]
[ 0.5715 -0.1725 -0.9859 -0.0412  0.2287 -0.0102  0.     -0.079   0.0065
 -0.9969 -0.0116 -0.0473  0.0006  0.      0.3469  1.      0.4592  1.
 -0.5945 -1.7154  2.2602 -2.0731 -1.5608 -0.0536  3.9887 -1.3297  1.8745
 -2.1174 -1.6506  0.0693  2.7353 -1.5005  2.5527  1.1725 -3.1438  4.204
  0.0796  0.3592 -0.0073  0.0244  0.0873 -0.0339 -0.0105 -0.0033  0.0044
 -0.0614 -0.0277  0.0064  0.0017  0.0198  0.002   0.114   0.3388  0.3583
  0.3194  0.0349 -0.014   0.0114  0.0386  0.0704  0.11   -0.0377  0.0286
  0.0051 -0.0024  0.0403  0.0555  0.0301 -0.0096  0.      0.      0.
 -0.5276 -0.0328 -0.0373 -0.5276 -0.0328 -0.0373]
[ 0.5805 -0.1701 -0.985  -0.0492  0.2238 -0.0092  0.     -0.0802  0.0082
 -0.9967 -0.018  -0.0734  0.0008  0.      0.3571  1.      0.4592  1.
 -0.5976 -1.716   2.275  -2.0912 -1.558  -0.0562  3.9888 -1.3245  1.882
 -2.1317 -1.6519  0.0693  1.9019 -1.0573  3.218   0.7527 -2.5505  4.3349
  0.0823  0.3584 -0.0071  0.025   0.09   -0.0292 -0.0095 -0.004   0.0046
 -0.061  -0.0231  0.0069  0.0021  0.0201  0.002   0.0787  0.2587  0.3794
  0.2887 -0.0126 -0.0194  0.0089  0.0266  0.0492  0.0405 -0.0214  0.0138
  0.0021 -0.0062  0.021   0.0242  0.0065 -0.0005  0.      0.      0.
 -0.5276 -0.0328 -0.0373 -0.5276 -0.0328 -0.0373]
[ 0.5812 -0.162  -0.984  -0.0583  0.2294 -0.0082  0.     -0.0819  0.0104
 -0.9966 -0.0268 -0.1094  0.0011  0.      0.3571  1.      0.4592  1.
 -0.5983 -1.7132  2.2863 -2.1122 -1.5536 -0.0563  3.989  -1.3168  1.8898
 -2.1493 -1.6537  0.0693  1.8414 -1.4907  2.5635  0.7265 -2.3285  4.2439
  0.0829  0.3578 -0.0052  0.0247  0.0914 -0.0246 -0.0077 -0.005   0.0047
 -0.0611 -0.0174  0.0075  0.0027  0.0205  0.002   0.1011  0.2594  0.3471
  0.2622 -0.0178 -0.0192  0.0031  0.0143  0.087   0.1338 -0.0406  0.0366
  0.0097  0.0102  0.08   -0.0137  0.0443 -0.0022  0.      0.      0.
 -0.5276 -0.0328 -0.0373 -0.5276 -0.0328 -0.0373]
[ 0.548  -0.1516 -0.9838 -0.0596  0.226  -0.0081  0.     -0.0815  0.0113
 -0.973  -0.0315 -0.129   0.0011  0.      0.3469  1.      0.4592  1.
 -0.602  -1.714   2.3003 -2.1259 -1.5511 -0.0592  3.9894 -1.309   1.8966
 -2.1666 -1.6565  0.0696  2.1243 -2.1693  2.6499  0.9482 -2.2307  4.7032
  0.0854  0.3574 -0.0056  0.0254  0.0942 -0.0202 -0.0075 -0.0056  0.0049
 -0.0615 -0.0135  0.008   0.003   0.0209  0.002   0.1291  0.2716  0.3619
  0.2418 -0.0252 -0.0306  0.0045  0.0247  0.0068  0.0302 -0.0326 -0.0017
  0.0086  0.0004  0.057   0.0443  0.0374 -0.0027  0.      0.      0.
 -0.5276 -0.0328 -0.0373 -0.5276 -0.0328 -0.0373]
[ 0.5247 -0.1376 -0.9481 -0.0493  0.213  -0.0068  0.     -0.0854  0.014
 -0.9794 -0.0316 -0.129   0.0009  0.      0.3571  1.      0.449   1.
 -0.6108 -1.7083  2.3368 -2.1723 -1.544  -0.0649  3.9908 -1.3007  1.903
 -2.1821 -1.6589  0.0703  2.1661 -1.3841  2.6992  0.6537 -2.7427  4.3364
  0.091   0.356  -0.0114  0.0267  0.1004 -0.0068 -0.0063 -0.0073  0.0056
 -0.0614 -0.0064  0.0089  0.0036  0.0217  0.0019  0.0922  0.2505  0.3942
  0.2679 -0.0345 -0.0312 -0.0039  0.0055 -0.0318  0.0387 -0.0268 -0.0023
  0.0109  0.0064  0.0578  0.0994  0.0438 -0.0108  0.      0.      0.
 -0.5276 -0.0328 -0.0373 -0.5276 -0.0328 -0.0373]
[ 0.4804 -0.112  -0.8466 -0.0282  0.229  -0.0029  0.     -0.084   0.0117
 -0.9492 -0.0253 -0.1028  0.001   0.      0.3469  1.      0.4592  1.
 -0.6118 -1.706   2.3468 -2.2005 -1.541  -0.0658  3.9907 -1.2957  1.9065
 -2.1885 -1.6601  0.0705  1.6085 -1.6223  2.6377  0.1052 -2.3901  4.3886
  0.0913  0.3559 -0.0101  0.0266  0.1007 -0.003  -0.0023 -0.0078  0.0056
 -0.0614 -0.0029  0.0086  0.0031  0.022   0.0019  0.077   0.1819  0.4111
  0.2564 -0.0908 -0.0428  0.007   0.0342  0.0807 -0.0653 -0.0092 -0.0092
  0.0065 -0.0047  0.0409  0.0489  0.0456 -0.0031  0.      0.      0.
 -0.5276 -0.0328 -0.0373 -0.5276 -0.0328 -0.0373]
[ 0.4456 -0.1138 -0.8356 -0.0377  0.2035 -0.0056  0.     -0.0765  0.0095
 -0.8756 -0.0253 -0.1028  0.0011  0.      0.3571  1.      0.4592  1.
 -0.6164 -1.7045  2.3597 -2.2021 -1.5404 -0.0696  3.991  -1.2942  1.9117
 -2.1958 -1.6602  0.0706  2.7773 -2.166   1.7198  1.2194 -2.6063  3.7668
  0.0959  0.3543 -0.0149  0.0275  0.1044  0.0014 -0.0054 -0.0082  0.0058
 -0.0601 -0.002   0.008   0.0028  0.0218  0.0019  0.1031  0.3061  0.3925
  0.3009  0.0204 -0.0344  0.0007 -0.0014  0.0031  0.1354 -0.0094  0.0189
  0.0067 -0.0134  0.0354  0.0859  0.0373 -0.0074  0.      0.      0.
 -0.5276 -0.0328 -0.0373 -0.5276 -0.0328 -0.0373]
[ 0.1371 -0.0356 -0.4066  0.0074  0.1449 -0.0024  0.     -0.0275  0.0052
 -0.3029 -0.0294 -0.1191  0.0006  0.      0.3571  1.      0.4694  1.
 -0.6195 -1.7029  2.3739 -2.2273 -1.5358 -0.0709  3.9914 -1.2865  1.9164
 -2.2121 -1.6627  0.0709  2.5011 -1.7389  1.934  -0.237  -2.4346  4.2884
  0.0961  0.3546 -0.0125  0.0275  0.1055  0.0049 -0.0046 -0.0087  0.0059
 -0.061   0.0034  0.01    0.0043  0.0226  0.0019  0.0775  0.2155  0.4084
  0.2583 -0.0978 -0.0321  0.0037  0.0025  0.0034  0.1266 -0.019   0.0161
  0.0083 -0.0178  0.0478  0.0469  0.0441 -0.0046  0.      0.      0.
 -0.5276 -0.0328 -0.0373 -0.5276 -0.0328 -0.0373]
[ 0.      0.      0.      0.      0.      0.      0.      0.      0.
  0.      0.      0.      0.      0.      0.3571  1.      0.4694  1.
 -0.6201 -1.6976  2.3797 -2.239  -1.5335 -0.0711  3.9923 -1.2908  1.9164
 -2.2111 -1.6639  0.0713  0.8418 -0.705   2.1246 -0.6444 -1.9832  4.3783
  0.0973  0.3536 -0.0182  0.0273  0.1067  0.0096 -0.0027 -0.0097  0.0063
 -0.0604  0.0015  0.0108  0.0052  0.0229  0.0018  0.0128  0.1011  0.3999
  0.2196 -0.1495 -0.0217 -0.0046  0.0448  0.0614  0.0804 -0.0458  0.0178
  0.0052 -0.0147  0.0414  0.0549  0.0193 -0.0175  0.      0.      0.
 -0.5276 -0.0328 -0.0373 -0.5276 -0.0328 -0.0373]
[ 0.      0.      0.      0.      0.      0.      0.      0.      0.
  0.      0.      0.      0.      0.      0.3571  1.      0.4796  1.
 -0.6117 -1.6907  2.2785 -2.1157 -1.5524 -0.0665  3.9924 -1.3202  1.915
 -2.1545 -1.6595  0.0763  0.899  -0.4828  1.8569 -0.8165  0.1328  4.6505
  0.0853  0.3593 -0.0015  0.0299  0.0849 -0.0205 -0.0104 -0.0056  0.0055
 -0.0532 -0.009   0.0035 -0.0013  0.0222  0.0027 -0.0312  0.0891  0.3568
  0.1379 -0.1701 -0.0203 -0.0082  0.0463  0.0686  0.2823 -0.1246  0.0566
  0.0065 -0.0431  0.0614  0.2417  0.0175 -0.0625  0.      0.      0.
 -0.5276 -0.0328 -0.0373 -0.5276 -0.0328 -0.0373]
[ 0.      0.      0.      0.      0.      0.      0.      0.      0.
  0.      0.      0.      0.      0.      0.3469  1.      0.4796  1.
 -0.6136 -1.6924  2.3017 -2.1466 -1.5453 -0.0668  3.9922 -1.313   1.9158
 -2.169  -1.6594  0.0746 -0.5199 -0.4144  2.5035 -1.9496  0.3991  5.1713
  0.0869  0.3584 -0.0044  0.0291  0.089  -0.0138 -0.0075 -0.0073  0.0059
 -0.055  -0.0063  0.0052  0.0004  0.0221  0.0024 -0.0285 -0.0813  0.3433
  0.0764 -0.3071 -0.008  -0.001   0.0727  0.0572 -0.2138  0.0622 -0.0188
 -0.0009  0.0196  0.0014 -0.105  -0.0264  0.0257  0.      0.      0.
 -0.5276 -0.0328 -0.0373 -0.5276 -0.0328 -0.0373]
[ 0.      0.      0.      0.      0.      0.      0.      0.      0.
  0.      0.      0.      0.      0.      0.3571  1.      0.4796  1.
 -0.608  -1.688   2.2553 -2.0517 -1.5619 -0.0654  3.9922 -1.3133  1.9098
 -2.1678 -1.6535  0.0723 -0.4159  0.9436  3.3082 -1.8323  0.5373  5.06
  0.0816  0.3613  0.0015  0.0297  0.0831 -0.0272 -0.0215 -0.004   0.0049
 -0.0566 -0.0087  0.0061  0.0015  0.0205  0.0019 -0.0697 -0.0834  0.3398
  0.0817 -0.2973 -0.0005 -0.0018 -0.0468 -0.0749 -0.3949  0.0665 -0.0661
 -0.01   -0.0087 -0.0393  0.0018 -0.0605 -0.0247  0.      0.      0.
 -0.5276 -0.0328 -0.0373 -0.5276 -0.0328 -0.0373]
[ 0.      0.      0.      0.      0.      0.      0.      0.      0.
  0.      0.      0.      0.      0.      0.3469  1.      0.4694  1.
 -0.6222 -1.6931  2.3496 -2.2561 -1.5166 -0.0626  3.9923 -1.306   1.8963
 -2.1662 -1.6444  0.07    1.0705  0.1124  2.9625 -1.4825  0.4992  4.9136
  0.0848  0.3593 -0.0177  0.0274  0.0942  0.0018  0.0082 -0.0131  0.0088
 -0.0614 -0.0102  0.0068  0.0025  0.0182  0.0013 -0.0262  0.0897  0.285
  0.0854 -0.258   0.0209  0.0048 -0.0333 -0.0813 -0.706   0.0754 -0.0967
 -0.0152 -0.0567 -0.0124  0.0561 -0.1048 -0.031   0.      0.      0.
 -0.5276 -0.0328 -0.0373 -0.5276 -0.0328 -0.0373]
[ 0.      0.      0.      0.      0.      0.      0.      0.      0.
  0.      0.      0.      0.      0.      0.3571  1.      0.4694  1.
 -0.6181 -1.692   2.3314 -2.2097 -1.5308 -0.0628  3.9922 -1.3105  1.9086
 -2.1676 -1.6535  0.0729  2.0052  0.8121  2.5174 -0.2912 -0.1827  4.8551
  0.0876  0.3578 -0.0127  0.028   0.093  -0.0038  0.0006 -0.0101  0.0079
 -0.0573 -0.0077  0.0057  0.0011  0.0205  0.002  -0.07    0.1979  0.2844
  0.1823 -0.0839  0.0179  0.0004  0.0071  0.0268  0.349   0.0502  0.0287
  0.0017  0.0168  0.0185 -0.0223 -0.0105  0.0021  0.      0.      0.
 -0.5276 -0.0328 -0.0373 -0.5276 -0.0328 -0.0373]
[ 0.      0.      0.      0.      0.      0.      0.      0.      0.
  0.      0.      0.      0.      0.      0.3673  1.      0.4796  1.
 -0.6182 -1.693   2.3283 -2.2081 -1.5279 -0.0617  3.9922 -1.3099  1.9046
 -2.1683 -1.6517  0.0723  1.9496 -1.2611  2.3076 -0.0136 -0.3024  4.9082
  0.0856  0.3589 -0.0127  0.0278  0.0923 -0.005   0.0012 -0.0108  0.0082
 -0.0586 -0.0092  0.0067  0.002   0.02    0.0019  0.0533  0.2025  0.2264
  0.1741 -0.0676  0.0353  0.0042  0.0121  0.0131 -0.1451  0.0004  0.0012
  0.0002 -0.0105 -0.0017  0.0089  0.0087 -0.005   0.      0.      0.
 -0.5276 -0.0328 -0.0373 -0.5276 -0.0328 -0.0373]
[ 0.      0.      0.      0.      0.      0.      0.      0.      0.
  0.      0.      0.      0.      0.      0.3571  1.      0.4592  1.
 -0.6184 -1.6926  2.3292 -2.2067 -1.5296 -0.0614  3.9922 -1.3092  1.9051
 -2.1694 -1.6493  0.0721  1.8805 -0.8375  2.8835  0.6233 -1.0066  4.6024
  0.0859  0.3587 -0.0128  0.0279  0.0927 -0.0046  0.0006 -0.0104  0.0083
 -0.0587 -0.0087  0.0065  0.002   0.0194  0.0018  0.0423  0.237   0.1808
  0.2185 -0.0159  0.0345  0.0016  0.0037  0.0116  0.0147  0.0275  0.0008
  0.0088  0.0171  0.0221 -0.0193  0.0582  0.0118  0.      0.      0.
 -0.5276 -0.0328 -0.0373 -0.5276 -0.0328 -0.0373]
[ 0.0012  0.0002 -0.0285  0.      0.      0.      0.      0.      0.
  0.      0.      0.      0.      0.      0.3571  1.      0.4592  1.
 -0.6182 -1.6924  2.3302 -2.2117 -1.5294 -0.0613  3.9921 -1.3092  1.9046
 -2.1691 -1.6488  0.0721  1.4396 -0.7823  3.0669  0.3683 -1.2713  4.7575
  0.0858  0.3588 -0.0129  0.0279  0.0925 -0.0043  0.0015 -0.0104  0.0083
 -0.0587 -0.0087  0.0066  0.002   0.0197  0.0019  0.0177  0.2335  0.1595
  0.234  -0.0401  0.0319 -0.0011  0.0078  0.008  -0.0813 -0.0108  0.0028
 -0.0034 -0.0075 -0.0133  0.0105 -0.0075 -0.0025  0.      0.      0.
 -0.5276 -0.0328 -0.0373 -0.5276 -0.0328 -0.0373]
[ 0.0028  0.0007 -0.0688  0.      0.      0.      0.      0.      0.
  0.      0.      0.      0.      0.      0.3469  1.      0.4694  1.
 -0.618  -1.6919  2.3294 -2.2147 -1.5304 -0.0609  3.992  -1.3093  1.9062
 -2.1712 -1.651   0.0723  0.9761 -0.8165  2.892   0.3349 -1.1219  4.659
  0.0856  0.3592 -0.0121  0.028   0.092  -0.0045  0.0023 -0.0101  0.0083
 -0.0585 -0.0085  0.0068  0.0022  0.0198  0.002   0.0021  0.1976  0.1512
  0.2258 -0.0471  0.0225 -0.003   0.0073  0.0112 -0.0571 -0.0163 -0.0003
 -0.0013 -0.0107 -0.0168 -0.0387 -0.0066  0.0078  0.      0.      0.
 -0.5276 -0.0328 -0.0373 -0.5276 -0.0328 -0.0373]
[ 0.0035  0.0005 -0.0856  0.      0.      0.      0.      0.      0.
  0.      0.      0.      0.      0.      0.3571  1.      0.4796  1.
 -0.6181 -1.6906  2.3316 -2.2138 -1.5303 -0.0601  3.9919 -1.3088  1.9046
 -2.1673 -1.6475  0.0714  1.4868 -0.5329  2.805  -0.0367 -1.4111  4.6559
  0.0859  0.3586 -0.0134  0.0278  0.0927 -0.0034  0.0012 -0.0102  0.0086
 -0.0585 -0.0082  0.0065  0.0021  0.0192  0.0018 -0.0041  0.2322  0.1471
  0.2504 -0.029   0.0242 -0.0018  0.0097  0.0118 -0.0488 -0.014   0.0021
 -0.0041 -0.0008 -0.0035 -0.109  -0.0436  0.003   0.      0.      0.
 -0.5276 -0.0328 -0.0373 -0.5276 -0.0328 -0.0373]
[ 0.0031  0.0005 -0.0789  0.      0.      0.      0.      0.      0.
  0.      0.      0.      0.      0.      0.3571  1.      0.449   1.
 -0.618  -1.6901  2.3312 -2.2153 -1.5311 -0.06    3.9921 -1.3088  1.9072
 -2.1768 -1.6493  0.0725  0.853  -0.3335  3.1837  0.3527 -1.804   4.5195
  0.0856  0.359  -0.0134  0.0278  0.0923 -0.0034  0.0015 -0.01    0.0085
 -0.0587 -0.0084  0.0075  0.003   0.0193  0.002  -0.0221  0.1985  0.1357
  0.2578 -0.0505  0.0167  0.0009 -0.0105 -0.0066  0.0569  0.0163  0.0016
  0.0032 -0.0026  0.0015  0.1828  0.0447  0.0176  0.      0.      0.
 -0.5276 -0.0328 -0.0373 -0.5276 -0.0328 -0.0373]
[ 0.0049  0.0001 -0.0822  0.0026  0.0115  0.0002  0.      0.      0.
  0.      0.      0.      0.      0.      0.3571  1.      0.4694  1.
 -0.618  -1.6894  2.3326 -2.2161 -1.5311 -0.0598  3.9918 -1.3088  1.9052
 -2.1657 -1.6476  0.0709  2.3993 -0.6604  3.292   1.8183 -2.4331  4.5609
  0.0861  0.3585 -0.0138  0.0277  0.0927 -0.0028  0.0012 -0.01    0.0086
 -0.0584 -0.0079  0.0053  0.0009  0.0191  0.0016  0.0136  0.3452  0.1334
  0.3179  0.0804  0.0202  0.0039 -0.0072 -0.0023  0.0277  0.0465  0.0016
  0.0018 -0.0129 -0.0099  0.192   0.0227  0.0122  0.      0.      0.
 -0.5276 -0.0328 -0.0373 -0.5276 -0.0328 -0.0373]
[ 0.0083 -0.0005 -0.0855  0.0026  0.0115  0.0002  0.      0.      0.
  0.      0.      0.      0.      0.      0.3469  1.      0.4694  1.
 -0.6178 -1.6882  2.333  -2.219  -1.5317 -0.0593  3.9919 -1.3086  1.9063
 -2.1667 -1.648   0.0709  2.5181 -0.5141  3.213   1.8378 -2.239   4.6098
  0.0861  0.3585 -0.0136  0.0277  0.0924 -0.0024  0.0015 -0.0098  0.0086
 -0.0582 -0.0075  0.0053  0.0008  0.0192  0.0016  0.0213  0.3496  0.135
  0.3042  0.0874  0.0155  0.0052 -0.0032  0.0008  0.0159  0.0358 -0.0015
  0.0019 -0.0038 -0.0021  0.0158  0.0047 -0.0194  0.      0.      0.
 -0.5276 -0.0328 -0.0373 -0.5276 -0.0328 -0.0373]
[ 0.      0.      0.      0.      0.      0.      0.      0.      0.
  0.      0.      0.      0.      0.      0.      0.      0.      0.
 -0.5236 -1.44    2.0944 -2.2253 -1.5708 -0.      3.9272 -1.44    2.0944
 -2.2252 -1.5707 -0.0004 -0.0882 -0.0478  0.0653 -0.2816  0.1944  0.2474
  0.0516  0.355  -0.0106  0.      0.      0.      0.     -0.      0.
 -0.      0.      0.      0.      0.      0.     -0.0056  0.001   0.0029
 -0.0052  0.004  -0.0127  0.0001 -0.      0.0002 -0.0003  0.      0.0002
  0.0013 -0.0008 -0.0011  0.0051 -0.0065  0.0029 -0.0069 -0.0063  0.0066
 -0.483   0.0203 -0.0148 -0.4899  0.0139 -0.0082]
[ 0.3137 -0.9723 -0.0001  0.      0.      0.      0.      0.2437  0.9629
  0.0003  0.0929 -0.0235  0.0218  0.      0.      0.      0.      0.
 -0.5235 -1.4399  2.0943 -2.2252 -1.5708  0.      3.9271 -1.4402  2.0943
 -2.2253 -1.5707 -0.0004 -0.3382 -0.0456  0.1167 -0.2856  0.2618  0.2631
  0.0516  0.355  -0.0107 -0.     -0.     -0.      0.      0.     -0.
 -0.     -0.0001  0.0001  0.0001  0.      0.     -0.0011  0.0025  0.0006
 -0.0039  0.0078 -0.0272 -0.0003 -0.0002 -0.0004  0.0006 -0.0001 -0.0006
 -0.0001  0.0001  0.     -0.      0.0004 -0.0002 -0.0069 -0.0063  0.0066
 -0.483   0.0203 -0.0148 -0.4899  0.0139 -0.0082]
[ 0.3219 -0.9675 -0.0005  0.      0.      0.      0.      0.2434  0.956
  0.004   0.1156 -0.0295  0.0153  0.      0.      0.      0.      0.
 -0.5109 -1.4503  2.1061 -2.227  -1.571   0.0126  3.9351 -1.4229  2.0757
 -2.2272 -1.5686  0.006  -0.2484 -0.3157 -0.0265 -0.5223 -0.2498  0.1291
  0.0465  0.3489 -0.0103 -0.0058  0.0063 -0.0002  0.0001  0.     -0.
 -0.0069  0.0002  0.0009  0.0009 -0.0005 -0.0003  0.0077  0.0128 -0.0142
  0.0113  0.007  -0.056  -0.0606  0.0728  0.0025 -0.0012  0.0056  0.0069
 -0.0497 -0.0846  0.0048  0.0393 -0.0225 -0.0084 -0.0069 -0.0063  0.0066
 -0.483   0.0203 -0.0148 -0.4899  0.0139 -0.0082]
[ 0.3417 -0.9596  0.0008  0.      0.      0.      0.      0.2292  0.9595
  0.0022  0.116  -0.0278  0.0118  0.      0.      0.      0.      0.
 -0.5178 -1.4441  2.0992 -2.2253 -1.5701  0.0068  3.9302 -1.4377  2.0888
 -2.2239 -1.5696  0.0008  0.0083 -1.2454 -0.208   0.0093  0.8349  0.3431
  0.0504  0.3513 -0.0118 -0.0027  0.0027  0.     -0.0002 -0.0002  0.0003
 -0.0016 -0.0011  0.0005  0.0005 -0.0003 -0.0004  0.0363  0.0148  0.0038
 -0.0143  0.0262 -0.0311 -0.0217  0.0252  0.0046 -0.0155 -0.0005  0.0159
 -0.0052 -0.0226 -0.0074  0.0218  0.      0.0111 -0.0069 -0.0063  0.0066
 -0.483   0.0203 -0.0148 -0.4899  0.0139 -0.0082]
[ 0.3301 -0.9557 -0.0008  0.      0.      0.      0.      0.235   0.9443
  0.0063  0.1222 -0.0305  0.0155  0.      0.      0.      0.      0.
 -0.5024 -1.458   2.1141 -2.2276 -1.5709  0.0201  3.9426 -1.41    2.0624
 -2.2288 -1.5662  0.012  -0.2915 -0.8921 -0.0518 -0.4013  0.522   0.2796
  0.0424  0.3438 -0.0094 -0.0097  0.0109 -0.0005  0.0002 -0.     -0.0003
 -0.0116  0.0007  0.0013  0.0014 -0.0012 -0.0007  0.0257  0.0099 -0.012
 -0.0049  0.0248 -0.0622 -0.0273  0.0348  0.0033 -0.009   0.      0.0054
 -0.0312 -0.0457 -0.0096  0.0348 -0.0143 -0.0196 -0.0069 -0.0063  0.0066
 -0.483   0.0203 -0.0148 -0.4899  0.0139 -0.0082]
[ 0.3483 -0.9493 -0.0004  0.      0.      0.      0.      0.2161  0.9453
  0.0078  0.1392 -0.0319  0.0156  0.      0.      0.      0.      0.
 -0.4977 -1.4614  2.1185 -2.2283 -1.5707  0.0252  3.9441 -1.4066  2.0572
 -2.2286 -1.566   0.0139 -0.2815 -0.76    0.0933 -0.3937  0.6299  0.271
  0.0416  0.3416 -0.0101 -0.0118  0.0132 -0.0003  0.0001 -0.0001 -0.0002
 -0.0134  0.0002  0.0017  0.0018 -0.0012 -0.0006  0.0188  0.0086 -0.0147
 -0.0044  0.0299 -0.0753 -0.0065  0.0073  0.0023 -0.0116 -0.0031  0.0021
 -0.0096 -0.01    0.0113 -0.0082 -0.0044 -0.0106 -0.0069 -0.0063  0.0066
 -0.483   0.0203 -0.0148 -0.4899  0.0139 -0.0082]
[ 0.3581 -0.9415 -0.0016  0.      0.      0.      0.      0.2088  0.9331
  0.0142  0.1458 -0.0329  0.0192  0.      0.      0.      0.      0.
 -0.485  -1.4726  2.1307 -2.2304 -1.5711  0.0375  3.9513 -1.3935  2.0368
 -2.2277 -1.5632  0.0199  0.0355 -0.9142 -0.0901 -0.4375  0.7344  0.1146
  0.0371  0.3354 -0.0118 -0.0173  0.02   -0.0006  0.0004  0.     -0.0003
 -0.0202 -0.0018  0.0032  0.0034 -0.002  -0.0009  0.0218  0.0183  0.0134
 -0.0023  0.0335 -0.097   0.002  -0.0011  0.0028 -0.0113 -0.0086 -0.0023
 -0.0348 -0.067   0.0114  0.0167 -0.0267  0.0195 -0.0069 -0.0063  0.0066
 -0.483   0.0203 -0.0148 -0.4899  0.0139 -0.0082]
[ 0.3737 -0.9324 -0.0035  0.      0.      0.      0.      0.1944  0.9361
  0.0227  0.1561 -0.0329  0.0194  0.      0.      0.      0.      0.
 -0.4764 -1.4816  2.1389 -2.231  -1.5717  0.0467  3.9597 -1.3753  2.0107
 -2.2287 -1.5609  0.0281 -0.2199 -0.6376  0.3052 -0.4218 -1.1578 -0.1266
  0.0297  0.3331 -0.0128 -0.0209  0.0247 -0.0015  0.0009  0.0002 -0.0002
 -0.0293 -0.0037  0.0051  0.0055 -0.0027 -0.0009  0.0137  0.0141 -0.0053
  0.0436  0.0081 -0.114  -0.0025  0.0024  0.0091 -0.0187 -0.0054 -0.0004
 -0.0075 -0.003   0.0117 -0.0138 -0.0102 -0.0118 -0.0069 -0.0063  0.0066
 -0.483   0.0203 -0.0148 -0.4899  0.0139 -0.0082]
[ 0.3888 -0.9363  0.001   0.      0.      0.      0.      0.187   0.9442
  0.0295  0.1498 -0.0301  0.0134  0.      0.      0.      0.      0.
 -0.4658 -1.486   2.1501 -2.2339 -1.5697  0.057   3.9673 -1.3605  1.9976
 -2.2366 -1.5559  0.0343 -0.0495 -0.2129  0.4098 -0.2386  0.006   0.267
  0.0254  0.3266 -0.0141 -0.0256  0.0304  0.0007 -0.0002 -0.0003 -0.0002
 -0.0346 -0.0026  0.0064  0.007  -0.004  -0.0013  0.0032 -0.0034  0.0383
  0.0083  0.0215 -0.0895  0.0199 -0.0296  0.0299 -0.0545 -0.0335 -0.025
 -0.0032  0.0269  0.0275 -0.0523 -0.001  -0.0199 -0.0069 -0.0063  0.0066
 -0.483   0.0203 -0.0148 -0.4899  0.0139 -0.0082]
[ 0.4024 -0.9245  0.0025  0.      0.      0.      0.      0.1743  0.9465
  0.0331  0.1601 -0.03    0.0135  0.      0.      0.      0.      0.
 -0.4662 -1.485   2.1502 -2.234  -1.569   0.0563  3.9699 -1.3546  1.9873
 -2.2362 -1.5558  0.0367  0.3898 -0.3778  0.8346 -0.3986  0.44    0.4315
  0.0218  0.3283 -0.016  -0.0254  0.0302  0.0013 -0.0005 -0.0004 -0.0003
 -0.0381 -0.0038  0.0072  0.008  -0.0041 -0.0014  0.0071  0.0053  0.0529
 -0.0013  0.0208 -0.0924 -0.0203  0.0247 -0.0118  0.0227 -0.0004  0.0041
 -0.0345 -0.0753 -0.0358  0.0953 -0.0148  0.0145 -0.0069 -0.0063  0.0066
 -0.483   0.0203 -0.0148 -0.4899  0.0139 -0.0082]
[ 0.4032 -0.918  -0.0005  0.      0.      0.      0.      0.1763  0.9529
  0.0369  0.1569 -0.0293  0.0072  0.      0.      0.      0.      0.
 -0.4529 -1.4994  2.1623 -2.2345 -1.5699  0.0698  3.9772 -1.3417  1.9732
 -2.2383 -1.5524  0.0436 -0.041  -0.1735  0.6156 -0.4739  0.2774  0.6216
  0.0191  0.3203 -0.014  -0.0308  0.0376 -0.0001  0.0003 -0.0003 -0.0002
 -0.0429 -0.0033  0.0078  0.0087 -0.0051 -0.0015  0.0016  0.0003  0.0136
  0.0037  0.0319 -0.1292 -0.0205  0.0266 -0.0113  0.0227 -0.01   -0.0012
 -0.0062 -0.004   0.0104  0.0099 -0.0156 -0.0089 -0.0069 -0.0063  0.0066
 -0.483   0.0203 -0.0148 -0.4899  0.0139 -0.0082]
[ 0.4225 -0.9083  0.0018  0.      0.      0.      0.      0.1611  0.9555
  0.0396  0.154  -0.0263  0.0073  0.      0.      0.      0.      0.
 -0.4448 -1.5033  2.1714 -2.2367 -1.5708  0.0782  3.9808 -1.3333  1.962
 -2.2387 -1.5519  0.0466 -0.2626 -0.024   0.6994 -0.5519  0.4581  0.642
  0.0172  0.317  -0.0162 -0.0336  0.0418  0.0016 -0.0005  0.     -0.0001
 -0.0467 -0.0037  0.0084  0.0095 -0.0053 -0.0016 -0.0026  0.     -0.0044
  0.0002  0.0391 -0.1314 -0.0127  0.0141  0.005  -0.009   0.0017 -0.0034
 -0.03   -0.044  -0.0106  0.0233 -0.0091 -0.0063 -0.0069 -0.0063  0.0066
 -0.483   0.0203 -0.0148 -0.4899  0.0139 -0.0082]
[ 0.4276 -0.9008  0.0011  0.      0.      0.      0.      0.1509  0.9469
  0.0405  0.1675 -0.027   0.008   0.      0.      0.      0.      0.
 -0.4395 -1.5091  2.1758 -2.2362 -1.5703  0.0833  3.9839 -1.3265  1.957
 -2.2417 -1.5495  0.0496 -0.6007 -0.3244  0.6917 -0.5112  0.8685  0.6938
  0.016   0.3133 -0.0144 -0.036   0.045   0.0009 -0.0003 -0.0001 -0.0002
 -0.0488 -0.0026  0.0085  0.0098 -0.0059 -0.0016 -0.001  -0.0128  0.0023
 -0.0113  0.0463 -0.1305  0.0053 -0.0121 -0.0044  0.0119 -0.001  -0.0041
  0.0049  0.0191  0.0198 -0.0341 -0.0156 -0.0016 -0.0069 -0.0063  0.0066
 -0.483   0.0203 -0.0148 -0.4899  0.0139 -0.0082]
[ 0.4428 -0.8914 -0.0001  0.      0.      0.      0.      0.1441  0.9508
  0.0513  0.1676 -0.0259  0.0081  0.      0.      0.      0.      0.
 -0.4285 -1.5216  2.1868 -2.2363 -1.5701  0.0952  3.9936 -1.3075  1.9268
 -2.2419 -1.5486  0.0593 -0.4022 -0.4027  0.4732 -0.5228  1.3277  1.0368
  0.0085  0.3091 -0.0162 -0.0403  0.0516 -0.      0.0002 -0.0002  0.
 -0.0587 -0.0054  0.0107  0.0125 -0.0064 -0.0017  0.001  -0.008  -0.0061
 -0.0251  0.0393 -0.1123 -0.0352  0.0538  0.0066 -0.0129  0.0006 -0.004
 -0.0481 -0.0788 -0.0233  0.0793 -0.0177 -0.0012  0.0029 -0.0127 -0.0051
 -0.4928  0.0266 -0.003  -0.4899  0.0139 -0.0082]
[ 0.4548 -0.8375  0.0011  0.      0.      0.      0.      0.1311  0.9394
  0.045   0.168  -0.0237  0.0057  0.      0.      0.      0.      0.
 -0.4267 -1.5194  2.1881 -2.2379 -1.5709  0.0969  3.9905 -1.3151  1.9488
 -2.25   -1.544   0.0538 -0.0165 -0.7514  0.4927 -0.6319  1.5023  0.9633
  0.0146  0.3049 -0.0132 -0.0409  0.052   0.0013 -0.0003  0.     -0.
 -0.0519 -0.0009  0.0094  0.0109 -0.0074 -0.0023  0.0182 -0.0057  0.0169
 -0.0348  0.0362 -0.0811 -0.031   0.0524  0.0011 -0.0069 -0.0002  0.0036
 -0.0249 -0.0413 -0.0059  0.0197 -0.0104  0.0051  0.0029 -0.0127 -0.0051
 -0.4928  0.0266 -0.003  -0.4899  0.0139 -0.0082]
[ 0.4366 -0.7259  0.0008  0.      0.      0.      0.      0.1214  0.8829
  0.0469  0.1714 -0.0238  0.0043  0.      0.      0.      0.      0.
 -0.4166 -1.5308  2.1991 -2.238  -1.5705  0.1069  3.9964 -1.3026  1.9313
 -2.2505 -1.5426  0.06   -0.072  -0.3217  0.3979 -0.4477  0.6413  0.5103
  0.0114  0.3    -0.0135 -0.0446  0.0585  0.0009 -0.0002 -0.0001 -0.
 -0.058  -0.0016  0.0103  0.0122 -0.0079 -0.0022  0.0042  0.0079 -0.0086
 -0.0153  0.0353 -0.1067 -0.0226  0.0261 -0.005   0.0089 -0.0006 -0.0163
 -0.0291 -0.0384 -0.006  -0.0068 -0.0053  0.0034  0.0029 -0.0127 -0.0051
 -0.4928  0.0266 -0.003  -0.4899  0.0139 -0.0082]
[ 0.2795 -0.579   0.001   0.      0.      0.      0.      0.0242  0.1948
  0.0119  0.      0.      0.      0.      0.      0.      0.      0.
 -0.4094 -1.5375  2.2085 -2.2399 -1.5705  0.1136  4.0033 -1.2868  1.9117
 -2.2499 -1.5398  0.0671 -0.2266 -0.1812  0.4554 -0.4149  0.2808  0.2391
  0.0097  0.2962 -0.0148 -0.0472  0.0634  0.0016 -0.0004 -0.0001 -0.0002
 -0.0619 -0.0023  0.0119  0.0141 -0.0088 -0.0024 -0.0043  0.0052 -0.0173
 -0.0062  0.0368 -0.113  -0.0166  0.025   0.0089 -0.0084  0.0025 -0.0131
 -0.0116  0.0041  0.0074  0.0371 -0.0316 -0.0202  0.0029 -0.0127 -0.0051
 -0.4928  0.0266 -0.003  -0.4899  0.0139 -0.0082]
[ 0.      0.      0.      0.      0.      0.      0.      0.      0.
  0.      0.      0.      0.      0.      0.      0.      0.      0.
 -0.4069 -1.5422  2.208  -2.2356 -1.5705  0.1179  4.0038 -1.2847  1.9053
 -2.2435 -1.5414  0.0698 -0.227  -0.2295  0.5639 -0.4582  0.1172  0.2893
  0.0058  0.2964 -0.0132 -0.0482  0.0644 -0.0001 -0.0002 -0.0001  0.0003
 -0.066  -0.0023  0.0101  0.0124 -0.0084 -0.0016 -0.0045 -0.0061  0.0073
 -0.0075  0.0338 -0.0992  0.002   0.0015  0.0007 -0.0275  0.0013 -0.0021
 -0.0095 -0.0567 -0.0138 -0.0715  0.0133  0.0633  0.0029 -0.0127 -0.0051
 -0.4928  0.0266 -0.003  -0.4899  0.0139 -0.0082]
[-0.0134 -0.1351 -0.5732  0.0698  0.6873 -0.055   0.      0.0336  0.0495
 -0.9982  0.      0.      0.      0.      0.      0.      0.      0.
 -0.4067 -1.5417  2.2089 -2.2383 -1.5704  0.1183  4.0017 -1.2888  1.9127
 -2.2469 -1.5413  0.0685 -0.284  -0.2421  0.41   -0.4049  0.5515  0.4674
  0.0082  0.2957 -0.0129 -0.0483  0.0644  0.0003  0.0002 -0.0002  0.0003
 -0.0639 -0.0018  0.0102  0.0124 -0.0084 -0.0014 -0.0049 -0.0183  0.0558
 -0.0178  0.0401 -0.1026  0.016  -0.0181  0.0121  0.0018  0.0048 -0.0005
 -0.0053 -0.0883 -0.0198 -0.118   0.0008  0.1556  0.0029 -0.0127 -0.0051
 -0.4928  0.0266 -0.003  -0.4899  0.0139 -0.0082]
[ 0.0285 -0.2493 -0.4151  0.0241  0.8615 -0.1356  0.      0.0337  0.0504
 -0.9982  0.      0.      0.      0.      0.      0.      0.      0.
 -0.4084 -1.5315  2.226  -2.2939 -1.5614  0.1194  4.0023 -1.2769  1.9154
 -2.2623 -1.5413  0.0693 -0.1086 -0.0306  0.716  -0.697  -1.0902 -0.1502
  0.0062  0.2965 -0.0126 -0.0488  0.0635  0.007   0.0069 -0.0032  0.001
 -0.0654  0.0041  0.0107  0.0126 -0.0084 -0.0013 -0.0155 -0.0203  0.0792
  0.0182  0.0165 -0.0925 -0.0113  0.0132  0.0139  0.0797 -0.0375 -0.0022
  0.0008  0.0196  0.0466  0.0573  0.0025 -0.0483  0.0029 -0.0127 -0.0051
 -0.4928  0.0266 -0.003  -0.4899  0.0139 -0.0082]
[ 0.1176 -0.1994 -0.699   0.0511  0.5465  0.0284  0.      0.0333  0.0458
 -0.9984  0.      0.      0.      0.      0.      0.      0.      0.
 -0.4044 -1.5314  2.2397 -2.3309 -1.5536  0.1284  4.0026 -1.2687  1.9195
 -2.2724 -1.5414  0.0703 -0.3486 -0.0443  0.5879 -0.7257 -0.7569 -0.1349
  0.0056  0.2941 -0.01   -0.0515  0.0651  0.0096  0.0124 -0.0059  0.0021
 -0.0667  0.0083  0.0096  0.0115 -0.0083 -0.0008 -0.0105 -0.0275  0.0335
  0.0138  0.0226 -0.0944 -0.0047  0.0041  0.0039  0.0819 -0.0469  0.0195
  0.0066  0.0111  0.0157  0.0668 -0.0053  0.0095  0.0029 -0.0127 -0.0051
 -0.4928  0.0266 -0.003  -0.4899  0.0139 -0.0082]
[ 0.0154 -0.1965 -0.633   0.0333  0.6319  0.0391  0.      0.0338  0.0533
 -0.998   0.      0.      0.      0.      0.      0.      0.      0.
 -0.4044 -1.5241  2.2515 -2.361  -1.5505  0.128   4.0009 -1.2667  1.9389
 -2.2989 -1.5413  0.0656 -0.2912 -0.0261  0.3382 -0.8112 -0.6697  0.1854
  0.0106  0.2912 -0.0074 -0.0519  0.0656  0.0147  0.0151 -0.007   0.002
 -0.0619  0.0156  0.0121  0.0134 -0.0084 -0.0019 -0.0105 -0.0316  0.066
  0.0161  0.0126 -0.0638 -0.0017 -0.0069 -0.0151  0.0111 -0.0383  0.0014
 -0.0011 -0.0243  0.0179  0.0178 -0.0001  0.002   0.0029 -0.0127 -0.0051
 -0.4928  0.0266 -0.003  -0.4899  0.0139 -0.0082]
[ 0.0225  0.0457 -0.6214 -0.1749  0.629   0.0399  0.      0.0336  0.0517
 -0.9981  0.      0.      0.      0.      0.      0.      0.      0.
 -0.4027 -1.5203  2.2585 -2.3857 -1.544   0.1319  4.0021 -1.2624  1.9378
 -2.3005 -1.5414  0.0672 -0.4497  0.1739  0.9608 -0.677  -0.4598  0.1159
  0.0093  0.2897 -0.0075 -0.0536  0.0655  0.0168  0.0183 -0.0091  0.0024
 -0.0624  0.0173  0.0118  0.013  -0.0084 -0.0018 -0.0057 -0.0348  0.0478
  0.0098  0.0214 -0.0741 -0.0138 -0.0061  0.0373  0.326  -0.0487 -0.0077
 -0.0054  0.0045  0.0282 -0.0354  0.0027  0.0101  0.0029 -0.0127 -0.0051
 -0.4928  0.0266 -0.003  -0.4899  0.0139 -0.0082]
[ 0.1718  0.0021 -0.196  -0.0634  1.0006  0.022   0.      0.0338  0.0546
 -0.9979  0.      0.      0.      0.      0.      0.      0.      0.
 -0.4056 -1.5165  2.2648 -2.4007 -1.534   0.1295  4.0015 -1.2446  1.9403
 -2.3241 -1.5414  0.0661 -0.1063  0.2729  1.1174 -0.564   0.0314  0.3487
  0.0075  0.292  -0.0023 -0.0536  0.0655  0.019   0.0192 -0.0117  0.0024
 -0.0654  0.0249  0.0129  0.0137 -0.0084 -0.0019 -0.0115 -0.0294  0.0982
 -0.0049  0.0266 -0.0582  0.0009  0.0173 -0.0064 -0.1659 -0.0306 -0.0064
  0.004   0.021   0.0324  0.0849 -0.0081 -0.0105  0.0029 -0.0127 -0.0051
 -0.4928  0.0266 -0.003  -0.4899  0.0139 -0.0082]
[ 0.      0.      0.      0.0511  0.2546  0.038   0.      0.0321  0.0395
 -0.9987  0.      0.      0.      0.      0.      0.      0.      0.
 -0.4141 -1.4959  2.2936 -2.509  -1.513   0.1262  4.0018 -1.2338  1.9436
 -2.3226 -1.542   0.0683  0.0951  0.1313 -0.1112 -0.6254  0.0585  0.0332
  0.0076  0.2931 -0.0023 -0.0537  0.0615  0.0289  0.0333 -0.0185  0.003
 -0.0641  0.033   0.0092  0.0099 -0.008  -0.0014 -0.0045 -0.0205  0.0917
 -0.0101  0.0141 -0.0598 -0.0019 -0.017   0.007   0.1931 -0.045   0.0042
 -0.0006  0.0167  0.0022  0.1754 -0.0228 -0.0229  0.0029 -0.0127 -0.0051
 -0.4928  0.0266 -0.003  -0.4899  0.0139 -0.0082]
[ 0.      0.      0.      0.      0.      0.      0.      0.0025  0.0027
 -0.0755 -0.0181 -0.1822 -0.0072  0.      0.      0.      0.      0.
 -0.4093 -1.502   2.2825 -2.4756 -1.5244  0.1273  4.0016 -1.2287  1.9494
 -2.3302 -1.5414  0.0695 -0.016  -0.2505 -0.4618 -0.707  -1.018  -2.8863
  0.0079  0.2917  0.0051 -0.0538  0.0623  0.0255  0.0295 -0.0153  0.0024
 -0.063   0.0372  0.0084  0.0091 -0.0081 -0.001   0.0035 -0.0348  0.0977
  0.0829 -0.0242 -0.0624 -0.0008 -0.004  -0.0096  0.142  -0.0528  0.002
 -0.     -0.0111 -0.0104  0.0911 -0.0066 -0.0034  0.0029 -0.0127 -0.0051
 -0.4928  0.0266 -0.003  -0.4899  0.0139 -0.0082]
[ 0.      0.      0.      0.      0.      0.      0.      0.      0.
  0.     -0.0005 -0.005  -0.0002  0.      0.      0.      0.      0.
 -0.4123 -1.4987  2.2898 -2.5027 -1.517   0.1267  4.0019 -1.2303  1.9487
 -2.333  -1.5454  0.0682 -0.115   0.0552 -0.2224 -0.8184 -0.9525 -3.2874
  0.0077  0.2927  0.0025 -0.0538  0.0614  0.0271  0.0334 -0.0176  0.0028
 -0.0634  0.0358  0.0101  0.0104 -0.0072 -0.0014 -0.0041 -0.0319  0.0845
  0.0928 -0.0448 -0.0754 -0.0024 -0.0132 -0.021   0.1738 -0.0681 -0.0007
  0.0036  0.0143 -0.0002 -0.1334  0.082   0.05    0.0029 -0.0127 -0.0051
 -0.4928  0.0266 -0.003  -0.4899  0.0139 -0.0082]
[ 0.      0.      0.      0.      0.      0.      1.      0.0081 -0.0384
 -0.5124  0.      0.      0.      0.      0.      0.      0.      0.
 -0.41   -1.5014  2.2841 -2.4847 -1.5223  0.1277  4.0019 -1.2272  1.947
 -2.3518 -1.5457  0.0648 -0.2963 -0.266  -0.4309 -0.6943 -0.4603 -3.3859
  0.0056  0.294   0.0028 -0.0539  0.0618  0.0256  0.0312 -0.016   0.0026
 -0.0659  0.0346  0.0149  0.0148 -0.0074 -0.0023  0.0088 -0.0357  0.07
  0.0575 -0.035  -0.0452  0.0017  0.005   0.0153 -0.0062 -0.0075 -0.0056
 -0.0016  0.002  -0.0071 -0.0411 -0.0074 -0.0304  0.0029 -0.0127 -0.0051
 -0.4928  0.0266 -0.003  -0.4899  0.0139 -0.0082]
[ 0.      0.      0.      0.      0.      0.      1.      0.2758 -0.3367
 -1.0063 -0.0305 -0.0527 -0.0031  1.      0.      0.      0.      0.
 -0.4091 -1.5034  2.2767 -2.465  -1.5259  0.1298  4.0019 -1.2314  1.9518
 -2.3339 -1.5434  0.0701 -0.31   -0.2305 -0.3258 -0.3645 -1.7762 -3.9427
  0.0074  0.2918  0.0059 -0.0539  0.0614  0.0236  0.0287 -0.0149  0.003
 -0.0624  0.0363  0.0096  0.0101 -0.0077 -0.001   0.0054 -0.0343  0.0712
  0.1843 -0.0185 -0.046  -0.0077 -0.0129 -0.0277  0.1522 -0.0328 -0.0093
  0.0051  0.0106 -0.0035 -0.0572  0.0072  0.0069  0.0029 -0.0127 -0.0051
 -0.4928  0.0266 -0.003  -0.4899  0.0139 -0.0082]
[ 0.      0.      0.      0.      0.      0.      1.      0.0133 -0.0592
 -0.7992 -0.0289 -0.2889 -0.0164  1.      0.     -1.      0.9286  1.
 -0.4094 -1.5015  2.2822 -2.484  -1.5222  0.1289  3.9946 -1.2281  1.9572
 -2.3515 -1.5459  0.0624 -0.4145  0.5342  0.0589 -0.5829 -1.8717 -3.5859
  0.0091  0.2956  0.0038 -0.0542  0.0613  0.0249  0.0315 -0.0161  0.0027
 -0.0643  0.0348  0.0135  0.0135 -0.0074 -0.0014 -0.0173 -0.0356  0.0793
  0.1715 -0.0563 -0.0386  0.0003  0.0166  0.0335 -0.0251 -0.0211 -0.0179
 -0.0086  0.0088  0.0021 -0.0522  0.0058 -0.0009  0.0029 -0.0127 -0.0051
 -0.4928  0.0266 -0.003  -0.4899  0.0139 -0.0082]
[ 0.5802  0.0751 -0.963   0.0245  0.0461 -0.3813  1.     -0.0043  0.3559
 -0.9831  0.      0.      0.      1.      0.     -1.      0.4184  1.
 -0.4104 -1.5018  2.2856 -2.4808 -1.5214  0.1283  4.0014 -1.2163  1.9674
 -2.375  -1.5575  0.0669 -0.3581  0.7518  0.1079 -0.3734 -1.0206 -1.3689
  0.0108  0.2918  0.0136 -0.0539  0.0626  0.0262  0.0299 -0.0161  0.0029
 -0.0613  0.0461  0.0143  0.013  -0.0043 -0.0016 -0.0257 -0.0328  0.0422
  0.0965 -0.0013 -0.0815 -0.0011 -0.0027 -0.0072 -0.008   0.0141  0.0016
 -0.0031 -0.0045  0.0596  0.2035  0.1201  0.0068  0.0029 -0.0127 -0.0051
 -0.4928  0.0266 -0.003  -0.4899  0.0139 -0.0082]
[ 0.4149  0.0873 -0.9726  0.0009  0.0018 -0.015   1.      0.0251  0.0354
 -0.9991 -0.0619  0.0062 -0.0013  0.      0.     -1.      0.4388  1.
 -0.4106 -1.5017  2.2822 -2.4761 -1.5228  0.1298  4.0007 -1.2174  1.9611
 -2.3518 -1.5486  0.0674 -0.5155  0.2411 -0.4638 -1.0806  0.1052  0.0581
  0.0094  0.2921  0.0139 -0.0538  0.0617  0.025   0.0294 -0.0157  0.003
 -0.0614  0.0458  0.0089  0.0089 -0.0063 -0.0013  0.0077 -0.0304  0.0172
  0.0254 -0.0085 -0.0687  0.0046  0.009   0.0248  0.0432 -0.0172  0.0926
 -0.0047 -0.0225  0.0499  0.015   0.004   0.0103  0.0029 -0.0127 -0.0051
 -0.4928  0.0266 -0.003  -0.4899  0.0139 -0.0082]
[ 0.1787  0.0934 -0.9859 -0.0005 -0.005  -0.0006  0.      0.0032  0.0067
 -0.1393  0.5198 -0.0536  0.0093  0.      0.3673  1.      0.4286  1.
 -0.4164 -1.4749  2.3139 -2.5223 -1.5159  0.0983  4.003  -1.1998  1.9644
 -2.3856 -1.5519  0.0675 -1.4193  0.0951  0.5162 -1.2436 -0.7263 -2.3501
  0.0131  0.2922  0.0029 -0.0511  0.0668  0.0432  0.0266 -0.0166 -0.0032
 -0.0635  0.053   0.0132  0.0121 -0.0057 -0.0018 -0.0228 -0.1132  0.0372
  0.0709 -0.0668 -0.0652 -0.0065 -0.0178 -0.0455  0.063  -0.0462  0.2767
  0.0062  0.0215  0.0685 -0.0642  0.0335  0.0072  0.0029 -0.0127 -0.0051
 -0.4928  0.0266 -0.003  -0.4899  0.0139 -0.0082]
[ -0.0329  -0.1204   0.3725  -0.1019  -0.0432   0.4545   0.      -0.0068
  -0.0119   0.2164   0.0813  -0.3416  -0.1155   0.       0.3571   1.
   0.4184   1.      -0.4156  -1.4691   2.3178  -2.536   -1.5182   0.1037
   4.0003  -1.2008   1.9719  -2.3991  -1.5438   0.0662  -1.0511  -0.4463
   1.272   -0.2716  -0.8784 -12.9089   0.0145   0.2918   0.0015  -0.0516
   0.0663   0.0459   0.0277  -0.0162  -0.002   -0.0626   0.0536   0.0147
   0.0137  -0.0078  -0.0016  -0.0162  -0.0494   0.0879   0.1238  -0.12
  -0.0263   0.0012   0.0047   0.0232   0.087    0.0046  -0.0406  -0.0016
  -0.0099  -0.0099   0.0702  -0.0032  -0.0062   0.0029  -0.0127  -0.0051
  -0.4928   0.0266  -0.003   -0.4899   0.0139  -0.0082]
[ -0.064   -0.0954   0.9934   0.       0.       0.       0.       0.005
  -0.0674   0.9977   0.       0.       0.       0.       0.3776   1.
   0.4286   1.      -0.4094  -1.4761   2.2777  -2.465   -1.5141   0.1362
   4.01    -1.2147   1.9711  -2.3957  -1.5841   0.0876  -0.9671  -0.1733
   1.6167  -0.3447  -0.9908 -10.9254   0.0083   0.2904   0.0002  -0.0559
   0.0597   0.0379   0.0237  -0.0163   0.0058  -0.0608   0.0451   0.0203
   0.0169   0.0012   0.0016  -0.0432  -0.0461   0.1038   0.1421  -0.0922
  -0.0625  -0.0135  -0.0352  -0.0451  -0.0968  -0.0416   0.1585  -0.0006
  -0.006   -0.0109   0.0784   0.1204   0.023    0.0029  -0.0127  -0.0051
  -0.4928   0.0266  -0.003   -0.4899   0.0139  -0.0082]
[-0.0694 -0.0726  0.9949  0.      0.      0.      0.     -0.0013 -0.0693
  0.9976  0.      0.      0.      0.      0.3571  1.      0.5204  1.
 -0.411  -1.5015  2.2733 -2.4223 -1.5103  0.0987  4.0077 -1.218   1.9671
 -2.3896 -1.5753  0.0822  1.878  -1.2167  2.8479  1.9005 -3.8385 -5.6921
  0.0095  0.2899  0.0094 -0.0529  0.0659  0.0248  0.0183 -0.0172 -0.0042
 -0.0619  0.0424  0.0202  0.0173 -0.0004  0.0008  0.0895  0.2705  0.1833
  0.3344  0.1672 -0.0312 -0.0156 -0.0337 -0.0742 -0.3579 -0.0379  0.1763
  0.0001 -0.0115 -0.0005  0.1002  0.0317  0.0173  0.0029 -0.0127 -0.0051
 -0.4928  0.0266 -0.003  -0.4899  0.0139 -0.0082]
[-0.0708 -0.1101  0.9914  0.      0.      0.      0.     -0.046  -0.0583
  0.9972  0.      0.      0.      0.      0.3571  1.      0.5204  1.
 -0.4118 -1.5199  2.2747 -2.443  -1.5129  0.0997  3.9986 -1.2238  1.9591
 -2.3679 -1.5293  0.0608  1.89   -1.4569  3.0757  1.4458 -3.5474 -4.1502
  0.0083  0.2921  0.0147 -0.0518  0.0655  0.0179  0.0278 -0.0175 -0.004
 -0.0639  0.0397  0.0141  0.0146 -0.0114 -0.0026  0.11    0.2931  0.1489
  0.3026  0.1714 -0.0385  0.0232  0.036   0.0705  0.4659  0.0768 -0.0379
  0.0139  0.0119 -0.051  -0.1995 -0.1717 -0.0957  0.0029 -0.0127 -0.0051
 -0.4928  0.0266 -0.003  -0.4899  0.0139 -0.0082]
[-0.0709 -0.0573  0.9958  0.      0.      0.      0.      0.009  -0.0791
  0.9968  0.      0.      0.      0.      0.3571  1.      0.4694  1.
 -0.4096 -1.5154  2.2446 -2.3648 -1.5071  0.1333  4.0117 -1.237   1.9593
 -2.3715 -1.5866  0.0908  0.2677 -1.2512  3.636   0.0605 -0.8613 -1.04
  0.0051  0.2898  0.0089 -0.0555  0.0613  0.0122  0.0142 -0.0179  0.0042
 -0.0615  0.0302  0.0228  0.0198  0.0022  0.002   0.0208  0.1506  0.1001
  0.1004  0.0382 -0.0599  0.0228  0.0521 -0.006   0.582   0.0985 -0.3479
  0.015   0.0018 -0.032  -0.2376 -0.3554 -0.2102  0.0029 -0.0127 -0.0051
 -0.4928  0.0266 -0.003  -0.4899  0.0139 -0.0082]
[-0.0664 -0.0939  0.9934  0.      0.      0.      0.      0.0162 -0.0894
  0.9959  0.      0.      0.      0.      0.3571  1.      0.4694  1.
 -0.4114 -1.5342  2.258  -2.3954 -1.5156  0.1086  4.0094 -1.2421  1.952
 -2.3689 -1.5945  0.0943  1.1428 -1.9306  3.1589 -0.1365 -0.0472  1.0203
  0.0081  0.2931  0.0092 -0.0518  0.0654  0.0096  0.0236 -0.0166 -0.0017
 -0.0639  0.0239  0.0257  0.0224  0.0039  0.0036  0.054   0.2427  0.117
  0.0159  0.0001 -0.0791 -0.0037 -0.0198 -0.0419 -0.1853  0.0132  0.1072
 -0.0071 -0.0035  0.028   0.1871  0.3741  0.2797  0.0029 -0.0127 -0.0051
 -0.4928  0.0266 -0.003  -0.4899  0.0139 -0.0082]
[-0.0689 -0.034   0.997   0.      0.      0.      0.      0.0036 -0.0792
  0.9969  0.      0.      0.      0.      0.3469  1.      0.4694  1.
 -0.4085 -1.5387  2.2133 -2.2868 -1.5064  0.1465  4.0084 -1.2547  1.946
 -2.3411 -1.581   0.0861 -0.5661  0.3001  3.4891 -2.2436  3.5486  2.9857
  0.0033  0.2918  0.0115 -0.0558  0.0598 -0.0036  0.0082 -0.0174  0.0075
 -0.0629  0.0187  0.0216  0.0198  0.0008  0.0016 -0.1357  0.0611  0.0695
 -0.2692 -0.2327 -0.0663 -0.0052  0.0002 -0.0177 -0.1631 -0.0303  0.0613
 -0.0005 -0.0036 -0.0244 -0.181  -0.3366 -0.2364  0.0029 -0.0127 -0.0051
 -0.4928  0.0266 -0.003  -0.4899  0.0139 -0.0082]
[-0.0698 -0.0621  0.9956  0.      0.      0.      0.      0.0217 -0.082
  0.9964  0.      0.      0.      0.      0.3571  1.      0.4694  1.
 -0.4119 -1.5501  2.2216 -2.3116 -1.5086  0.1251  4.0132 -1.2662  1.9413
 -2.3262 -1.5997  0.104  -5.3374  5.1762  4.6539 -6.84    9.1227  3.4652
  0.0053  0.2915  0.0089 -0.0528  0.062  -0.0056  0.0155 -0.0176  0.0028
 -0.0614  0.0111  0.0229  0.0206  0.0052  0.0051 -0.6142 -0.6391  0.0756
 -0.7852 -0.7607 -0.1211 -0.0006  0.0359 -0.0456  0.0668 -0.0583 -0.0088
 -0.0049 -0.0108 -0.0115 -0.2109 -0.3917 -0.2547  0.0029 -0.0127 -0.0051
 -0.4928  0.0266 -0.003  -0.4899  0.0139 -0.0082]
[-0.0722 -0.0653  0.9952  0.      0.      0.      0.      0.0019 -0.0765
  0.9971  0.      0.      0.      0.      0.3469  1.      0.4694  1.
 -0.4109 -1.5625  2.2153 -2.2965 -1.5066  0.1263  4.0073 -1.2716  1.9317
 -2.3074 -1.5791  0.0875 -8.2842  6.9312  5.2897 -8.0055 10.822   3.4074
  0.0048  0.2929  0.0104 -0.0528  0.063  -0.0118  0.0163 -0.0182  0.0028
 -0.0637  0.0073  0.0199  0.0191  0.0004  0.0022 -0.8331 -1.0174  0.0109
 -0.9759 -0.9335 -0.1391  0.0024  0.0035 -0.023   0.1036  0.0507 -0.0106
  0.0067 -0.0388  0.0082 -0.1128 -0.3617 -0.2978  0.0029 -0.0127 -0.0051
 -0.4928  0.0266 -0.003  -0.4899  0.0139 -0.0082]
[-0.0745 -0.0474  0.9961  0.      0.      0.      0.      0.0103 -0.0792
  0.9968  0.      0.      0.      0.      0.3469  1.      0.4694  1.
 -0.4108 -1.5689  2.2003 -2.2575 -1.5023  0.1321  4.0088 -1.2793  1.9299
 -2.2998 -1.5878  0.0965 -5.6227  4.9238  4.4879 -5.2234  7.7364  2.5559
  0.0047  0.2922  0.011  -0.0532  0.0621 -0.018   0.0117 -0.0187  0.0044
 -0.0626  0.0025  0.0207  0.0198  0.0024  0.0042 -0.6417 -0.7101  0.0156
 -0.7159 -0.6402 -0.1245  0.0099 -0.0056 -0.0457  0.0037 -0.0283 -0.0049
 -0.002  -0.0101 -0.0141 -0.0561 -0.0769 -0.0857  0.0029 -0.0127 -0.0051
 -0.4928  0.0266 -0.003  -0.4899  0.0139 -0.0082]
[-0.0776 -0.0487  0.9958  0.      0.      0.      0.      0.0123 -0.0784
  0.9968  0.      0.      0.      0.      0.3469  1.      0.4592  1.
 -0.4113 -1.5871  2.184  -2.2245 -1.4993  0.1308  4.0098 -1.2837  1.9282
 -2.2927 -1.5898  0.0986 -4.1362  3.0514  3.4172 -4.5844  5.7866  2.6517
  0.0047  0.2916  0.0199 -0.0523  0.0625 -0.0293  0.012  -0.0195  0.0042
 -0.0619  0.0001  0.0205  0.0196  0.0029  0.0044 -0.4889 -0.4985  0.0476
 -0.5682 -0.5734 -0.1023  0.0055  0.     -0.0274  0.0256 -0.019  -0.0082
  0.0035  0.0223 -0.0626  0.0397  0.0804  0.087   0.0029 -0.0127 -0.0051
 -0.4928  0.0266 -0.003  -0.4899  0.0139 -0.0082]
[-0.0759 -0.0417  0.9962  0.      0.      0.      0.     -0.0037 -0.075
  0.9972  0.      0.      0.      0.      0.3571  1.      0.4592  1.
 -0.4113 -1.5913  2.1782 -2.2073 -1.5002  0.1319  4.0054 -1.292   1.9121
 -2.2663 -1.5733  0.0832 -2.7781  1.6693  3.1356 -4.316   4.9739  2.9939
  0.0034  0.2939  0.014  -0.0521  0.0626 -0.0321  0.0103 -0.0191  0.0045
 -0.0649 -0.0074  0.018   0.0188 -0.001   0.0016 -0.3509 -0.3293  0.0438
 -0.4924 -0.5095 -0.0996  0.0047  0.0111 -0.052  -0.1275 -0.0038 -0.0015
 -0.0019  0.0433 -0.0108  0.0703  0.2056  0.2564  0.0029 -0.0127 -0.0051
 -0.4928  0.0266 -0.003  -0.4899  0.0139 -0.0082]
[-0.0767 -0.0461  0.996   0.      0.      0.      0.     -0.0159 -0.072
  0.9973  0.      0.      0.      0.      0.3571  1.      0.449   1.
 -0.4109 -1.5979  2.1726 -2.1996 -1.4999  0.1315  4.0035 -1.2952  1.8982
 -2.2472 -1.5608  0.0673 -2.774   1.9161  3.5456 -3.3476  3.064   3.1638
  0.001   0.2954  0.0127 -0.0519  0.0627 -0.0363  0.0114 -0.0193  0.0043
 -0.0678 -0.0119  0.0161  0.018  -0.0039 -0.002  -0.3353 -0.2797  0.039
 -0.3572 -0.4036 -0.096   0.0056  0.0031 -0.0394  0.0798 -0.0084  0.0083
  0.0044  0.0351 -0.0048  0.0177  0.1174  0.1596  0.0029 -0.0127 -0.0051
 -0.4928  0.0266 -0.003  -0.4899  0.0139 -0.0082]
[-0.0783 -0.0515  0.9956  0.      0.      0.      0.     -0.0015 -0.0749
  0.9972  0.      0.      0.      0.      0.3571  1.      0.4796  1.
 -0.4119 -1.6164  2.1556 -2.1697 -1.499   0.1317  4.008  -1.3127  1.8911
 -2.2244 -1.5757  0.0908 -1.6522  1.5387  3.7101 -2.7385  2.7477  3.4669
  0.0021  0.2936  0.0147 -0.0506  0.0633 -0.048   0.0127 -0.0197  0.0046
 -0.0649 -0.0235  0.0169  0.0188 -0.0005  0.0028 -0.2862 -0.1496  0.0238
 -0.3334 -0.3649 -0.0744  0.0013  0.0017 -0.0222 -0.0259  0.0006 -0.0013
 -0.0017 -0.0113 -0.0129 -0.0006 -0.0138  0.0064  0.0029 -0.0127 -0.0051
 -0.4928  0.0266 -0.003  -0.4899  0.0139 -0.0082]
[-0.0763 -0.0482  0.9959  0.      0.      0.      0.     -0.0062 -0.0743
  0.9972  0.      0.      0.      0.      0.3571  1.      0.4694  1.
 -0.4114 -1.6199  2.1502 -2.1573 -1.5006  0.1317  4.0052 -1.3188  1.888
 -2.2148 -1.5705  0.0801 -0.3571  0.3731  3.6097 -1.6006  1.8619  3.5479
  0.0031  0.2941  0.0139 -0.0505  0.0634 -0.0507  0.0119 -0.0192  0.0045
 -0.0649 -0.0263  0.0163  0.0186 -0.0016  0.0008 -0.1807 -0.008   0.0123
 -0.2164 -0.2602 -0.0355  0.001   0.0038 -0.0369  0.0064 -0.0028 -0.0042
 -0.0036 -0.0151 -0.028  -0.0242 -0.0222 -0.0352  0.0029 -0.0127 -0.0051
 -0.4928  0.0266 -0.003  -0.4899  0.0139 -0.0082]
[-0.0763 -0.0488  0.9959  0.      0.      0.      0.     -0.0059 -0.0747
  0.9972  0.      0.      0.      0.      0.3469  1.      0.4592  1.
 -0.4113 -1.6253  2.1436 -2.1459 -1.5007  0.1317  4.0057 -1.3234  1.8825
 -2.2053 -1.5711  0.082   0.1861  0.3503  4.1931 -0.4804  0.7303  3.7602
  0.0026  0.2942  0.0137 -0.0502  0.0635 -0.0547  0.012  -0.0192  0.0045
 -0.0652 -0.0306  0.0161  0.0187 -0.0015  0.0012 -0.1439  0.0741  0.008
 -0.1241 -0.1183 -0.0623  0.0045  0.0047 -0.05    0.0098  0.0011  0.0013
 -0.0042  0.0008 -0.0295 -0.0109  0.0078  0.021   0.0029 -0.0127 -0.0051
 -0.4928  0.0266 -0.003  -0.4899  0.0139 -0.0082]
[-0.0748 -0.048   0.996   0.      0.      0.      0.     -0.0046 -0.0739
  0.9973  0.      0.      0.      0.      0.3571  1.      0.449   1.
 -0.4113 -1.6312  2.1351 -2.1306 -1.5021  0.1319  4.0064 -1.3309  1.8763
 -2.1906 -1.5725  0.0827  0.6853 -0.493   3.7053 -0.2315  0.4436  3.9262
  0.0027  0.2939  0.0131 -0.0498  0.0635 -0.0593  0.0118 -0.0188  0.0045
 -0.0647 -0.0358  0.0156  0.0185 -0.0012  0.0012 -0.0804  0.1519  0.003
 -0.0879 -0.0848 -0.0547  0.0029  0.0079 -0.0395 -0.0198  0.0057 -0.0017
  0.0006  0.0007 -0.0332  0.0039 -0.0142 -0.0133  0.0029 -0.0127 -0.0051
 -0.4928  0.0266 -0.003  -0.4899  0.0139 -0.0082]
[-0.0749 -0.0494  0.996   0.      0.      0.      0.     -0.0053 -0.0739
  0.9973  0.      0.      0.      0.      0.3571  1.      0.449   1.
 -0.4112 -1.6409  2.1269 -2.1141 -1.5021  0.1318  4.006  -1.3391  1.8661
 -2.1722 -1.5717  0.0825  0.6749 -0.0287  3.7635 -0.507   0.2434  3.8661
  0.0031  0.294   0.0122 -0.0493  0.0645 -0.0652  0.0122 -0.0189  0.0045
 -0.0651 -0.0428  0.015   0.0185 -0.0014  0.0012 -0.0882  0.1646 -0.0054
 -0.0545 -0.0799 -0.0352  0.002   0.0065 -0.0189  0.0183 -0.002   0.0044
 -0.0007 -0.001  -0.0581  0.0046 -0.0099 -0.0006  0.0029 -0.0127 -0.0051
 -0.4928  0.0266 -0.003  -0.4899  0.0139 -0.0082]
[-0.0751 -0.0444  0.9962  0.      0.      0.      0.     -0.0065 -0.0765
  0.9971  0.      0.      0.      0.      0.3469  1.      0.449   1.
 -0.4108 -1.644   2.1063 -2.0854 -1.5014  0.1315  4.0064 -1.3416  1.87
 -2.1763 -1.5708  0.0815  0.6478 -0.1317  4.0667 -0.571   0.045   3.8828
  0.0014  0.2938  0.0198 -0.0491  0.0622 -0.0733  0.0109 -0.0189  0.0044
 -0.064  -0.0429  0.0155  0.0191 -0.0017  0.0008 -0.0927  0.1603  0.0083
 -0.0469 -0.0815 -0.0351  0.004   0.0061 -0.0428 -0.0399  0.0032 -0.0022
 -0.0003  0.005   0.0326 -0.0049  0.0038 -0.0043  0.0029 -0.0127 -0.0051
 -0.4928  0.0266 -0.003  -0.4899  0.0139 -0.0082]
[-0.0745 -0.0457  0.9962  0.      0.      0.      0.     -0.0058 -0.0747
  0.9972  0.      0.      0.      0.      0.3571  1.      0.449   1.
 -0.4108 -1.6536  2.0998 -2.0705 -1.5022  0.1317  4.0062 -1.3486  1.8592
 -2.1567 -1.5714  0.0816  0.696  -0.094   3.1858 -0.4381 -0.3455  4.0117
  0.0023  0.2938  0.0187 -0.0485  0.0637 -0.0786  0.0113 -0.0187  0.0044
 -0.0644 -0.0493  0.0147  0.0187 -0.0015  0.0009 -0.0691  0.1774  0.006
 -0.0217 -0.0725 -0.0468  0.0005  0.0022 -0.0022  0.0702 -0.0061  0.0044
  0.0019  0.0051 -0.0325  0.0081 -0.0062 -0.0034  0.0029 -0.0127 -0.0051
 -0.4928  0.0266 -0.003  -0.4899  0.0139 -0.0082]
[-0.0739 -0.0447  0.9963  0.      0.      0.      0.     -0.0061 -0.0748
  0.9972  0.      0.      0.      0.      0.3469  1.      0.4592  1.
 -0.4109 -1.6563  2.0947 -2.0617 -1.5027  0.1317  4.006  -1.3549  1.8543
 -2.1456 -1.5711  0.0806  0.5655 -1.0292  3.765  -0.8715 -0.6706  3.9061
  0.0027  0.2937  0.0168 -0.0483  0.0636 -0.0812  0.011  -0.0186  0.0045
 -0.064  -0.0537  0.0144  0.0187 -0.0015  0.0007 -0.0374  0.1635  0.005
 -0.0096 -0.0887 -0.0543  0.0049  0.0023 -0.0764 -0.0535 -0.0059 -0.0084
  0.0004  0.0086 -0.018   0.0134  0.0021 -0.0235  0.0029 -0.0127 -0.0051
 -0.4928  0.0266 -0.003  -0.4899  0.0139 -0.0082]
[-0.074  -0.044   0.9963  0.      0.      0.      0.     -0.0059 -0.075
  0.9972  0.      0.      0.      0.      0.3571  1.      0.4592  1.
 -0.4109 -1.6586  2.0899 -2.0538 -1.5025  0.1317  4.0061 -1.3593  1.8489
 -2.1359 -1.5713  0.0805  0.8842 -1.9402  2.9742 -0.5662 -0.8294  4.0608
  0.0025  0.2937  0.0154 -0.0481  0.0635 -0.0836  0.0108 -0.0186  0.0045
 -0.064  -0.0575  0.0141  0.0188 -0.0015  0.0007  0.0173  0.1936  0.025
  0.0237 -0.0431 -0.0506  0.0024 -0.0061 -0.0353  0.0047 -0.001   0.0006
 -0.0006  0.0072 -0.0365 -0.0221  0.0042  0.0044  0.0029 -0.0127 -0.0051
 -0.4928  0.0266 -0.003  -0.4899  0.0139 -0.0082]
[-0.0714 -0.0475  0.9963  0.      0.      0.      0.     -0.0056 -0.0756
  0.9971  0.      0.      0.      0.      0.3571  1.      0.4592  1.
 -0.4101 -1.6681  2.0793 -2.037  -1.5055  0.1321  4.0063 -1.3676  1.8387
 -2.118  -1.5717  0.0806  1.5248 -1.3431  3.3516  0.0896 -1.2253  3.8255
  0.0031  0.2934  0.0153 -0.0478  0.0647 -0.0903  0.0117 -0.018   0.0044
 -0.0639 -0.0647  0.0137  0.0189 -0.0014  0.0006  0.0063  0.2737  0.0179
  0.0741  0.011  -0.0463  0.0014 -0.0113 -0.0352 -0.0115 -0.0094 -0.0045
 -0.0005 -0.0068 -0.0165  0.0338 -0.0041  0.001   0.0029 -0.0127 -0.0051
 -0.4928  0.0266 -0.003  -0.4899  0.0139 -0.0082]
[-0.0709 -0.0495  0.9963  0.      0.      0.      0.     -0.0055 -0.0743
  0.9972  0.      0.      0.      0.      0.3469  1.      0.4592  1.
 -0.4103 -1.6731  2.0712 -2.0241 -1.5063  0.1322  4.0062 -1.3727  1.8321
 -2.105  -1.5717  0.0806  1.7916 -1.0443  3.8934  0.738  -1.1723  3.6597
  0.0037  0.2933  0.0141 -0.0474  0.0655 -0.0933  0.0122 -0.0179  0.0045
 -0.0637 -0.0691  0.0131  0.0186 -0.0014  0.0006  0.0296  0.333   0.005
  0.1051  0.0792 -0.0416  0.0042 -0.0076 -0.0621 -0.0871  0.0076 -0.002
  0.0005 -0.0033 -0.016   0.0188  0.004   0.0002  0.0029 -0.0127 -0.0051
 -0.4928  0.0266 -0.003  -0.4899  0.0139 -0.0082]
[-0.0689 -0.046   0.9966  0.      0.      0.      0.     -0.0045 -0.0739
  0.9973  0.      0.      0.      0.      0.3469  1.      0.4898  1.
 -0.4102 -1.679   2.0583 -2.0033 -1.5079  0.1322  4.0063 -1.3842  1.815
 -2.0774 -1.5731  0.0806  2.4542 -1.5293  3.5466  0.967  -1.403   3.7126
  0.0036  0.2934  0.0095 -0.047   0.065  -0.1011  0.0114 -0.0173  0.0045
 -0.0634 -0.0813  0.0122  0.0185 -0.0012  0.0006  0.0625  0.3731  0.003
  0.1117  0.1074 -0.0325 -0.0024  0.0016  0.0127  0.0481 -0.0041  0.0017
  0.0008 -0.0043 -0.0071  0.0136  0.0109  0.0018  0.      0.      0.
 -0.4899  0.0139 -0.0082 -0.4899  0.0139 -0.0082]
[-0.069  -0.0523  0.9962  0.      0.      0.      0.     -0.0033 -0.0504
  0.699   0.      0.      0.      0.      0.3469  1.      0.4694  1.
 -0.4096 -1.683   2.0553 -2.0025 -1.5085  0.1323  4.0064 -1.3895  1.808
 -2.0617 -1.5723  0.0805  2.3293 -1.6869  2.8903  0.8744 -1.9215  4.2628
  0.0037  0.2931  0.0092 -0.0468  0.066  -0.1038  0.0129 -0.0174  0.0044
 -0.0633 -0.0846  0.0117  0.018  -0.0012  0.0006  0.0638  0.3527  0.0147
  0.1316  0.0896 -0.0289 -0.0001 -0.0016  0.0332  0.1786  0.0006  0.0197
  0.0011  0.0121 -0.0686 -0.0304  0.0021 -0.0008  0.      0.      0.
 -0.4899  0.0139 -0.0082 -0.4899  0.0139 -0.0082]
[ 0.      0.      0.     -0.1689  0.0133 -0.0108  0.      0.      0.
  0.      0.      0.      0.      0.      0.3469  1.      0.4898  1.
 -0.4096 -1.6865  2.0479 -1.991  -1.5094  0.1324  4.0063 -1.3943  1.801
 -2.0536 -1.5729  0.0805  2.7259 -1.8921  3.3455  1.1561 -2.5928  4.0746
  0.0037  0.2934  0.0079 -0.0466  0.0661 -0.1074  0.0128 -0.0172  0.0044
 -0.0635 -0.0897  0.0119  0.0189 -0.0011  0.0006  0.0826  0.3897  0.0106
  0.1817  0.1213 -0.0197  0.0006 -0.0024 -0.0146 -0.0023  0.0011 -0.0006
  0.0002  0.0024 -0.0206 -0.0013  0.0003  0.0007  0.      0.      0.
 -0.4899  0.0139 -0.0082 -0.4899  0.0139 -0.0082]
[ 0.      0.      0.      0.      0.      0.      0.      0.      0.
  0.      0.      0.      0.      0.      0.3469  1.      0.4796  1.
 -0.4112 -1.6839  2.0518 -2.0034 -1.5015  0.1315  4.0064 -1.3915  1.8049
 -2.0552 -1.5739  0.0805  3.2612 -1.8536  3.3724  1.6092 -3.4089  4.334
  0.0031  0.2934  0.0112 -0.0461  0.0658 -0.1076  0.014  -0.019   0.0044
 -0.0631 -0.0864  0.0114  0.0177 -0.0008  0.0006  0.1112  0.4471  0.0456
  0.2284  0.155  -0.0148 -0.0077 -0.016   0.0869  0.084  -0.088   0.0087
  0.0012 -0.0038 -0.0014  0.0303  0.0173  0.0019  0.      0.      0.
 -0.4899  0.0139 -0.0082 -0.4899  0.0139 -0.0082]
[ 0.      0.      0.      0.      0.      0.      0.      0.      0.
  0.      0.      0.      0.      0.      0.3469  1.      0.4694  1.
 -0.4078 -1.6914  2.0361 -1.9702 -1.517   0.1333  4.0065 -1.3935  1.8025
 -2.0526 -1.5724  0.0806  2.7021 -1.7704  3.0004  1.3826 -3.1542  4.1857
  0.0042  0.2929  0.0146 -0.047   0.0665 -0.1127  0.012  -0.0152  0.0043
 -0.0631 -0.0883  0.0114  0.0181 -0.0012  0.0006  0.0705  0.4133  0.026
  0.2161  0.1525 -0.0142 -0.0024 -0.001   0.0252 -0.0131 -0.0197 -0.0005
  0.0021 -0.0026 -0.0031  0.0298  0.0154  0.0035  0.      0.      0.
 -0.4899  0.0139 -0.0082 -0.4899  0.0139 -0.0082]
[ 0.      0.      0.      0.      0.      0.      0.      0.      0.
  0.      0.      0.      0.      0.      0.3469  1.      0.4694  1.
 -0.4094 -1.6886  2.0404 -1.9825 -1.5117  0.1332  4.0065 -1.393   1.8035
 -2.0538 -1.5726  0.0804  2.0602 -1.3295  3.0092  0.7382 -2.0128  4.2248
  0.0037  0.2934  0.0139 -0.0465  0.0659 -0.1114  0.0127 -0.0163  0.0046
 -0.0631 -0.0877  0.0115  0.018  -0.0011  0.0005  0.0292  0.3532  0.0345
  0.1412  0.091  -0.0207 -0.0082 -0.0117  0.023   0.1085 -0.0614  0.0039
  0.0009 -0.0006  0.0048 -0.0001  0.0052  0.0014  0.      0.      0.
 -0.4899  0.0139 -0.0082 -0.4899  0.0139 -0.0082]
[ 0.      0.      0.      0.      0.      0.      0.      0.      0.
  0.      0.      0.      0.      0.      0.3571  1.      0.4592  1.
 -0.4096 -1.6884  2.0417 -1.9769 -1.5112  0.1325  4.0063 -1.392   1.8037
 -2.0546 -1.5733  0.0804  1.701  -1.577   3.3153  0.7485 -1.6708  4.133
  0.0042  0.2934  0.0127 -0.0465  0.0658 -0.1099  0.0113 -0.0165  0.0045
 -0.0633 -0.0871  0.0115  0.0179 -0.0009  0.0006  0.0302  0.3209  0.0477
  0.1264  0.0964 -0.0173  0.0026 -0.0039 -0.0127  0.0222  0.0347  0.0085
  0.0011 -0.0009  0.0004  0.0063  0.0085  0.0018  0.      0.      0.
 -0.4899  0.0139 -0.0082 -0.4899  0.0139 -0.0082]
[ 0.      0.      0.      0.      0.      0.      0.      0.      0.
  0.      0.      0.      0.      0.      0.3469  1.      0.4388  1.
 -0.4083 -1.6884  2.0391 -1.9833 -1.5131  0.134   4.0065 -1.3925  1.8036
 -2.0534 -1.5724  0.0805  1.2585 -1.4446  3.0269  0.2685 -1.0898  4.2892
  0.0031  0.2932  0.0143 -0.047   0.0659 -0.1113  0.0136 -0.0164  0.0045
 -0.0631 -0.0873  0.0113  0.0178 -0.0012  0.0005  0.0178  0.2761  0.0205
  0.0779  0.0557 -0.0292 -0.0049 -0.002  -0.0129  0.043  -0.0026 -0.0043
 -0.0019  0.0022 -0.0008 -0.0152 -0.0105 -0.0028  0.      0.      0.
 -0.4899  0.0139 -0.0082 -0.4899  0.0139 -0.0082]
[ 0.      0.      0.      0.      0.      0.      0.      0.      0.
  0.      0.      0.      0.      0.      0.3571  1.      0.449   1.
 -0.4092 -1.6883  2.0404 -1.9792 -1.5127  0.1335  4.0064 -1.3925  1.8036
 -2.0542 -1.5727  0.0804  0.5905 -0.4493  3.552  -0.257  -0.2403  4.2383
  0.0037  0.2934  0.0131 -0.0467  0.0657 -0.1105  0.0122 -0.0163  0.0046
 -0.0632 -0.0875  0.0115  0.018  -0.0011  0.0006 -0.0508  0.1945  0.0543
  0.0157  0.0049 -0.0268 -0.0072 -0.0036 -0.0136  0.0447 -0.0072  0.0034
 -0.0006  0.0016  0.0062 -0.0331 -0.0072 -0.0015  0.      0.      0.
 -0.4899  0.0139 -0.0082 -0.4899  0.0139 -0.0082]
[-0.0427 -0.0364  0.6682 -0.0151  0.0012 -0.0009  0.     -0.0045 -0.0694
  0.9976 -0.0148 -0.1586 -0.0111  0.      0.3571  1.      0.4388  1.
 -0.4076 -1.6879  2.0374 -1.9813 -1.5142  0.1361  4.0064 -1.3918  1.8041
 -2.0529 -1.5724  0.0803  0.5375 -0.3247  3.7145 -0.3382 -0.2554  4.1123
  0.0029  0.2931  0.0153 -0.0474  0.0656 -0.1117  0.0134 -0.0161  0.0049
 -0.0631 -0.0866  0.0111  0.0174 -0.0011  0.0005 -0.0595  0.1805  0.049
  0.0091 -0.0118 -0.0277 -0.0065 -0.0062 -0.0166  0.049   0.0014  0.012
 -0.0003 -0.0007  0.0018 -0.0008 -0.0016 -0.0004  0.      0.      0.
 -0.4899  0.0139 -0.0082 -0.4899  0.0139 -0.0082]
[-0.0645 -0.052   0.9966  0.      0.      0.      0.     -0.001  -0.0743
  0.9972  0.      0.      0.      0.      0.3469  1.      0.449   1.
 -0.4076 -1.6947  2.0229 -1.9578 -1.5131  0.136   4.0074 -1.3987  1.7936
 -2.0402 -1.5763  0.0806 -0.1502  0.5139  3.971  -1.1532  0.77    4.0923
  0.003   0.2929  0.0154 -0.0468  0.066  -0.1191  0.0129 -0.0163  0.0049
 -0.0632 -0.094   0.0116  0.0186 -0.0003  0.0004 -0.1322  0.1103  0.053
 -0.0712 -0.0833 -0.0577  0.0018 -0.0016  0.0163  0.0125 -0.0024  0.0076
 -0.0017  0.0042 -0.0274  0.0091  0.0055 -0.0022  0.      0.      0.
 -0.4899  0.0139 -0.0082 -0.4899  0.0139 -0.0082]
[-0.0654 -0.0512  0.9965  0.      0.      0.      0.     -0.0003 -0.0747
  0.9972  0.      0.      0.      0.      0.3469  1.      0.4592  1.
 -0.408  -1.6953  2.0217 -1.9553 -1.5122  0.1355  4.0075 -1.4014  1.7884
 -2.0326 -1.577   0.0804 -0.7261  0.9003  4.4654 -1.6007  1.1217  4.1773
  0.003   0.293   0.0128 -0.0466  0.066  -0.1198  0.0127 -0.0165  0.0048
 -0.0632 -0.0971  0.0115  0.0187 -0.0001  0.0003 -0.1767  0.0471  0.0615
 -0.1186 -0.1362 -0.0746  0.0047  0.0012 -0.0667 -0.0194  0.0075  0.0132
 -0.0034  0.008  -0.0308 -0.0412 -0.0408 -0.0096  0.      0.      0.
 -0.4899  0.0139 -0.0082 -0.4899  0.0139 -0.0082]
[-0.0641 -0.052   0.9966  0.      0.      0.      0.     -0.0017 -0.0742
  0.9972  0.      0.      0.      0.      0.3469  1.      0.449   1.
 -0.4076 -1.6983  2.0141 -1.9453 -1.5136  0.1357  4.0073 -1.4069  1.7775
 -2.0158 -1.5756  0.0803 -0.2648 -0.0073  4.1984 -0.8378  0.6942  4.7393
  0.0029  0.293   0.0104 -0.0465  0.0662 -0.1235  0.0129 -0.0162  0.0048
 -0.0633 -0.1034  0.0108  0.0186 -0.0004  0.0003 -0.1143  0.0994  0.0459
 -0.0952 -0.0808 -0.0508  0.003   0.0039 -0.0389 -0.0669  0.0046  0.0092
 -0.0002 -0.0005 -0.0175 -0.0013  0.0013  0.0005  0.      0.      0.
 -0.4899  0.0139 -0.0082 -0.4899  0.0139 -0.0082]
[-0.0642 -0.0541  0.9965 -0.0001 -0.0017 -0.0001  0.     -0.0015 -0.0734
  0.9973  0.      0.      0.      0.      0.3571  1.      0.4388  1.
 -0.4075 -1.6997  2.0117 -1.9438 -1.5137  0.1355  4.0073 -1.4103  1.7707
 -2.0048 -1.5758  0.0804 -0.2266 -0.058   4.2434 -0.681   0.2192  4.8372
  0.0029  0.293   0.008  -0.0464  0.0665 -0.1249  0.0134 -0.0162  0.0047
 -0.0632 -0.1072  0.0104  0.0184 -0.0004  0.0004 -0.0996  0.0976  0.0545
 -0.0727 -0.0663 -0.0423  0.0019  0.006  -0.0225 -0.0662  0.0064  0.0003
  0.0004  0.01   -0.0621 -0.0127  0.0073 -0.0003  0.      0.      0.
 -0.4899  0.0139 -0.0082 -0.4899  0.0139 -0.0082]
[ 0.      0.      0.      0.      0.      0.      0.      0.      0.
  0.      0.      0.      0.      0.      0.3469  1.      0.4184  1.
 -0.4072 -1.7018  2.0023 -1.9271 -1.5149  0.1359  4.0075 -1.4207  1.7518
 -1.9784 -1.5751  0.0802 -0.9031  0.864   4.2164 -0.7926  0.1344  4.5323
  0.003   0.2927 -0.0001 -0.0464  0.0661 -0.1288  0.0122 -0.0157  0.0048
 -0.0631 -0.1191  0.0099  0.0191 -0.0006  0.0002 -0.1561  0.0292  0.0336
 -0.0623 -0.0725 -0.046  -0.0013  0.0078 -0.0169 -0.0182 -0.0164 -0.0004
  0.0008 -0.003  -0.0017  0.055   0.0053  0.0011  0.      0.      0.
 -0.4899  0.0139 -0.0082 -0.4899  0.0139 -0.0082]
[ 0.      0.      0.      0.      0.      0.      0.      0.      0.
  0.      0.      0.      0.      0.      0.3571  1.      0.4898  1.
 -0.4064 -1.7031  2.0044 -1.9244 -1.5081  0.1362  4.0072 -1.4109  1.771
 -2.0163 -1.5777  0.0799 -0.2417 -0.2721  3.7956 -0.2762 -0.7887  4.1792
  0.003   0.2924  0.0096 -0.0465  0.0668 -0.1287  0.0111 -0.0173  0.0046
 -0.0641 -0.109   0.0121  0.0213 -0.0001  0.0003 -0.1042  0.0926  0.0327
 -0.0045 -0.0235 -0.0303 -0.0042  0.0045 -0.0434 -0.0593 -0.052  -0.0134
 -0.0002  0.0078  0.0038 -0.1356 -0.0053 -0.0009  0.      0.      0.
 -0.4899  0.0139 -0.0082 -0.4899  0.0139 -0.0082]
[ 0.      0.      0.      0.      0.      0.      0.      0.      0.
  0.      0.      0.      0.      0.      0.3469  1.      0.4694  1.
 -0.4065 -1.7016  2.0078 -1.9343 -1.5119  0.1358  4.0073 -1.4116  1.7688
 -2.009  -1.5771  0.0799  0.081  -0.7088  3.4579 -0.6892 -0.3657  4.5858
  0.0029  0.2927  0.0078 -0.0466  0.0668 -0.1271  0.0124 -0.0166  0.0046
 -0.0639 -0.1095  0.0114  0.0202 -0.0002  0.0003 -0.091   0.1328  0.0456
 -0.0128 -0.0289 -0.0265  0.006  -0.0071  0.0348  0.0763  0.0732  0.011
 -0.0029  0.0022 -0.0338  0.0374 -0.0093 -0.0041  0.      0.      0.
 -0.4899  0.0139 -0.0082 -0.4899  0.0139 -0.0082]
[ 0.0369  0.0261 -0.5545  0.      0.      0.      0.      0.0028  0.0775
 -0.997   0.0519 -0.0048 -0.0002  0.      0.3571  1.      0.4592  1.
 -0.4064 -1.7024  2.0042 -1.9269 -1.5111  0.1364  4.0074 -1.4114  1.7686
 -2.0059 -1.5748  0.0798 -0.2786 -0.4913  3.4174 -0.3309 -0.5348  4.4964
  0.0029  0.2922  0.0095 -0.0465  0.0665 -0.1287  0.0116 -0.0167  0.0047
 -0.0637 -0.109   0.0108  0.0194 -0.0007  0.0002 -0.1033  0.1029  0.0456
 -0.0167 -0.0277 -0.0298  0.0015 -0.0044  0.075   0.1494  0.066   0.0008
  0.0026  0.0089 -0.0225 -0.1601 -0.0196  0.0049  0.      0.      0.
 -0.4899  0.0139 -0.0082 -0.4899  0.0139 -0.0082]
[ 0.0819  0.0605 -0.995  -0.266   0.0207 -0.0157  0.      0.0038  0.0741
 -0.9972  0.0351 -0.0032 -0.0001  0.      0.3571  1.      0.4694  1.
 -0.4067 -1.6935  2.0393 -1.9853 -1.5154  0.1342  4.0069 -1.4123  1.7654
 -1.9984 -1.5735  0.0797 -0.6565 -0.6785  3.6995 -0.4896 -1.0824  3.9807
  0.0036  0.2926 -0.0063 -0.0472  0.068  -0.1129  0.0154 -0.016   0.0041
 -0.0636 -0.1101  0.0102  0.0185 -0.001   0.0003 -0.1189  0.0282  0.0441
 -0.017  -0.0494 -0.0259 -0.0023  0.0016 -0.0735 -0.2082 -0.0716  0.003
  0.0019 -0.0087  0.0107  0.1395  0.0108  0.0031  0.      0.      0.
 -0.4899  0.0139 -0.0082 -0.4899  0.0139 -0.0082]
[ 0.1445  0.0495 -0.9912 -0.1856  0.0144 -0.0121  0.      0.0037  0.0754
 -0.9971  0.1289 -0.0119 -0.0004  0.      0.3571  1.      0.4796  1.
 -0.4081 -1.6915  2.0399 -1.9819 -1.5087  0.1342  4.0066 -1.4049  1.7808
 -2.0225 -1.5737  0.0796  0.7376 -1.2051  3.906   0.6003 -2.2458  4.1536
  0.0035  0.2927  0.001  -0.0468  0.067  -0.1122  0.0137 -0.0175  0.0045
 -0.0636 -0.1015  0.011   0.0189 -0.0009  0.0003 -0.0405  0.1461  0.0806
  0.0678  0.0246 -0.006   0.0008 -0.0012 -0.003  -0.0185 -0.0454  0.0081
  0.0042 -0.0084  0.0222  0.0602  0.041   0.0071  0.      0.      0.
 -0.4899  0.0139 -0.0082 -0.4899  0.0139 -0.0082]
[ 0.1437  0.0485 -0.9136 -0.0418  0.0032 -0.0028  0.      0.0035  0.0669
 -0.8764  0.3364 -0.031  -0.001   0.      0.3571  1.      0.4796  1.
 -0.4094 -1.6869  2.0575 -2.0079 -1.5077  0.1333  4.0066 -1.4012  1.7908
 -2.0398 -1.5725  0.0793  1.8799 -1.8781  3.7476  1.0373 -2.5806  4.4155
  0.0043  0.2927 -0.0024 -0.0467  0.0675 -0.1045  0.0146 -0.0178  0.0045
 -0.0635 -0.0974  0.0114  0.019  -0.001   0.0003  0.0184  0.2672  0.1231
  0.1332  0.1052 -0.0018 -0.0011 -0.0044  0.0636  0.011  -0.0005  0.0011
 -0.0017 -0.0084 -0.0072  0.0816 -0.0339 -0.0054  0.      0.      0.
 -0.4899  0.0139 -0.0082 -0.4899  0.0139 -0.0082]
[ 0.      0.      0.      0.      0.      0.      0.      0.      0.
  0.      0.      0.      0.      0.      0.3469  1.      0.4898  1.
 -0.41   -1.683   2.0673 -2.0178 -1.5061  0.1327  4.0046 -1.3965  1.8085
 -2.0701 -1.567   0.0785  2.2703 -2.0037  4.0723  0.9933 -2.3249  4.6348
  0.0055  0.2926  0.0007 -0.0469  0.0674 -0.0996  0.0136 -0.0181  0.0045
 -0.0631 -0.0894  0.0132  0.0216 -0.0028  0.0005  0.0344  0.3133  0.1141
  0.1297  0.1374 -0.0043  0.0015  0.0017  0.0095 -0.0357 -0.0055 -0.0029
 -0.0003 -0.0024  0.0172  0.0832 -0.01    0.0007  0.      0.      0.
 -0.4899  0.0139 -0.0082 -0.4899  0.0139 -0.0082]
[ 0.      0.      0.      0.      0.      0.      0.      0.      0.
  0.      0.      0.      0.      0.      0.3469  1.      0.4694  1.
 -0.4095 -1.6815  2.0682 -2.021  -1.5091  0.1336  4.0052 -1.3978  1.8015
 -2.0606 -1.5679  0.0787  2.162  -0.8707  4.626   0.9122 -2.2865  4.2498
  0.0049  0.293  -0.003  -0.0472  0.0672 -0.0987  0.0139 -0.0174  0.0046
 -0.0636 -0.0923  0.0127  0.0209 -0.0023  0.0004 -0.0093  0.3223  0.07
  0.1488  0.1399 -0.0291  0.002   0.0028 -0.0461 -0.0193  0.002  -0.0092
 -0.0163 -0.0151 -0.0039  0.2317 -0.1065 -0.0221  0.      0.      0.
 -0.4899  0.0139 -0.0082 -0.4899  0.0139 -0.0082]
[ 0.      0.      0.      0.      0.      0.      0.      0.      0.
  0.      0.      0.      0.      0.      0.3469  1.      0.4694  1.
 -0.4093 -1.6823  2.0673 -2.0206 -1.5093  0.1337  4.0056 -1.3966  1.8053
 -2.0723 -1.5664  0.0789  1.6434 -0.4831  4.0488  0.7772 -0.6941  4.1295
  0.0042  0.2928 -0.0011 -0.0472  0.0674 -0.0993  0.0143 -0.0174  0.0046
 -0.0641 -0.0914  0.0139  0.023  -0.003   0.0003 -0.0302  0.2816  0.0504
  0.0498  0.1579 -0.0482 -0.0004  0.007  -0.0388 -0.0726 -0.0147 -0.0117
 -0.0267 -0.0337  0.0241  0.3836 -0.2183 -0.0078  0.      0.      0.
 -0.4899  0.0139 -0.0082 -0.4899  0.0139 -0.0082]
[ 0.      0.      0.      0.      0.      0.      0.      0.      0.
  0.      0.      0.      0.      0.      0.3571  1.      0.4796  1.
 -0.4097 -1.679   2.0728 -2.0277 -1.5098  0.1342  4.0051 -1.3992  1.8012
 -2.0568 -1.5734  0.0799  1.0219 -0.3157  3.7609 -1.0097  0.5334  3.8866
  0.0055  0.2932 -0.0059 -0.0474  0.067  -0.0962  0.0139 -0.0172  0.0048
 -0.063  -0.0929  0.0129  0.0209 -0.0011  0.0008 -0.0563  0.1791  0.047
 -0.0537 -0.0144 -0.0766  0.0015 -0.004   0.0032  0.0578  0.0164 -0.0004
 -0.0244 -0.0268 -0.0022  0.3616 -0.2319 -0.016   0.      0.      0.
 -0.4899  0.0139 -0.0082 -0.4899  0.0139 -0.0082]
[ 0.      0.      0.      0.      0.      0.      0.      0.      0.
  0.      0.      0.      0.      0.      0.3571  1.      0.4694  1.
 -0.4096 -1.6785  2.0741 -2.0325 -1.5137  0.1345  4.0026 -1.4019  1.7993
 -2.0126 -1.5851  0.0735  2.0006 -1.1878  3.651   0.0203 -1.5043  3.5875
  0.01    0.2931 -0.004  -0.0474  0.067  -0.0954  0.0147 -0.0163  0.0049
 -0.0596 -0.0893  0.0079  0.0113  0.0026 -0.0002  0.016   0.3009  0.0671
  0.0889  0.0524 -0.0509 -0.0066  0.014  -0.0195 -0.1499 -0.0475 -0.0141
  0.0341  0.0372  0.0124 -0.4372  0.2983  0.011   0.      0.      0.
 -0.4899  0.0139 -0.0082 -0.4899  0.0139 -0.0082]
[ 0.      0.      0.      0.      0.      0.      0.      0.      0.
  0.      0.      0.      0.      0.      0.3571  1.      0.4796  1.
 -0.4092 -1.6802  2.0711 -2.0222 -1.5091  0.1348  4.0055 -1.3971  1.8012
 -2.0602 -1.5711  0.0791  0.5285 -0.5009  3.5478 -0.8468  0.8385  3.9612
  0.0051  0.2928 -0.0044 -0.0475  0.0672 -0.0971  0.0132 -0.0173  0.0048
 -0.0637 -0.0919  0.0129  0.0209 -0.0016  0.0004 -0.0655  0.1553  0.041
 -0.0542  0.0071 -0.0645 -0.0006  0.0016  0.0027 -0.0337 -0.0084  0.0043
 -0.0104 -0.0148 -0.017   0.2325 -0.0916 -0.0067  0.      0.      0.
 -0.4899  0.0139 -0.0082 -0.4899  0.0139 -0.0082]
[-0.0141 -0.013   0.2227  0.      0.      0.      0.     -0.0032 -0.045
  0.632   0.      0.      0.      0.      0.3571  1.      0.449   1.
 -0.41   -1.6795  2.0727 -2.0285 -1.5152  0.1349  4.0041 -1.4003  1.8016
 -2.0437 -1.5717  0.0773  0.4001 -0.067   3.4718 -0.1448 -1.0337  3.8714
  0.007   0.2932 -0.0046 -0.0473  0.067  -0.0961  0.0144 -0.0159  0.0051
 -0.0619 -0.0914  0.011   0.0178 -0.0013  0.0003 -0.0988  0.1428  0.0456
  0.0562  0.0396 -0.0544 -0.0029 -0.0001  0.0069  0.0081  0.0181  0.0027
  0.0142  0.0148  0.0186 -0.1749  0.0886 -0.007   0.      0.      0.
 -0.4899  0.0139 -0.0082 -0.4899  0.0139 -0.0082]
[-0.0637 -0.0583  0.9963 -0.0036 -0.0485 -0.0031  0.     -0.0012 -0.0735
  0.9973  0.      0.      0.      0.      0.3469  1.      0.4796  1.
 -0.4086 -1.6829  2.067  -2.0198 -1.5146  0.1354  4.0057 -1.4073  1.7885
 -2.0257 -1.5759  0.0775  1.8516 -1.5951  3.1216  0.8691 -1.094   4.8634
  0.0067  0.2923 -0.0095 -0.0475  0.0675 -0.0993  0.0144 -0.0161  0.0049
 -0.0619 -0.0994  0.011   0.0184 -0.0003  0.      0.0455  0.3113  0.0293
  0.1218  0.1676 -0.0496 -0.0017 -0.0011  0.0046 -0.0223  0.0075 -0.006
 -0.008  -0.0211 -0.0024  0.1417 -0.0583  0.0027  0.      0.      0.
 -0.4899  0.0139 -0.0082 -0.4899  0.0139 -0.0082]
[-0.0627 -0.0566  0.9964  0.      0.      0.      0.     -0.0016 -0.0714
  0.9974  0.      0.      0.      0.      0.3469  1.      0.4796  1.
 -0.4088 -1.6874  2.0558 -2.0024 -1.5153  0.1355  4.0052 -1.4103  1.7817
 -2.014  -1.5754  0.0772  1.2317 -0.487   3.9007  0.6963 -1.2931  4.9441
  0.0066  0.2927 -0.0077 -0.0471  0.0674 -0.1046  0.014  -0.0158  0.005
 -0.062  -0.1028  0.0105  0.0179 -0.0004  0.0001 -0.0129  0.2576  0.0361
  0.1481  0.155  -0.0371  0.0135  0.0019 -0.0885  0.0032  0.0653  0.0154
  0.0049  0.0006 -0.0488  0.0476  0.0055  0.008   0.      0.      0.
 -0.4899  0.0139 -0.0082 -0.4899  0.0139 -0.0082]
[-0.0653 -0.0571  0.9962  0.      0.      0.      0.     -0.0065 -0.0673
  0.9977  0.      0.      0.      0.      0.3571  1.      0.4184  1.
 -0.4088 -1.6902  2.0507 -1.9952 -1.5128  0.1355  4.0064 -1.4071  1.7862
 -2.0178 -1.5702  0.0775  1.4631 -0.8141  2.8003  0.2313 -0.9193  4.781
  0.006   0.2915 -0.0015 -0.0469  0.0676 -0.1076  0.0141 -0.0165  0.005
 -0.0618 -0.0993  0.0098  0.0168 -0.0016 -0.0002 -0.0124  0.2635  0.0362
  0.1238  0.1262 -0.0403 -0.0009  0.0034 -0.0349  0.0228 -0.0357 -0.0027
 -0.0082 -0.0045  0.0782 -0.0455 -0.0456 -0.0096  0.      0.      0.
 -0.4899  0.0139 -0.0082 -0.4899  0.0139 -0.0082]
[-0.0035 -0.114  -0.0864  0.      0.      0.      0.      0.0069  0.0717
  0.0053  0.      0.      0.      0.      0.3469  1.      0.449   1.
 -0.4086 -1.7051  2.0142 -1.9465 -1.5139  0.1355  4.007  -1.4171  1.7692
 -1.9973 -1.5786  0.0776  1.4112 -0.6856  4.3862  0.3907 -0.7141  5.1305
  0.0057  0.2922  0.0058 -0.0457  0.0685 -0.1258  0.0148 -0.0163  0.005
 -0.0619 -0.1107  0.0105  0.0186  0.0003 -0.0003 -0.0242  0.2778  0.0248
  0.1042  0.1158 -0.0565  0.004   0.0061 -0.0097 -0.0555  0.0556 -0.0026
  0.0021 -0.0005 -0.0096 -0.0338 -0.0109  0.004   0.      0.      0.
 -0.4899  0.0139 -0.0082 -0.4899  0.0139 -0.0082]
[-0.2702 -0.7313 -0.0595  0.4467 -0.034   0.0251  0.      0.2718  0.0699
  0.0064  0.      0.      0.      0.      0.3469  1.      0.4388  1.
 -0.4059 -1.6982  2.0338 -1.9715 -1.5181  0.1385  4.0069 -1.4135  1.774
 -2.0105 -1.5746  0.0777  1.3799 -0.4302  4.295   0.8669 -1.2007  4.851
  0.0054  0.2915 -0.001  -0.0476  0.0687 -0.1161  0.0145 -0.0153  0.0051
 -0.0627 -0.108   0.0111  0.0197 -0.0007 -0.0002 -0.0183  0.2907  0.007
  0.1281  0.145  -0.0581 -0.0068  0.0084  0.0595 -0.057   0.0746  0.0005
 -0.0081 -0.0127  0.078   0.0325 -0.032  -0.0131  0.      0.      0.
 -0.4899  0.0139 -0.0082 -0.4899  0.0139 -0.0082]
[-0.2784 -0.7577 -0.0628  0.2066  0.1341  0.0191  0.      0.1824 -0.0172
 -0.0014  0.      0.      0.      0.      0.3469  1.      0.4694  1.
 -0.391  -1.6948  2.0273 -1.9737 -1.5283  0.1513  4.0055 -1.4097  1.7713
 -2.0155 -1.5777  0.0753  0.6846 -0.8819  4.4419  1.0239 -1.6458  4.5509
  0.0027  0.2897  0.0004 -0.0529  0.0696 -0.1166  0.0159 -0.0128  0.0047
 -0.0648 -0.1078  0.0118  0.0208 -0.     -0.0004 -0.0803  0.1574 -0.031
  0.1602  0.1807 -0.0638 -0.016   0.0014 -0.0086  0.0014 -0.0284 -0.0181
  0.0103 -0.0405  0.0291  0.1688 -0.0175 -0.0243  0.      0.      0.
 -0.4899  0.0139 -0.0082 -0.4899  0.0139 -0.0082]
[-0.3695 -0.8305 -0.0809  0.0959  0.2708  0.0251  0.      0.6341  0.0622
 -0.0357  0.      0.      0.      0.      0.3571  1.      0.4694  1.
 -0.3849 -1.6908  2.035  -1.9955 -1.5315  0.1587  4.0032 -1.4119  1.7719
 -2.0121 -1.5818  0.0734  1.8293 -1.2684  4.0877  1.7999 -2.6087  4.4112
  0.0026  0.2875 -0.0023 -0.0564  0.0707 -0.1137  0.0186 -0.0128  0.0049
 -0.0642 -0.1081  0.0116  0.02    0.0008 -0.0003  0.0063  0.3196 -0.0358
  0.241   0.2514 -0.074  -0.0132 -0.0029  0.022   0.122   0.0296  0.014
  0.0006 -0.0147 -0.001   0.0989  0.0127  0.0018  0.      0.      0.
 -0.4899  0.0139 -0.0082 -0.4899  0.0139 -0.0082]
[-0.4776 -0.8079 -0.0956  0.0505  0.2099  0.021   0.      0.8644  0.3077
 -0.0471  0.      0.      0.      0.      0.3469  1.      0.4694  1.
 -0.3661 -1.6845  2.0327 -2.0131 -1.5342  0.1763  3.9998 -1.4028  1.767
 -2.0259 -1.581   0.0705  3.2534 -2.4035  3.4736  2.6218 -4.408   4.5599
 -0.0032  0.2851 -0.0011 -0.064   0.0725 -0.1135  0.0218 -0.013   0.0046
 -0.0689 -0.1076  0.0133  0.0228  0.0008 -0.0002  0.1395  0.5313 -0.039
  0.3881  0.3688 -0.0498 -0.0297  0.0024 -0.0081  0.0591 -0.0126 -0.0105
 -0.0089 -0.0078  0.0049  0.108   0.0119  0.0177  0.      0.      0.
 -0.4899  0.0139 -0.0082 -0.4899  0.0139 -0.0082]
[-0.4905 -0.8031 -0.1068  0.0094  0.2356  0.0239  0.      0.841   0.3215
 -0.0543  0.      0.      0.      0.      0.3469  1.      0.5102  1.
 -0.3459 -1.6717  2.0279 -2.0333 -1.5343  0.1968  3.9847 -1.3945  1.7492
 -1.9949 -1.5764  0.0513  3.5396 -2.8617  3.3224  3.1477 -5.0915  4.581
 -0.0072  0.2869 -0.0027 -0.0726  0.0724 -0.1126  0.0245 -0.014   0.0046
 -0.0747 -0.1072  0.01    0.0173  0.0003 -0.0013  0.1826  0.5928 -0.0622
  0.4516  0.4167 -0.0259 -0.0588 -0.0169  0.0167  0.1013 -0.0716  0.0005
  0.0391 -0.0394 -0.0046 -0.1171 -0.0015 -0.0114  0.      0.      0.
 -0.4899  0.0139 -0.0082 -0.4899  0.0139 -0.0082]
[-0.4755 -0.8066 -0.1217  0.0052  0.2388  0.0271  0.      0.8314  0.3231
 -0.056   0.      0.      0.      0.      0.3469  1.      0.4796  1.
 -0.336  -1.6674  2.0271 -2.0515 -1.5272  0.2079  3.9861 -1.3859  1.7438
 -2.0035 -1.577   0.0531  1.9787 -0.8876  3.4464  1.7783 -2.3961  4.5604
 -0.0131  0.2844 -0.001  -0.0766  0.0734 -0.1133  0.0277 -0.0167  0.0047
 -0.0781 -0.1061  0.0109  0.0187  0.0003 -0.0011  0.0355  0.3882 -0.0643
  0.2375  0.2749 -0.0431 -0.0731 -0.0259  0.0187  0.1518 -0.1022 -0.0062
  0.021  -0.0339  0.0084 -0.0518 -0.0226  0.0021  0.      0.      0.
 -0.4899  0.0139 -0.0082 -0.4899  0.0139 -0.0082]
[-0.4319 -0.8162 -0.132   0.0118  0.255   0.0321  0.      0.822   0.3517
 -0.0528  0.      0.      0.      0.      0.3571  1.      0.4388  1.
 -0.3153 -1.6472  2.0269 -2.0841 -1.524   0.2267  3.9772 -1.3717  1.728
 -1.9987 -1.5777  0.045   1.1644 -0.0797  3.7886  1.4303 -2.1407  4.3859
 -0.0218  0.2851 -0.0052 -0.0858  0.072  -0.1091  0.0303 -0.0187  0.0041
 -0.0852 -0.1052  0.0106  0.0179  0.0007 -0.0009 -0.0414  0.3131 -0.1116
  0.1794  0.2203 -0.0154 -0.0037  0.0206 -0.0057 -0.1172  0.0874 -0.009
  0.0005  0.0065 -0.0064 -0.0909 -0.03   -0.0393  0.      0.      0.
 -0.4899  0.0139 -0.0082 -0.4899  0.0139 -0.0082]
[-0.3906 -0.8244 -0.1262 -0.0011  0.2787  0.0333  0.      0.8092  0.3486
 -0.0521  0.      0.      0.      0.      0.3571  1.      0.4694  1.
 -0.3132 -1.6535  2.0224 -2.0695 -1.5273  0.2295  3.9753 -1.3649  1.7199
 -1.9971 -1.5764  0.0426  0.9448  1.4537  3.3607  0.4914  0.4798  4.1403
 -0.0221  0.2871 -0.0017 -0.0861  0.0738 -0.1121  0.0296 -0.0178  0.0043
 -0.0886 -0.105   0.0105  0.0178  0.0004 -0.001  -0.1515  0.2388 -0.1428
 -0.0291  0.1355  0.0015 -0.0318  0.0067  0.0033 -0.0124 -0.0143 -0.0109
  0.0062 -0.0265 -0.0024  0.0451  0.031   0.0108  0.      0.      0.
 -0.4899  0.0139 -0.0082 -0.4899  0.0139 -0.0082]
[-0.3025 -0.8074 -0.1249 -0.0016  0.3152  0.0395  0.      0.7471  0.3056
 -0.0755  0.      0.      0.      0.      0.3469  1.      0.4796  1.
 -0.3005 -1.6481  2.0195 -2.0802 -1.5242  0.2411  3.9719 -1.3573  1.7112
 -1.9933 -1.5751  0.0393  0.2706  1.5793  3.6004 -0.2921  2.1756  4.3764
 -0.0261  0.2852 -0.001  -0.0915  0.075  -0.1128  0.0311 -0.0194  0.0039
 -0.0921 -0.1043  0.0101  0.0171  0.0002 -0.001  -0.2295  0.1659 -0.2038
 -0.2004  0.0236 -0.0144 -0.0668 -0.0134  0.0187  0.0956 -0.0888 -0.0153
  0.0131 -0.0259 -0.0084  0.0381  0.0069  0.024   0.      0.      0.
 -0.4899  0.0139 -0.0082 -0.4899  0.0139 -0.0082]
[ 0.0087 -0.5117 -0.0658 -0.0066  0.385   0.0495  0.      0.2806  0.0032
 -0.0791  0.1429 -0.0011 -0.0001  0.      0.3469  1.      0.4694  1.
 -0.2915 -1.6452  2.0193 -2.0881 -1.5231  0.2495  3.9682 -1.3455  1.6995
 -1.9924 -1.5744  0.0341 -0.7927  2.6425  3.742  -1.3874  4.1366  4.3471
 -0.029   0.2851 -0.0007 -0.0951  0.0764 -0.1127  0.0321 -0.0202  0.0038
 -0.0961 -0.1037  0.01    0.0169  0.0001 -0.0011 -0.3469  0.0525 -0.2645
 -0.394  -0.1075 -0.0102 -0.0144 -0.0057  0.0043  0.0394 -0.0171  0.0042
  0.0106 -0.027  -0.0052  0.0419 -0.0013  0.0188  0.      0.      0.
 -0.4899  0.0139 -0.0082 -0.4899  0.0139 -0.0082]
[ 0.      0.      0.      0.      0.      0.      0.      0.      0.
  0.      0.      0.      0.      0.      0.3469  1.      0.5102  1.
 -0.2869 -1.6494  2.029  -2.1139 -1.5211  0.2538  3.9655 -1.3517  1.7103
 -2.0077 -1.5706  0.0353 -0.7456  2.6077  3.8286 -0.9746  3.444   4.2197
 -0.0269  0.2833  0.0001 -0.0961  0.0805 -0.112   0.0369 -0.0221  0.0035
 -0.0955 -0.1036  0.0111  0.0195 -0.0009 -0.0005 -0.3711  0.0297 -0.2622
 -0.3185 -0.0501 -0.0365  0.0069  0.007   0.0002  0.185  -0.0236  0.0043
  0.0052  0.0276 -0.0037  0.1164 -0.0314  0.0291  0.      0.      0.
 -0.4899  0.0139 -0.0082 -0.4899  0.0139 -0.0082]
