[{'observations': array([ 0.    ,  0.    ,  0.    ,  0.    ,  0.    ,  0.    ,  0.    ,
        0.    ,  0.    ,  0.    ,  0.    ,  0.    ,  0.    ,  0.    ,
        0.    ,  0.    ,  0.    ,  0.    , -0.5236, -1.44  ,  2.0944,
       -2.2253, -1.5708, -0.    ,  2.6179, -1.44  ,  2.0944, -2.2247,
       -1.5709, -0.0001,  0.0136,  0.0009, -0.0871, -0.0469, -0.0417,
       -0.0002, -0.025 ,  0.3175, -0.0205,  0.    ,  0.    , -0.    ,
        0.    , -0.    , -0.    , -0.    , -0.    ,  0.    ,  0.    ,
        0.    , -0.    ,  0.0011,  0.003 ,  0.0003,  0.0018,  0.0075,
        0.0046, -0.    ,  0.    , -0.    ,  0.0001,  0.    , -0.0001,
       -0.    ,  0.0002,  0.0006, -0.0022, -0.0007, -0.    , -0.5   ,
       -0.5   , -0.5   ,  0.5   ,  0.5   ,  0.5   ,  0.    ,  0.    ,
        0.    ], dtype=float32), 'actions': array([ 0.6931, -0.197 ,  0.1553,  0.    ,  0.    ,  0.    ,  0.    ,
       -0.7768,  0.1124,  0.0026,  0.    ,  0.    ,  0.    ,  0.    ]), 'next_observations': array([ 0.1771,  0.6989, -0.1529,  0.    ,  0.    ,  0.    ,  0.    ,
        0.2905,  0.7291,  0.    ,  0.    ,  0.    ,  0.    ,  0.    ,
        0.    ,  0.    ,  0.    ,  0.    , -0.5236, -1.4399,  2.0944,
       -2.2252, -1.5708,  0.    ,  2.6179, -1.44  ,  2.0943, -2.2251,
       -1.5709,  0.    ,  0.2311, -0.1709, -0.1679, -0.0787, -0.1136,
       -0.0826, -0.025 ,  0.3175, -0.0206, -0.    ,  0.    ,  0.0001,
       -0.    , -0.    , -0.    ,  0.    , -0.0001, -0.0001,  0.0001,
        0.    ,  0.    , -0.0025,  0.0024,  0.0023,  0.0024,  0.0125,
       -0.0015, -0.    ,  0.    ,  0.    , -0.0003, -0.    ,  0.    ,
        0.    ,  0.    , -0.0001,  0.0005,  0.0001, -0.    , -0.8424,
       -0.883 , -0.1927,  0.5   ,  0.5   ,  0.5   , -0.3424, -0.383 ,
        0.3073], dtype=float32), 'rewards': -3.464064463523765, 'masks': 1.0, 'dones': False}, {'observations': array([ 0.1771,  0.6989, -0.1529,  0.    ,  0.    ,  0.    ,  0.    ,
        0.2905,  0.7291,  0.    ,  0.    ,  0.    ,  0.    ,  0.    ,
        0.    ,  0.    ,  0.    ,  0.    , -0.5236, -1.4399,  2.0944,
       -2.2252, -1.5708,  0.    ,  2.6179, -1.44  ,  2.0943, -2.2251,
       -1.5709,  0.    ,  0.2311, -0.1709, -0.1679, -0.0787, -0.1136,
       -0.0826, -0.025 ,  0.3175, -0.0206, -0.    ,  0.    ,  0.0001,
       -0.    , -0.    , -0.    ,  0.    , -0.0001, -0.0001,  0.0001,
        0.    ,  0.    , -0.0025,  0.0024,  0.0023,  0.0024,  0.0125,
       -0.0015, -0.    ,  0.    ,  0.    , -0.0003, -0.    ,  0.    ,
        0.    ,  0.    , -0.0001,  0.0005,  0.0001, -0.    , -0.8424,
       -0.883 , -0.1927,  0.5   ,  0.5   ,  0.5   , -0.3424, -0.383 ,
        0.3073], dtype=float32), 'actions': array([ 0.564 , -0.1602,  0.0742,  0.    ,  0.    ,  0.    ,  0.    ,
       -0.8118,  0.0874,  0.0028,  0.    ,  0.    ,  0.    ,  0.    ]), 'next_observations': array([ 0.144 ,  0.5686, -0.0723,  0.    ,  0.    ,  0.    ,  0.    ,
        0.3297,  0.747 ,  0.    ,  0.    ,  0.    ,  0.    ,  0.    ,
        0.    ,  0.    ,  0.    ,  0.    , -0.5236, -1.4399,  2.0944,
       -2.2252, -1.5709,  0.    ,  2.6321, -1.4386,  2.0924, -2.2249,
       -1.571 ,  0.0135,  0.2358, -0.1788, -0.148 , -0.8186,  0.0501,
       -0.0735, -0.0257,  0.3156, -0.0208, -0.    ,  0.    ,  0.0001,
       -0.    ,  0.    , -0.    , -0.0019,  0.0003, -0.0002,  0.0002,
        0.    ,  0.    , -0.0031,  0.0022,  0.0031,  0.0063, -0.0052,
       -0.026 ,  0.    ,  0.    ,  0.    , -0.0001, -0.    ,  0.    ,
       -0.0784,  0.0137, -0.0025,  0.0067,  0.0028,  0.0074, -0.8424,
       -0.883 , -0.1927,  0.5   ,  0.5   ,  0.5   , -0.3424, -0.383 ,
        0.3073], dtype=float32), 'rewards': -3.354199957208275, 'masks': 1.0, 'dones': False}, {'observations': array([ 0.144 ,  0.5686, -0.0723,  0.    ,  0.    ,  0.    ,  0.    ,
        0.3297,  0.747 ,  0.    ,  0.    ,  0.    ,  0.    ,  0.    ,
        0.    ,  0.    ,  0.    ,  0.    , -0.5236, -1.4399,  2.0944,
       -2.2252, -1.5709,  0.    ,  2.6321, -1.4386,  2.0924, -2.2249,
       -1.571 ,  0.0135,  0.2358, -0.1788, -0.148 , -0.8186,  0.0501,
       -0.0735, -0.0257,  0.3156, -0.0208, -0.    ,  0.    ,  0.0001,
       -0.    ,  0.    , -0.    , -0.0019,  0.0003, -0.0002,  0.0002,
        0.    ,  0.    , -0.0031,  0.0022,  0.0031,  0.0063, -0.0052,
       -0.026 ,  0.    ,  0.    ,  0.    , -0.0001, -0.    ,  0.    ,
       -0.0784,  0.0137, -0.0025,  0.0067,  0.0028,  0.0074, -0.8424,
       -0.883 , -0.1927,  0.5   ,  0.5   ,  0.5   , -0.3424, -0.383 ,
        0.3073], dtype=float32), 'actions': array([ 0.1568, -0.0445,  0.0005,  0.    ,  0.    ,  0.    ,  0.    ,
       -0.3931,  0.1108,  0.0013,  0.    ,  0.    ,  0.    ,  0.    ]), 'next_observations': array([ 0.04  ,  0.158 ,  0.    ,  0.    ,  0.    ,  0.    ,  0.    ,
        0.1003,  0.3959,  0.    ,  0.    ,  0.    ,  0.    ,  0.    ,
        0.    ,  0.    ,  0.    ,  0.    , -0.5382, -1.4382,  2.0956,
       -2.2283, -1.5709, -0.0144,  2.6403, -1.437 ,  2.0906, -2.2247,
       -1.5711,  0.0216,  0.8901, -0.3452,  0.1797, -1.0346,  0.2571,
        0.0352, -0.027 ,  0.3147, -0.0217,  0.0068, -0.0019,  0.0011,
       -0.    ,  0.    ,  0.    , -0.0103,  0.0015, -0.0001,  0.0002,
        0.0001, -0.0002,  0.009 ,  0.014 ,  0.0883,  0.0072, -0.004 ,
       -0.0563,  0.0328, -0.0093,  0.0023, -0.0039,  0.0015,  0.0011,
       -0.0363,  0.0077, -0.0037,  0.0092,  0.0008,  0.0009, -0.8424,
       -0.883 , -0.1927,  0.5   ,  0.5   ,  0.5   , -0.3424, -0.383 ,
        0.3073], dtype=float32), 'rewards': -3.3125879352168104, 'masks': 1.0, 'dones': False}, {'observations': array([ 0.04  ,  0.158 ,  0.    ,  0.    ,  0.    ,  0.    ,  0.    ,
        0.1003,  0.3959,  0.    ,  0.    ,  0.    ,  0.    ,  0.    ,
        0.    ,  0.    ,  0.    ,  0.    , -0.5382, -1.4382,  2.0956,
       -2.2283, -1.5709, -0.0144,  2.6403, -1.437 ,  2.0906, -2.2247,
       -1.5711,  0.0216,  0.8901, -0.3452,  0.1797, -1.0346,  0.2571,
        0.0352, -0.027 ,  0.3147, -0.0217,  0.0068, -0.0019,  0.0011,
       -0.    ,  0.    ,  0.    , -0.0103,  0.0015, -0.0001,  0.0002,
        0.0001, -0.0002,  0.009 ,  0.014 ,  0.0883,  0.0072, -0.004 ,
       -0.0563,  0.0328, -0.0093,  0.0023, -0.0039,  0.0015,  0.0011,
       -0.0363,  0.0077, -0.0037,  0.0092,  0.0008,  0.0009, -0.8424,
       -0.883 , -0.1927,  0.5   ,  0.5   ,  0.5   , -0.3424, -0.383 ,
        0.3073], dtype=float32), 'actions': array([ 0.    ,  0.    ,  0.    ,  0.    ,  0.    ,  0.    ,  0.    ,
       -0.8802, -0.0597,  0.0031,  0.    ,  0.    ,  0.    ,  0.    ]), 'next_observations': array([ 0.    ,  0.    ,  0.    ,  0.    ,  0.    ,  0.    ,  0.    ,
        0.4912,  0.7329,  0.    ,  0.    ,  0.    ,  0.    ,  0.    ,
        0.    ,  0.    ,  0.    ,  0.    , -0.5377, -1.4382,  2.0955,
       -2.2282, -1.5708, -0.0133,  2.6414, -1.4371,  2.0907, -2.2248,
       -1.5711,  0.0246,  0.8692, -0.2489,  0.1781, -0.7574,  0.0306,
        0.0331, -0.0273,  0.3138, -0.0217,  0.0066, -0.0019,  0.001 ,
        0.    ,  0.    ,  0.0002, -0.0109,  0.0017, -0.0001,  0.0002,
        0.    ,  0.0003,  0.0072,  0.0192,  0.0674,  0.0114, -0.0028,
       -0.0592, -0.02  ,  0.0078,  0.001 , -0.0259, -0.0004, -0.0057,
        0.0003,  0.0037, -0.0048,  0.0114, -0.0002,  0.034 , -0.8424,
       -0.883 , -0.1927,  0.5   ,  0.5   ,  0.5   , -0.3424, -0.383 ,
        0.3073], dtype=float32), 'rewards': -3.3734598301806735, 'masks': 1.0, 'dones': False}, {'observations': array([ 0.    ,  0.    ,  0.    ,  0.    ,  0.    ,  0.    ,  0.    ,
        0.4912,  0.7329,  0.    ,  0.    ,  0.    ,  0.    ,  0.    ,
        0.    ,  0.    ,  0.    ,  0.    , -0.5377, -1.4382,  2.0955,
       -2.2282, -1.5708, -0.0133,  2.6414, -1.4371,  2.0907, -2.2248,
       -1.5711,  0.0246,  0.8692, -0.2489,  0.1781, -0.7574,  0.0306,
        0.0331, -0.0273,  0.3138, -0.0217,  0.0066, -0.0019,  0.001 ,
        0.    ,  0.    ,  0.0002, -0.0109,  0.0017, -0.0001,  0.0002,
        0.    ,  0.0003,  0.0072,  0.0192,  0.0674,  0.0114, -0.0028,
       -0.0592, -0.02  ,  0.0078,  0.001 , -0.0259, -0.0004, -0.0057,
        0.0003,  0.0037, -0.0048,  0.0114, -0.0002,  0.034 , -0.8424,
       -0.883 , -0.1927,  0.5   ,  0.5   ,  0.5   , -0.3424, -0.383 ,
        0.3073], dtype=float32), 'actions': array([ 0.    ,  0.    ,  0.    ,  0.    ,  0.    ,  0.    ,  0.    ,
       -0.872 , -0.0545,  0.0031,  0.    ,  0.    ,  0.    ,  0.    ]), 'next_observations': array([ 0.    ,  0.    ,  0.    ,  0.    ,  0.    ,  0.    ,  0.    ,
        0.4826,  0.7284,  0.    ,  0.    ,  0.    ,  0.    ,  0.    ,
        0.    ,  0.    ,  0.    ,  0.    , -0.5381, -1.4385,  2.0954,
       -2.2288, -1.5709, -0.0133,  2.6557, -1.4312,  2.0839, -2.2234,
       -1.5713,  0.0388,  0.7089, -0.1529,  0.1502, -0.5453,  0.1272,
        0.0886, -0.0311,  0.3085, -0.0213,  0.0068, -0.002 ,  0.0008,
        0.0003,  0.    ,  0.0003, -0.0176,  0.0012,  0.    ,  0.    ,
        0.0001,  0.0003,  0.0062,  0.0134,  0.0831,  0.0106,  0.0055,
       -0.0881,  0.0023, -0.0004,  0.0006, -0.0006, -0.0007,  0.0049,
       -0.0144, -0.001 , -0.002 ,  0.0103, -0.    , -0.0334, -0.8424,
       -0.883 , -0.1927,  0.5   ,  0.5   ,  0.5   , -0.3424, -0.383 ,
        0.3073], dtype=float32), 'rewards': -3.3921150505353506, 'masks': 1.0, 'dones': False}, {'observations': array([ 0.    ,  0.    ,  0.    ,  0.    ,  0.    ,  0.    ,  0.    ,
        0.4826,  0.7284,  0.    ,  0.    ,  0.    ,  0.    ,  0.    ,
        0.    ,  0.    ,  0.    ,  0.    , -0.5381, -1.4385,  2.0954,
       -2.2288, -1.5709, -0.0133,  2.6557, -1.4312,  2.0839, -2.2234,
       -1.5713,  0.0388,  0.7089, -0.1529,  0.1502, -0.5453,  0.1272,
        0.0886, -0.0311,  0.3085, -0.0213,  0.0068, -0.002 ,  0.0008,
        0.0003,  0.    ,  0.0003, -0.0176,  0.0012,  0.    ,  0.    ,
        0.0001,  0.0003,  0.0062,  0.0134,  0.0831,  0.0106,  0.0055,
       -0.0881,  0.0023, -0.0004,  0.0006, -0.0006, -0.0007,  0.0049,
       -0.0144, -0.001 , -0.002 ,  0.0103, -0.    , -0.0334, -0.8424,
       -0.883 , -0.1927,  0.5   ,  0.5   ,  0.5   , -0.3424, -0.383 ,
        0.3073], dtype=float32), 'actions': array([ 0.    ,  0.    ,  0.    ,  0.    ,  0.    ,  0.    ,  0.    ,
       -0.8943, -0.0733,  0.0032,  0.    ,  0.    ,  0.    ,  0.    ]), 'next_observations': array([ 0.    ,  0.    ,  0.    ,  0.    ,  0.    ,  0.    ,  0.    ,
        0.51  ,  0.7383,  0.    ,  0.    ,  0.    ,  0.    ,  0.    ,
        0.    ,  0.    ,  0.    ,  0.    , -0.5381, -1.4383,  2.0955,
       -2.2285, -1.5709, -0.0129,  2.6641, -1.4281,  2.0802, -2.2231,
       -1.5713,  0.0466,  0.3023,  0.1056,  0.1894, -0.7814,  0.2284,
        0.1019, -0.0332,  0.3052, -0.0215,  0.0068, -0.0019,  0.0009,
        0.0001,  0.    ,  0.0004, -0.0216,  0.001 , -0.    ,  0.0001,
        0.0001,  0.0002,  0.0026,  0.0104,  0.0727,  0.0131,  0.0197,
       -0.1137, -0.0001,  0.0003,  0.0013, -0.0035,  0.0003,  0.0003,
       -0.0207, -0.0011,  0.0008,  0.0008,  0.0006, -0.0092, -0.8424,
       -0.883 , -0.1927,  0.5   ,  0.5   ,  0.5   , -0.3424, -0.383 ,
        0.3073], dtype=float32), 'rewards': -3.4286148547468898, 'masks': 1.0, 'dones': False}, {'observations': array([ 0.    ,  0.    ,  0.    ,  0.    ,  0.    ,  0.    ,  0.    ,
        0.51  ,  0.7383,  0.    ,  0.    ,  0.    ,  0.    ,  0.    ,
        0.    ,  0.    ,  0.    ,  0.    , -0.5381, -1.4383,  2.0955,
       -2.2285, -1.5709, -0.0129,  2.6641, -1.4281,  2.0802, -2.2231,
       -1.5713,  0.0466,  0.3023,  0.1056,  0.1894, -0.7814,  0.2284,
        0.1019, -0.0332,  0.3052, -0.0215,  0.0068, -0.0019,  0.0009,
        0.0001,  0.    ,  0.0004, -0.0216,  0.001 , -0.    ,  0.0001,
        0.0001,  0.0002,  0.0026,  0.0104,  0.0727,  0.0131,  0.0197,
       -0.1137, -0.0001,  0.0003,  0.0013, -0.0035,  0.0003,  0.0003,
       -0.0207, -0.0011,  0.0008,  0.0008,  0.0006, -0.0092, -0.8424,
       -0.883 , -0.1927,  0.5   ,  0.5   ,  0.5   , -0.3424, -0.383 ,
        0.3073], dtype=float32), 'actions': array([ 0.    ,  0.    ,  0.    ,  0.    ,  0.    ,  0.    ,  0.    ,
       -0.8737, -0.0614,  0.0031,  0.    ,  0.    ,  0.    ,  0.    ]), 'next_observations': array([ 0.    ,  0.    ,  0.    ,  0.    ,  0.    ,  0.    ,  0.    ,
        0.4894,  0.7264,  0.    ,  0.    ,  0.    ,  0.    ,  0.    ,
        0.    ,  0.    ,  0.    ,  0.    , -0.5379, -1.4383,  2.0955,
       -2.2284, -1.5709, -0.0129,  2.673 , -1.4245,  2.0758, -2.2222,
       -1.5714,  0.0544,  0.2102,  0.0999,  0.2216, -0.9145,  0.3303,
        0.1998, -0.0356,  0.3016, -0.0216,  0.0067, -0.0019,  0.001 ,
        0.0001,  0.    ,  0.0004, -0.0258,  0.0007, -0.    ,  0.0001,
        0.0001, -0.0001, -0.001 ,  0.0098,  0.0615,  0.01  ,  0.0137,
       -0.1168, -0.0001, -0.    , -0.0002,  0.0004,  0.0001, -0.0002,
       -0.0138, -0.0027, -0.0021,  0.0044, -0.0001, -0.0158, -0.8424,
       -0.883 , -0.1927,  0.5   ,  0.5   ,  0.5   , -0.3424, -0.383 ,
        0.3073], dtype=float32), 'rewards': -3.4600183529739423, 'masks': 1.0, 'dones': False}, {'observations': array([ 0.    ,  0.    ,  0.    ,  0.    ,  0.    ,  0.    ,  0.    ,
        0.4894,  0.7264,  0.    ,  0.    ,  0.    ,  0.    ,  0.    ,
        0.    ,  0.    ,  0.    ,  0.    , -0.5379, -1.4383,  2.0955,
       -2.2284, -1.5709, -0.0129,  2.673 , -1.4245,  2.0758, -2.2222,
       -1.5714,  0.0544,  0.2102,  0.0999,  0.2216, -0.9145,  0.3303,
        0.1998, -0.0356,  0.3016, -0.0216,  0.0067, -0.0019,  0.001 ,
        0.0001,  0.    ,  0.0004, -0.0258,  0.0007, -0.    ,  0.0001,
        0.0001, -0.0001, -0.001 ,  0.0098,  0.0615,  0.01  ,  0.0137,
       -0.1168, -0.0001, -0.    , -0.0002,  0.0004,  0.0001, -0.0002,
       -0.0138, -0.0027, -0.0021,  0.0044, -0.0001, -0.0158, -0.8424,
       -0.883 , -0.1927,  0.5   ,  0.5   ,  0.5   , -0.3424, -0.383 ,
        0.3073], dtype=float32), 'actions': array([ 0.    ,  0.    ,  0.    ,  0.    ,  0.    ,  0.    ,  0.    ,
       -0.8694, -0.0449,  0.0031,  0.    ,  0.    ,  0.    ,  0.    ]), 'next_observations': array([ 0.    ,  0.    ,  0.    ,  0.    ,  0.    ,  0.    ,  0.    ,
        0.4731,  0.7309,  0.    ,  0.    ,  0.    ,  0.    ,  0.    ,
        0.    ,  0.    ,  0.    ,  0.    , -0.5381, -1.4386,  2.0953,
       -2.2289, -1.5709, -0.0128,  2.6876, -1.4179,  2.0693, -2.2216,
       -1.5715,  0.0731,  0.1557,  0.088 ,  0.2207, -0.9387,  0.4071,
        0.3056, -0.0394,  0.2958, -0.0208,  0.0068, -0.002 ,  0.0007,
        0.0003,  0.    ,  0.0004, -0.0328,  0.0003,  0.0005, -0.0001,
        0.0001,  0.0009, -0.0003,  0.0099,  0.0532,  0.0063,  0.0129,
       -0.1186,  0.0004,  0.    ,  0.0002, -0.0001,  0.0003,  0.0048,
       -0.0399, -0.0072, -0.0053,  0.0108,  0.0003, -0.0401, -0.8424,
       -0.883 , -0.1927,  0.5   ,  0.5   ,  0.5   , -0.3424, -0.383 ,
        0.3073], dtype=float32), 'rewards': -3.5164358450535635, 'masks': 1.0, 'dones': False}, {'observations': array([ 0.    ,  0.    ,  0.    ,  0.    ,  0.    ,  0.    ,  0.    ,
        0.4731,  0.7309,  0.    ,  0.    ,  0.    ,  0.    ,  0.    ,
        0.    ,  0.    ,  0.    ,  0.    , -0.5381, -1.4386,  2.0953,
       -2.2289, -1.5709, -0.0128,  2.6876, -1.4179,  2.0693, -2.2216,
       -1.5715,  0.0731,  0.1557,  0.088 ,  0.2207, -0.9387,  0.4071,
        0.3056, -0.0394,  0.2958, -0.0208,  0.0068, -0.002 ,  0.0007,
        0.0003,  0.    ,  0.0004, -0.0328,  0.0003,  0.0005, -0.0001,
        0.0001,  0.0009, -0.0003,  0.0099,  0.0532,  0.0063,  0.0129,
       -0.1186,  0.0004,  0.    ,  0.0002, -0.0001,  0.0003,  0.0048,
       -0.0399, -0.0072, -0.0053,  0.0108,  0.0003, -0.0401, -0.8424,
       -0.883 , -0.1927,  0.5   ,  0.5   ,  0.5   , -0.3424, -0.383 ,
        0.3073], dtype=float32), 'actions': array([ 0.3782, -0.1015,  0.0013,  0.    ,  0.    ,  0.    ,  0.    ,
       -0.8577, -0.0274,  0.003 ,  0.    ,  0.    ,  0.    ,  0.    ]), 'next_observations': array([ 0.1017,  0.3782,  0.    ,  0.    ,  0.    ,  0.    ,  0.    ,
        0.452 ,  0.7295,  0.    ,  0.    ,  0.    ,  0.    ,  0.    ,
        0.    ,  0.    ,  0.    ,  0.    , -0.5381, -1.4385,  2.0955,
       -2.2287, -1.5709, -0.0128,  2.697 , -1.4143,  2.0646, -2.2207,
       -1.5717,  0.0799,  0.0746,  0.1413,  0.2156, -0.6426,  0.2274,
        0.4373, -0.0418,  0.292 , -0.0211,  0.0068, -0.0019,  0.0008,
        0.0002,  0.    ,  0.0004, -0.0373,  0.0001,  0.0004, -0.    ,
        0.0002,  0.0002,  0.0001,  0.0106,  0.0309,  0.0083,  0.0215,
       -0.0963, -0.0001,  0.0003,  0.0008, -0.0025, -0.    , -0.0003,
       -0.0565, -0.0004, -0.0043,  0.0102,  0.0011,  0.0142, -0.8424,
       -0.883 , -0.1927,  0.5   ,  0.5   ,  0.5   , -0.3424, -0.383 ,
        0.3073], dtype=float32), 'rewards': -3.583972306715259, 'masks': 1.0, 'dones': False}, {'observations': array([ 0.1017,  0.3782,  0.    ,  0.    ,  0.    ,  0.    ,  0.    ,
        0.452 ,  0.7295,  0.    ,  0.    ,  0.    ,  0.    ,  0.    ,
        0.    ,  0.    ,  0.    ,  0.    , -0.5381, -1.4385,  2.0955,
       -2.2287, -1.5709, -0.0128,  2.697 , -1.4143,  2.0646, -2.2207,
       -1.5717,  0.0799,  0.0746,  0.1413,  0.2156, -0.6426,  0.2274,
        0.4373, -0.0418,  0.292 , -0.0211,  0.0068, -0.0019,  0.0008,
        0.0002,  0.    ,  0.0004, -0.0373,  0.0001,  0.0004, -0.    ,
        0.0002,  0.0002,  0.0001,  0.0106,  0.0309,  0.0083,  0.0215,
       -0.0963, -0.0001,  0.0003,  0.0008, -0.0025, -0.    , -0.0003,
       -0.0565, -0.0004, -0.0043,  0.0102,  0.0011,  0.0142, -0.8424,
       -0.883 , -0.1927,  0.5   ,  0.5   ,  0.5   , -0.3424, -0.383 ,
        0.3073], dtype=float32), 'actions': array([ 0.5048, -0.1355,  0.0017,  0.    ,  0.    ,  0.    ,  0.    ,
       -0.8569, -0.0241,  0.003 ,  0.    ,  0.    ,  0.    ,  0.    ]), 'next_observations': array([ 0.1357,  0.5048,  0.    ,  0.    ,  0.    ,  0.    ,  0.    ,
        0.4487,  0.7304,  0.    ,  0.    ,  0.    ,  0.    ,  0.    ,
        0.    ,  0.    ,  0.    ,  0.    , -0.5415, -1.4384,  2.0955,
       -2.2287, -1.5709, -0.0159,  2.7061, -1.4109,  2.0604, -2.2202,
       -1.5717,  0.0896,  0.0731,  0.2822,  0.1892, -0.6944,  0.3149,
        0.2482, -0.0436,  0.2899, -0.0212,  0.0084, -0.0024,  0.0009,
        0.0002,  0.    ,  0.0005, -0.0416,  0.    ,  0.0004,  0.    ,
        0.0002,  0.0004, -0.0012,  0.0068,  0.0724,  0.0065,  0.0167,
       -0.0993,  0.0123, -0.0033, -0.    , -0.    , -0.0002,  0.0081,
       -0.0646, -0.0009,  0.0053, -0.0043, -0.001 ,  0.0359, -0.8424,
       -0.883 , -0.1927,  0.5   ,  0.5   ,  0.5   , -0.3424, -0.383 ,
        0.3073], dtype=float32), 'rewards': -3.6028671802991656, 'masks': 1.0, 'dones': False}, {'observations': array([ 0.1357,  0.5048,  0.    ,  0.    ,  0.    ,  0.    ,  0.    ,
        0.4487,  0.7304,  0.    ,  0.    ,  0.    ,  0.    ,  0.    ,
        0.    ,  0.    ,  0.    ,  0.    , -0.5415, -1.4384,  2.0955,
       -2.2287, -1.5709, -0.0159,  2.7061, -1.4109,  2.0604, -2.2202,
       -1.5717,  0.0896,  0.0731,  0.2822,  0.1892, -0.6944,  0.3149,
        0.2482, -0.0436,  0.2899, -0.0212,  0.0084, -0.0024,  0.0009,
        0.0002,  0.    ,  0.0005, -0.0416,  0.    ,  0.0004,  0.    ,
        0.0002,  0.0004, -0.0012,  0.0068,  0.0724,  0.0065,  0.0167,
       -0.0993,  0.0123, -0.0033, -0.    , -0.    , -0.0002,  0.0081,
       -0.0646, -0.0009,  0.0053, -0.0043, -0.001 ,  0.0359, -0.8424,
       -0.883 , -0.1927,  0.5   ,  0.5   ,  0.5   , -0.3424, -0.383 ,
        0.3073], dtype=float32), 'actions': array([ 0.3136, -0.083 ,  0.0011,  0.    ,  0.    ,  0.    ,  0.    ,
       -0.8609, -0.0294,  0.003 ,  0.    ,  0.    ,  0.    ,  0.    ]), 'next_observations': array([ 0.0853,  0.313 ,  0.    ,  0.    ,  0.    ,  0.    ,  0.    ,
        0.4554,  0.7312,  0.    ,  0.    ,  0.    ,  0.    ,  0.    ,
        0.    ,  0.    ,  0.    ,  0.    , -0.5488, -1.4384,  2.0955,
       -2.2288, -1.5709, -0.0228,  2.7151, -1.4072,  2.0555, -2.2196,
       -1.5717,  0.0983, -0.0359,  0.2864,  0.1269, -0.6855,  0.1056,
       -0.0068, -0.0451,  0.2896, -0.0213,  0.0118, -0.0033,  0.0009,
        0.0002,  0.    ,  0.0006, -0.046 , -0.0003,  0.0002,  0.0002,
        0.0001,  0.0003,  0.0025,  0.0029,  0.1105,  0.008 ,  0.0166,
       -0.1168, -0.0035,  0.0008, -0.0002,  0.0008,  0.    , -0.0026,
       -0.0257,  0.0019,  0.0023, -0.0046,  0.0012, -0.0222, -0.8424,
       -0.883 , -0.1927,  0.5   ,  0.5   ,  0.5   , -0.3424, -0.383 ,
        0.3073], dtype=float32), 'rewards': -3.5882422617078444, 'masks': 1.0, 'dones': False}, {'observations': array([ 0.0853,  0.313 ,  0.    ,  0.    ,  0.    ,  0.    ,  0.    ,
        0.4554,  0.7312,  0.    ,  0.    ,  0.    ,  0.    ,  0.    ,
        0.    ,  0.    ,  0.    ,  0.    , -0.5488, -1.4384,  2.0955,
       -2.2288, -1.5709, -0.0228,  2.7151, -1.4072,  2.0555, -2.2196,
       -1.5717,  0.0983, -0.0359,  0.2864,  0.1269, -0.6855,  0.1056,
       -0.0068, -0.0451,  0.2896, -0.0213,  0.0118, -0.0033,  0.0009,
        0.0002,  0.    ,  0.0006, -0.046 , -0.0003,  0.0002,  0.0002,
        0.0001,  0.0003,  0.0025,  0.0029,  0.1105,  0.008 ,  0.0166,
       -0.1168, -0.0035,  0.0008, -0.0002,  0.0008,  0.    , -0.0026,
       -0.0257,  0.0019,  0.0023, -0.0046,  0.0012, -0.0222, -0.8424,
       -0.883 , -0.1927,  0.5   ,  0.5   ,  0.5   , -0.3424, -0.383 ,
        0.3073], dtype=float32), 'actions': array([ 0.1937, -0.0498,  0.0007,  0.    ,  0.    ,  0.    ,  0.    ,
       -0.8615, -0.0389,  0.003 ,  0.    ,  0.    ,  0.    ,  0.    ]), 'next_observations': array([ 0.054 ,  0.1926,  0.    ,  0.    ,  0.    ,  0.    ,  0.    ,
        0.4639,  0.727 ,  0.    ,  0.    ,  0.    ,  0.    ,  0.    ,
        0.    ,  0.    ,  0.    ,  0.    , -0.5509, -1.4384,  2.0954,
       -2.2288, -1.571 , -0.0245,  2.7249, -1.4031,  2.051 , -2.2186,
       -1.572 ,  0.108 ,  0.1162,  0.2359,  0.0153, -0.3465,  0.3821,
        0.225 , -0.0472,  0.2865, -0.0211,  0.0128, -0.0036,  0.0009,
        0.0002,  0.    ,  0.0007, -0.0507, -0.0002,  0.0004,  0.    ,
        0.0002,  0.0003,  0.0027,  0.0052,  0.1367, -0.0005,  0.0401,
       -0.1323,  0.0047, -0.0012,  0.    , -0.0001, -0.0001,  0.0009,
       -0.0116, -0.0029, -0.0031,  0.006 , -0.0005, -0.0041, -0.8424,
       -0.883 , -0.1927,  0.5   ,  0.5   ,  0.5   , -0.3424, -0.383 ,
        0.3073], dtype=float32), 'rewards': -3.6117503009510887, 'masks': 1.0, 'dones': False}, {'observations': array([ 0.054 ,  0.1926,  0.    ,  0.    ,  0.    ,  0.    ,  0.    ,
        0.4639,  0.727 ,  0.    ,  0.    ,  0.    ,  0.    ,  0.    ,
        0.    ,  0.    ,  0.    ,  0.    , -0.5509, -1.4384,  2.0954,
       -2.2288, -1.571 , -0.0245,  2.7249, -1.4031,  2.051 , -2.2186,
       -1.572 ,  0.108 ,  0.1162,  0.2359,  0.0153, -0.3465,  0.3821,
        0.225 , -0.0472,  0.2865, -0.0211,  0.0128, -0.0036,  0.0009,
        0.0002,  0.    ,  0.0007, -0.0507, -0.0002,  0.0004,  0.    ,
        0.0002,  0.0003,  0.0027,  0.0052,  0.1367, -0.0005,  0.0401,
       -0.1323,  0.0047, -0.0012,  0.    , -0.0001, -0.0001,  0.0009,
       -0.0116, -0.0029, -0.0031,  0.006 , -0.0005, -0.0041, -0.8424,
       -0.883 , -0.1927,  0.5   ,  0.5   ,  0.5   , -0.3424, -0.383 ,
        0.3073], dtype=float32), 'actions': array([ 0.    ,  0.    ,  0.    ,  0.    ,  0.    ,  0.    ,  0.    ,
       -0.8622, -0.0302,  0.003 ,  0.    ,  0.    ,  0.    ,  0.    ]), 'next_observations': array([ 0.    ,  0.    ,  0.    ,  0.    ,  0.    ,  0.    ,  0.    ,
        0.4567,  0.7319,  0.    ,  0.    ,  0.    ,  0.    ,  0.    ,
        0.    ,  0.    ,  0.    ,  0.    , -0.553 , -1.4384,  2.0954,
       -2.2288, -1.5709, -0.0262,  2.7354, -1.3985,  2.0453, -2.2176,
       -1.572 ,  0.119 ,  0.0723,  0.1358,  0.0011, -0.4187,  0.3599,
        0.1974, -0.0497,  0.2832, -0.0211,  0.0137, -0.0038,  0.0009,
        0.0002,  0.    ,  0.0008, -0.0558, -0.0005,  0.0004,  0.0001,
        0.0002,  0.0005,  0.0034,  0.0015,  0.1478, -0.0019,  0.0339,
       -0.135 ,  0.0017, -0.0005, -0.    ,  0.0002,  0.    , -0.0016,
       -0.0235, -0.0041, -0.0019,  0.0056, -0.0005, -0.0015, -0.8424,
       -0.883 , -0.1927,  0.5   ,  0.5   ,  0.5   , -0.3424, -0.383 ,
        0.3073], dtype=float32), 'rewards': -3.6445690938505226, 'masks': 1.0, 'dones': False}, {'observations': array([ 0.    ,  0.    ,  0.    ,  0.    ,  0.    ,  0.    ,  0.    ,
        0.4567,  0.7319,  0.    ,  0.    ,  0.    ,  0.    ,  0.    ,
        0.    ,  0.    ,  0.    ,  0.    , -0.553 , -1.4384,  2.0954,
       -2.2288, -1.5709, -0.0262,  2.7354, -1.3985,  2.0453, -2.2176,
       -1.572 ,  0.119 ,  0.0723,  0.1358,  0.0011, -0.4187,  0.3599,
        0.1974, -0.0497,  0.2832, -0.0211,  0.0137, -0.0038,  0.0009,
        0.0002,  0.    ,  0.0008, -0.0558, -0.0005,  0.0004,  0.0001,
        0.0002,  0.0005,  0.0034,  0.0015,  0.1478, -0.0019,  0.0339,
       -0.135 ,  0.0017, -0.0005, -0.    ,  0.0002,  0.    , -0.0016,
       -0.0235, -0.0041, -0.0019,  0.0056, -0.0005, -0.0015, -0.8424,
       -0.883 , -0.1927,  0.5   ,  0.5   ,  0.5   , -0.3424, -0.383 ,
        0.3073], dtype=float32), 'actions': array([ 0.    ,  0.    ,  0.    ,  0.    ,  0.    ,  0.    ,  0.    ,
       -0.854 ,  0.0007,  0.003 ,  0.    ,  0.    ,  0.    ,  0.    ]), 'next_observations': array([ 0.    ,  0.    ,  0.    ,  0.    ,  0.    ,  0.    ,  0.    ,
        0.4258,  0.7402,  0.    ,  0.    ,  0.    ,  0.    ,  0.    ,
        0.    ,  0.    ,  0.    ,  0.    , -0.557 , -1.4384,  2.0955,
       -2.2289, -1.5709, -0.0288,  2.7445, -1.395 ,  2.0415, -2.2167,
       -1.5719,  0.1265,  0.1575,  0.0636, -0.0165, -0.4296,  0.3553,
        0.0968, -0.0512,  0.2811, -0.0209,  0.0156, -0.0043,  0.0009,
        0.0002,  0.    ,  0.0011, -0.0603, -0.0002,  0.0007, -0.0001,
        0.0002,  0.0001,  0.0046,  0.0085,  0.1319, -0.0055,  0.0315,
       -0.1326, -0.0018,  0.0005,  0.0001, -0.    , -0.    ,  0.0117,
       -0.0361,  0.0045,  0.002 , -0.0074,  0.0005,  0.0036, -0.8424,
       -0.883 , -0.1927,  0.5   ,  0.5   ,  0.5   , -0.3424, -0.383 ,
        0.3073], dtype=float32), 'rewards': -3.6833539760143115, 'masks': 1.0, 'dones': False}, {'observations': array([ 0.    ,  0.    ,  0.    ,  0.    ,  0.    ,  0.    ,  0.    ,
        0.4258,  0.7402,  0.    ,  0.    ,  0.    ,  0.    ,  0.    ,
        0.    ,  0.    ,  0.    ,  0.    , -0.557 , -1.4384,  2.0955,
       -2.2289, -1.5709, -0.0288,  2.7445, -1.395 ,  2.0415, -2.2167,
       -1.5719,  0.1265,  0.1575,  0.0636, -0.0165, -0.4296,  0.3553,
        0.0968, -0.0512,  0.2811, -0.0209,  0.0156, -0.0043,  0.0009,
        0.0002,  0.    ,  0.0011, -0.0603, -0.0002,  0.0007, -0.0001,
        0.0002,  0.0001,  0.0046,  0.0085,  0.1319, -0.0055,  0.0315,
       -0.1326, -0.0018,  0.0005,  0.0001, -0.    , -0.    ,  0.0117,
       -0.0361,  0.0045,  0.002 , -0.0074,  0.0005,  0.0036, -0.8424,
       -0.883 , -0.1927,  0.5   ,  0.5   ,  0.5   , -0.3424, -0.383 ,
        0.3073], dtype=float32), 'actions': array([ 0.    ,  0.    ,  0.    ,  0.    ,  0.    ,  0.    ,  0.    ,
       -0.8467,  0.0127,  0.003 ,  0.    ,  0.    ,  0.    ,  0.    ]), 'next_observations': array([ 0.    ,  0.    ,  0.    ,  0.    ,  0.    ,  0.    ,  0.    ,
        0.4118,  0.7399,  0.    ,  0.    ,  0.    ,  0.    ,  0.    ,
        0.    ,  0.    ,  0.    ,  0.    , -0.5539, -1.4384,  2.0955,
       -2.2289, -1.571 , -0.0262,  2.7543, -1.3905,  2.0359, -2.2157,
       -1.5722,  0.1364, -0.0023,  0.1013,  0.0092, -0.8501,  0.5709,
        0.2335, -0.0542,  0.2756, -0.0209,  0.0142, -0.0039,  0.0009,
        0.0002,  0.0001,  0.001 , -0.0651, -0.0005,  0.0006, -0.0001,
        0.0003,  0.0001,  0.0031,  0.0071,  0.1102, -0.0135,  0.028 ,
       -0.1389,  0.0258, -0.0065,  0.0001, -0.0002,  0.0001, -0.0044,
       -0.0194, -0.006 , -0.0045,  0.0066, -0.0019, -0.0034, -0.8424,
       -0.883 , -0.1927,  0.5   ,  0.5   ,  0.5   , -0.3424, -0.383 ,
        0.3073], dtype=float32), 'rewards': -3.7817754973202913, 'masks': 1.0, 'dones': False}, {'observations': array([ 0.    ,  0.    ,  0.    ,  0.    ,  0.    ,  0.    ,  0.    ,
        0.4118,  0.7399,  0.    ,  0.    ,  0.    ,  0.    ,  0.    ,
        0.    ,  0.    ,  0.    ,  0.    , -0.5539, -1.4384,  2.0955,
       -2.2289, -1.571 , -0.0262,  2.7543, -1.3905,  2.0359, -2.2157,
       -1.5722,  0.1364, -0.0023,  0.1013,  0.0092, -0.8501,  0.5709,
        0.2335, -0.0542,  0.2756, -0.0209,  0.0142, -0.0039,  0.0009,
        0.0002,  0.0001,  0.001 , -0.0651, -0.0005,  0.0006, -0.0001,
        0.0003,  0.0001,  0.0031,  0.0071,  0.1102, -0.0135,  0.028 ,
       -0.1389,  0.0258, -0.0065,  0.0001, -0.0002,  0.0001, -0.0044,
       -0.0194, -0.006 , -0.0045,  0.0066, -0.0019, -0.0034, -0.8424,
       -0.883 , -0.1927,  0.5   ,  0.5   ,  0.5   , -0.3424, -0.383 ,
        0.3073], dtype=float32), 'actions': array([ 0.    ,  0.    ,  0.    ,  0.    ,  0.    ,  0.    ,  0.    ,
       -0.8613,  0.0121,  0.003 ,  0.    ,  0.    ,  0.    ,  0.    ]), 'next_observations': array([ 0.    ,  0.    ,  0.    ,  0.    ,  0.    ,  0.    ,  0.    ,
        0.4196,  0.7523,  0.    ,  0.    ,  0.    ,  0.    ,  0.    ,
        0.    ,  0.    ,  0.    ,  0.    , -0.5547, -1.4384,  2.0955,
       -2.2288, -1.571 , -0.0271,  2.7708, -1.3857,  2.032 , -2.216 ,
       -1.5726,  0.1531, -0.0258,  0.0975,  0.0097, -0.7609,  0.299 ,
        0.2527, -0.0566,  0.2683, -0.0202,  0.0146, -0.004 ,  0.0009,
        0.0002,  0.    ,  0.001 , -0.073 ,  0.0011,  0.0014, -0.0002,
        0.0004,  0.0001,  0.0016,  0.0036,  0.1119, -0.0097,  0.0258,
       -0.1254,  0.0243, -0.0061,  0.0001, -0.0004, -0.0004,  0.0062,
       -0.0194, -0.0015,  0.0035, -0.0021,  0.0105, -0.0205, -0.8424,
       -0.883 , -0.1927,  0.5   ,  0.5   ,  0.5   , -0.3424, -0.383 ,
        0.3073], dtype=float32), 'rewards': -3.947366690462818, 'masks': 1.0, 'dones': False}, {'observations': array([ 0.    ,  0.    ,  0.    ,  0.    ,  0.    ,  0.    ,  0.    ,
        0.4196,  0.7523,  0.    ,  0.    ,  0.    ,  0.    ,  0.    ,
        0.    ,  0.    ,  0.    ,  0.    , -0.5547, -1.4384,  2.0955,
       -2.2288, -1.571 , -0.0271,  2.7708, -1.3857,  2.032 , -2.216 ,
       -1.5726,  0.1531, -0.0258,  0.0975,  0.0097, -0.7609,  0.299 ,
        0.2527, -0.0566,  0.2683, -0.0202,  0.0146, -0.004 ,  0.0009,
        0.0002,  0.    ,  0.001 , -0.073 ,  0.0011,  0.0014, -0.0002,
        0.0004,  0.0001,  0.0016,  0.0036,  0.1119, -0.0097,  0.0258,
       -0.1254,  0.0243, -0.0061,  0.0001, -0.0004, -0.0004,  0.0062,
       -0.0194, -0.0015,  0.0035, -0.0021,  0.0105, -0.0205, -0.8424,
       -0.883 , -0.1927,  0.5   ,  0.5   ,  0.5   , -0.3424, -0.383 ,
        0.3073], dtype=float32), 'actions': array([ 0.    ,  0.    ,  0.    ,  0.    ,  0.    ,  0.    ,  0.    ,
       -0.8678,  0.013 ,  0.003 ,  0.    ,  0.    ,  0.    ,  0.    ]), 'next_observations': array([ 0.    ,  0.    ,  0.    ,  0.    ,  0.    ,  0.    ,  0.    ,
        0.4221,  0.7584,  0.    ,  0.    ,  0.    ,  0.    ,  0.    ,
        0.    ,  0.    ,  0.    ,  0.    , -0.5545, -1.4383,  2.0955,
       -2.2289, -1.5711, -0.0267,  2.7766, -1.3829,  2.0273, -2.2147,
       -1.5723,  0.1589, -0.024 ,  0.0764,  0.0475, -0.8072,  0.512 ,
        0.304 , -0.0581,  0.2662, -0.0205,  0.0145, -0.004 ,  0.0009,
        0.0002,  0.0001,  0.001 , -0.0755,  0.0009,  0.0011, -0.0002,
        0.0003,  0.0002,  0.0018,  0.0078,  0.0992, -0.0243,  0.008 ,
       -0.0918,  0.001 , -0.0003, -0.    ,  0.0002,  0.0002, -0.0085,
       -0.0043, -0.0094, -0.0056,  0.0138,  0.0066, -0.0097, -0.8424,
       -0.883 , -0.1927,  0.5   ,  0.5   ,  0.5   , -0.3424, -0.383 ,
        0.3073], dtype=float32), 'rewards': -3.9917152624414625, 'masks': 1.0, 'dones': False}, {'observations': array([ 0.    ,  0.    ,  0.    ,  0.    ,  0.    ,  0.    ,  0.    ,
        0.4221,  0.7584,  0.    ,  0.    ,  0.    ,  0.    ,  0.    ,
        0.    ,  0.    ,  0.    ,  0.    , -0.5545, -1.4383,  2.0955,
       -2.2289, -1.5711, -0.0267,  2.7766, -1.3829,  2.0273, -2.2147,
       -1.5723,  0.1589, -0.024 ,  0.0764,  0.0475, -0.8072,  0.512 ,
        0.304 , -0.0581,  0.2662, -0.0205,  0.0145, -0.004 ,  0.0009,
        0.0002,  0.0001,  0.001 , -0.0755,  0.0009,  0.0011, -0.0002,
        0.0003,  0.0002,  0.0018,  0.0078,  0.0992, -0.0243,  0.008 ,
       -0.0918,  0.001 , -0.0003, -0.    ,  0.0002,  0.0002, -0.0085,
       -0.0043, -0.0094, -0.0056,  0.0138,  0.0066, -0.0097, -0.8424,
       -0.883 , -0.1927,  0.5   ,  0.5   ,  0.5   , -0.3424, -0.383 ,
        0.3073], dtype=float32), 'actions': array([-0.0001, -0.    ,  0.0151,  0.    ,  0.    ,  0.    ,  0.    ,
       -0.8703,  0.0173,  0.003 ,  0.    ,  0.    ,  0.    ,  0.    ]), 'next_observations': array([ 0.    ,  0.    , -0.0151,  0.    ,  0.    ,  0.    ,  0.    ,
        0.4196,  0.7627,  0.    ,  0.    ,  0.    ,  0.    ,  0.    ,
        0.    ,  0.    ,  0.    ,  0.    , -0.5544, -1.4384,  2.0955,
       -2.2289, -1.5711, -0.0266,  2.7831, -1.3798,  2.0226, -2.2128,
       -1.5725,  0.1629, -0.0393,  0.1019,  0.0526, -0.0398, -0.0706,
       -0.0775, -0.0601,  0.2637, -0.0208,  0.0144, -0.004 ,  0.0009,
        0.0002,  0.0001,  0.0011, -0.0786,  0.0004,  0.0008, -0.0002,
        0.0003, -0.0003,  0.0042,  0.0049,  0.1049, -0.0153,  0.0397,
       -0.1005,  0.0001, -0.    , -0.    ,  0.0001, -0.0001, -0.0002,
       -0.0055,  0.0006, -0.0019, -0.0047,  0.0018, -0.0268, -0.8424,
       -0.883 , -0.1927,  0.5   ,  0.5   ,  0.5   , -0.3424, -0.383 ,
        0.3073], dtype=float32), 'rewards': -4.042597085222045, 'masks': 1.0, 'dones': False}, {'observations': array([ 0.    ,  0.    , -0.0151,  0.    ,  0.    ,  0.    ,  0.    ,
        0.4196,  0.7627,  0.    ,  0.    ,  0.    ,  0.    ,  0.    ,
        0.    ,  0.    ,  0.    ,  0.    , -0.5544, -1.4384,  2.0955,
       -2.2289, -1.5711, -0.0266,  2.7831, -1.3798,  2.0226, -2.2128,
       -1.5725,  0.1629, -0.0393,  0.1019,  0.0526, -0.0398, -0.0706,
       -0.0775, -0.0601,  0.2637, -0.0208,  0.0144, -0.004 ,  0.0009,
        0.0002,  0.0001,  0.0011, -0.0786,  0.0004,  0.0008, -0.0002,
        0.0003, -0.0003,  0.0042,  0.0049,  0.1049, -0.0153,  0.0397,
       -0.1005,  0.0001, -0.    , -0.    ,  0.0001, -0.0001, -0.0002,
       -0.0055,  0.0006, -0.0019, -0.0047,  0.0018, -0.0268, -0.8424,
       -0.883 , -0.1927,  0.5   ,  0.5   ,  0.5   , -0.3424, -0.383 ,
        0.3073], dtype=float32), 'actions': array([-0.0003, -0.    ,  0.0824,  0.    ,  0.    ,  0.    ,  0.    ,
       -0.8695,  0.0206,  0.003 ,  0.    ,  0.    ,  0.    ,  0.    ]), 'next_observations': array([ 0.    ,  0.    , -0.0824,  0.    ,  0.    ,  0.    ,  0.    ,
        0.4163,  0.7636,  0.    ,  0.    ,  0.    ,  0.    ,  0.    ,
        0.    ,  0.    ,  0.    ,  0.    , -0.5545, -1.4384,  2.0956,
       -2.2294, -1.5711, -0.0263,  2.7916, -1.3764,  2.0183, -2.2122,
       -1.5726,  0.1719, -0.0557,  0.0891,  0.0746, -0.4266,  0.1618,
       -0.0952, -0.0623,  0.2594, -0.0209,  0.0145, -0.004 ,  0.0009,
        0.0003,  0.0001,  0.0011, -0.0835,  0.0006,  0.0008, -0.0001,
        0.0004, -0.0004,  0.0056,  0.0086,  0.0794, -0.0203,  0.041 ,
       -0.1199, -0.0001, -0.0002,  0.0002,  0.0051,  0.0002,  0.0002,
       -0.0285,  0.004 ,  0.0037, -0.0099,  0.0018,  0.0067, -0.8424,
       -0.883 , -0.1927,  0.5   ,  0.5   ,  0.5   , -0.3424, -0.383 ,
        0.3073], dtype=float32), 'rewards': -4.136508460690296, 'masks': 1.0, 'dones': False}, {'observations': array([ 0.    ,  0.    , -0.0824,  0.    ,  0.    ,  0.    ,  0.    ,
        0.4163,  0.7636,  0.    ,  0.    ,  0.    ,  0.    ,  0.    ,
        0.    ,  0.    ,  0.    ,  0.    , -0.5545, -1.4384,  2.0956,
       -2.2294, -1.5711, -0.0263,  2.7916, -1.3764,  2.0183, -2.2122,
       -1.5726,  0.1719, -0.0557,  0.0891,  0.0746, -0.4266,  0.1618,
       -0.0952, -0.0623,  0.2594, -0.0209,  0.0145, -0.004 ,  0.0009,
        0.0003,  0.0001,  0.0011, -0.0835,  0.0006,  0.0008, -0.0001,
        0.0004, -0.0004,  0.0056,  0.0086,  0.0794, -0.0203,  0.041 ,
       -0.1199, -0.0001, -0.0002,  0.0002,  0.0051,  0.0002,  0.0002,
       -0.0285,  0.004 ,  0.0037, -0.0099,  0.0018,  0.0067, -0.8424,
       -0.883 , -0.1927,  0.5   ,  0.5   ,  0.5   , -0.3424, -0.383 ,
        0.3073], dtype=float32), 'actions': array([-0.0004, -0.    ,  0.116 ,  0.    ,  0.    ,  0.    ,  0.    ,
       -0.8736,  0.0319,  0.003 ,  0.    ,  0.    ,  0.    ,  0.    ]), 'next_observations': array([ 0.    ,  0.    , -0.116 ,  0.    ,  0.    ,  0.    ,  0.    ,
        0.4086,  0.7728,  0.    ,  0.    ,  0.    ,  0.    ,  0.    ,
        0.    ,  0.    ,  0.    ,  0.    , -0.5545, -1.4376,  2.0962,
       -2.2306, -1.5711, -0.0263,  2.8016, -1.3721,  2.0131, -2.2109,
       -1.5727,  0.1822, -0.0649,  0.0871,  0.0872, -0.4593,  0.1914,
       -0.1283, -0.0646,  0.255 , -0.0213,  0.0145, -0.004 ,  0.0014,
        0.0003,  0.0001,  0.0011, -0.0884,  0.0008,  0.0009, -0.0002,
        0.0004, -0.0003,  0.0049,  0.0088,  0.0582, -0.0215,  0.0391,
       -0.1293, -0.0004,  0.0009,  0.0046, -0.0047,  0.0004, -0.0011,
       -0.0198,  0.0037,  0.0018, -0.0057,  0.0023,  0.0261, -0.8424,
       -0.883 , -0.1927,  0.5   ,  0.5   ,  0.5   , -0.3424, -0.383 ,
        0.3073], dtype=float32), 'rewards': -4.234250153884025, 'masks': 1.0, 'dones': False}, {'observations': array([ 0.    ,  0.    , -0.116 ,  0.    ,  0.    ,  0.    ,  0.    ,
        0.4086,  0.7728,  0.    ,  0.    ,  0.    ,  0.    ,  0.    ,
        0.    ,  0.    ,  0.    ,  0.    , -0.5545, -1.4376,  2.0962,
       -2.2306, -1.5711, -0.0263,  2.8016, -1.3721,  2.0131, -2.2109,
       -1.5727,  0.1822, -0.0649,  0.0871,  0.0872, -0.4593,  0.1914,
       -0.1283, -0.0646,  0.255 , -0.0213,  0.0145, -0.004 ,  0.0014,
        0.0003,  0.0001,  0.0011, -0.0884,  0.0008,  0.0009, -0.0002,
        0.0004, -0.0003,  0.0049,  0.0088,  0.0582, -0.0215,  0.0391,
       -0.1293, -0.0004,  0.0009,  0.0046, -0.0047,  0.0004, -0.0011,
       -0.0198,  0.0037,  0.0018, -0.0057,  0.0023,  0.0261, -0.8424,
       -0.883 , -0.1927,  0.5   ,  0.5   ,  0.5   , -0.3424, -0.383 ,
        0.3073], dtype=float32), 'actions': array([-0.0005, -0.    ,  0.1395,  0.    ,  0.    ,  0.    ,  0.    ,
       -0.8801,  0.0335,  0.003 ,  0.    ,  0.    ,  0.    ,  0.    ]), 'next_observations': array([ 0.    ,  0.    , -0.1395,  0.    ,  0.    ,  0.    ,  0.    ,
        0.4104,  0.7793,  0.    ,  0.    ,  0.    ,  0.    ,  0.    ,
        0.    ,  0.    ,  0.    ,  0.    , -0.5545, -1.436 ,  2.0971,
       -2.2335, -1.5711, -0.0262,  2.8107, -1.3678,  2.0075, -2.2095,
       -1.5727,  0.1889, -0.0862,  0.0607,  0.0737, -0.1875,  0.1734,
       -0.1822, -0.067 ,  0.251 , -0.0222,  0.0145, -0.0041,  0.0022,
        0.0004,  0.0001,  0.0012, -0.0931,  0.0008,  0.0009, -0.0002,
        0.0004, -0.0009,  0.0066,  0.0098,  0.043 , -0.0247,  0.0406,
       -0.1334, -0.    ,  0.0023,  0.0018, -0.0151, -0.0005,  0.0005,
       -0.0414,  0.009 , -0.0003,  0.0043, -0.001 ,  0.0422, -0.8424,
       -0.883 , -0.1927,  0.5   ,  0.5   ,  0.5   , -0.3424, -0.383 ,
        0.3073], dtype=float32), 'rewards': -4.321067433994786, 'masks': 1.0, 'dones': False}, {'observations': array([ 0.    ,  0.    , -0.1395,  0.    ,  0.    ,  0.    ,  0.    ,
        0.4104,  0.7793,  0.    ,  0.    ,  0.    ,  0.    ,  0.    ,
        0.    ,  0.    ,  0.    ,  0.    , -0.5545, -1.436 ,  2.0971,
       -2.2335, -1.5711, -0.0262,  2.8107, -1.3678,  2.0075, -2.2095,
       -1.5727,  0.1889, -0.0862,  0.0607,  0.0737, -0.1875,  0.1734,
       -0.1822, -0.067 ,  0.251 , -0.0222,  0.0145, -0.0041,  0.0022,
        0.0004,  0.0001,  0.0012, -0.0931,  0.0008,  0.0009, -0.0002,
        0.0004, -0.0009,  0.0066,  0.0098,  0.043 , -0.0247,  0.0406,
       -0.1334, -0.    ,  0.0023,  0.0018, -0.0151, -0.0005,  0.0005,
       -0.0414,  0.009 , -0.0003,  0.0043, -0.001 ,  0.0422, -0.8424,
       -0.883 , -0.1927,  0.5   ,  0.5   ,  0.5   , -0.3424, -0.383 ,
        0.3073], dtype=float32), 'actions': array([-0.0006, -0.    ,  0.1899,  0.    ,  0.    ,  0.    ,  0.    ,
       -0.8891,  0.0392,  0.0081,  0.    ,  0.    ,  0.    ,  0.    ]), 'next_observations': array([ 0.    ,  0.    , -0.1899,  0.    ,  0.    ,  0.    ,  0.    ,
        0.41  ,  0.7899, -0.005 ,  0.    ,  0.    ,  0.    ,  0.    ,
        0.    ,  0.    ,  0.    ,  0.    , -0.5545, -1.4351,  2.0981,
       -2.2348, -1.5712, -0.0263,  2.8225, -1.363 ,  2.0008, -2.2083,
       -1.5727,  0.2004, -0.1065,  0.0004,  0.096 ,  0.0737,  0.1315,
       -0.1628, -0.0691,  0.2466, -0.023 ,  0.0145, -0.0039,  0.0029,
        0.0002,  0.0001,  0.0012, -0.098 ,  0.0011,  0.0007, -0.0001,
        0.0004, -0.001 ,  0.0088,  0.0115,  0.0241, -0.0283,  0.0613,
       -0.1484, -0.0001,  0.0002,  0.0054, -0.0063, -0.0007, -0.0001,
       -0.0429, -0.0004,  0.0014, -0.0051, -0.005 ,  0.0231, -0.8424,
       -0.883 , -0.1927,  0.5   ,  0.5   ,  0.5   , -0.3424, -0.383 ,
        0.3073], dtype=float32), 'rewards': -4.4225272099479325, 'masks': 1.0, 'dones': False}, {'observations': array([ 0.    ,  0.    , -0.1899,  0.    ,  0.    ,  0.    ,  0.    ,
        0.41  ,  0.7899, -0.005 ,  0.    ,  0.    ,  0.    ,  0.    ,
        0.    ,  0.    ,  0.    ,  0.    , -0.5545, -1.4351,  2.0981,
       -2.2348, -1.5712, -0.0263,  2.8225, -1.363 ,  2.0008, -2.2083,
       -1.5727,  0.2004, -0.1065,  0.0004,  0.096 ,  0.0737,  0.1315,
       -0.1628, -0.0691,  0.2466, -0.023 ,  0.0145, -0.0039,  0.0029,
        0.0002,  0.0001,  0.0012, -0.098 ,  0.0011,  0.0007, -0.0001,
        0.0004, -0.001 ,  0.0088,  0.0115,  0.0241, -0.0283,  0.0613,
       -0.1484, -0.0001,  0.0002,  0.0054, -0.0063, -0.0007, -0.0001,
       -0.0429, -0.0004,  0.0014, -0.0051, -0.005 ,  0.0231, -0.8424,
       -0.883 , -0.1927,  0.5   ,  0.5   ,  0.5   , -0.3424, -0.383 ,
        0.3073], dtype=float32), 'actions': array([-0.0008, -0.    ,  0.2437,  0.    ,  0.    ,  0.    ,  0.    ,
       -0.8947,  0.0441,  0.0283,  0.    ,  0.    ,  0.    ,  0.    ]), 'next_observations': array([ 0.    ,  0.    , -0.2437,  0.    ,  0.    ,  0.    ,  0.    ,
        0.4086,  0.7973, -0.0252,  0.    ,  0.    ,  0.    ,  0.    ,
        0.    ,  0.    ,  0.    ,  0.    , -0.5545, -1.4334,  2.099 ,
       -2.2385, -1.571 , -0.0262,  2.8314, -1.3587,  1.9975, -2.2072,
       -1.5737,  0.211 , -0.0924,  0.0185,  0.0417, -0.1675,  0.2122,
       -0.0371, -0.0714,  0.2417, -0.023 ,  0.0145, -0.0041,  0.0037,
        0.0005,  0.0001,  0.0012, -0.1034,  0.0018,  0.0016, -0.0005,
        0.0007, -0.0005,  0.0096,  0.0115,  0.0185, -0.0304,  0.0512,
       -0.1471, -0.0001,  0.0001,  0.0045,  0.004 , -0.0002,  0.0004,
       -0.02  , -0.0098, -0.0218,  0.0378, -0.0248, -0.0319, -0.8424,
       -0.883 , -0.1927,  0.5   ,  0.5   ,  0.5   , -0.3424, -0.383 ,
        0.3073], dtype=float32), 'rewards': -4.539421091842944, 'masks': 1.0, 'dones': False}, {'observations': array([ 0.    ,  0.    , -0.2437,  0.    ,  0.    ,  0.    ,  0.    ,
        0.4086,  0.7973, -0.0252,  0.    ,  0.    ,  0.    ,  0.    ,
        0.    ,  0.    ,  0.    ,  0.    , -0.5545, -1.4334,  2.099 ,
       -2.2385, -1.571 , -0.0262,  2.8314, -1.3587,  1.9975, -2.2072,
       -1.5737,  0.211 , -0.0924,  0.0185,  0.0417, -0.1675,  0.2122,
       -0.0371, -0.0714,  0.2417, -0.023 ,  0.0145, -0.0041,  0.0037,
        0.0005,  0.0001,  0.0012, -0.1034,  0.0018,  0.0016, -0.0005,
        0.0007, -0.0005,  0.0096,  0.0115,  0.0185, -0.0304,  0.0512,
       -0.1471, -0.0001,  0.0001,  0.0045,  0.004 , -0.0002,  0.0004,
       -0.02  , -0.0098, -0.0218,  0.0378, -0.0248, -0.0319, -0.8424,
       -0.883 , -0.1927,  0.5   ,  0.5   ,  0.5   , -0.3424, -0.383 ,
        0.3073], dtype=float32), 'actions': array([-0.0009, -0.    ,  0.2538,  0.    ,  0.    ,  0.    ,  0.    ,
       -0.8742,  0.1118,  0.0752,  0.    ,  0.    ,  0.    ,  0.    ]), 'next_observations': array([ 0.    ,  0.    , -0.2538,  0.    ,  0.    ,  0.    ,  0.    ,
        0.3399,  0.8135, -0.0723,  0.    ,  0.    ,  0.    ,  0.    ,
        0.    ,  0.    ,  0.    ,  0.    , -0.5545, -1.4297,  2.1018,
       -2.2446, -1.5712, -0.0262,  2.8452, -1.3526,  1.9914, -2.2077,
       -1.5753,  0.2246, -0.0658,  0.1087,  0.1028, -0.3703,  0.3597,
        0.0079, -0.0741,  0.2353, -0.0247,  0.0145, -0.0041,  0.0059,
        0.0004,  0.0001,  0.0011, -0.1102,  0.0025,  0.002 , -0.0003,
        0.0011, -0.0006,  0.0077,  0.0106,  0.0126, -0.0373,  0.0423,
       -0.1443, -0.    ,  0.0001,  0.007 ,  0.0097,  0.0008, -0.0007,
        0.0008, -0.0149, -0.017 ,  0.0168, -0.0184, -0.0168, -0.8424,
       -0.883 , -0.1927,  0.5   ,  0.5   ,  0.5   , -0.3424, -0.383 ,
        0.3073], dtype=float32), 'rewards': -4.706386078988991, 'masks': 1.0, 'dones': False}, {'observations': array([ 0.    ,  0.    , -0.2538,  0.    ,  0.    ,  0.    ,  0.    ,
        0.3399,  0.8135, -0.0723,  0.    ,  0.    ,  0.    ,  0.    ,
        0.    ,  0.    ,  0.    ,  0.    , -0.5545, -1.4297,  2.1018,
       -2.2446, -1.5712, -0.0262,  2.8452, -1.3526,  1.9914, -2.2077,
       -1.5753,  0.2246, -0.0658,  0.1087,  0.1028, -0.3703,  0.3597,
        0.0079, -0.0741,  0.2353, -0.0247,  0.0145, -0.0041,  0.0059,
        0.0004,  0.0001,  0.0011, -0.1102,  0.0025,  0.002 , -0.0003,
        0.0011, -0.0006,  0.0077,  0.0106,  0.0126, -0.0373,  0.0423,
       -0.1443, -0.    ,  0.0001,  0.007 ,  0.0097,  0.0008, -0.0007,
        0.0008, -0.0149, -0.017 ,  0.0168, -0.0184, -0.0168, -0.8424,
       -0.883 , -0.1927,  0.5   ,  0.5   ,  0.5   , -0.3424, -0.383 ,
        0.3073], dtype=float32), 'actions': array([-0.0009, -0.    ,  0.2538,  0.    ,  0.    ,  0.    ,  0.    ,
       -0.7353,  0.1829,  0.0881,  0.    ,  0.    ,  0.    ,  0.    ]), 'next_observations': array([ 0.    ,  0.    , -0.2538,  0.    ,  0.    ,  0.    ,  0.    ,
        0.2089,  0.7286, -0.0857,  0.    ,  0.    ,  0.    ,  0.    ,
        0.    ,  0.    ,  0.    ,  0.    , -0.5545, -1.4258,  2.1044,
       -2.2521, -1.5711, -0.0261,  2.8524, -1.3485,  1.9867, -2.2072,
       -1.575 ,  0.2316, -0.0677,  0.1762,  0.1504, -0.2955,  0.3339,
       -0.0915, -0.0761,  0.2321, -0.0267,  0.0145, -0.0042,  0.0081,
        0.0006,  0.0001,  0.0012, -0.114 ,  0.0025,  0.0023, -0.0003,
        0.001 , -0.0006,  0.0057,  0.0086,  0.008 , -0.0411,  0.0481,
       -0.1458, -0.0002, -0.0022,  0.0151,  0.0188, -0.0013,  0.0025,
       -0.0182,  0.0003,  0.0054, -0.0125, -0.0004, -0.0064, -0.8424,
       -0.883 , -0.1927,  0.5   ,  0.5   ,  0.5   , -0.3424, -0.383 ,
        0.3073], dtype=float32), 'rewards': -4.774809523788554, 'masks': 1.0, 'dones': False}, {'observations': array([ 0.    ,  0.    , -0.2538,  0.    ,  0.    ,  0.    ,  0.    ,
        0.2089,  0.7286, -0.0857,  0.    ,  0.    ,  0.    ,  0.    ,
        0.    ,  0.    ,  0.    ,  0.    , -0.5545, -1.4258,  2.1044,
       -2.2521, -1.5711, -0.0261,  2.8524, -1.3485,  1.9867, -2.2072,
       -1.575 ,  0.2316, -0.0677,  0.1762,  0.1504, -0.2955,  0.3339,
       -0.0915, -0.0761,  0.2321, -0.0267,  0.0145, -0.0042,  0.0081,
        0.0006,  0.0001,  0.0012, -0.114 ,  0.0025,  0.0023, -0.0003,
        0.001 , -0.0006,  0.0057,  0.0086,  0.008 , -0.0411,  0.0481,
       -0.1458, -0.0002, -0.0022,  0.0151,  0.0188, -0.0013,  0.0025,
       -0.0182,  0.0003,  0.0054, -0.0125, -0.0004, -0.0064, -0.8424,
       -0.883 , -0.1927,  0.5   ,  0.5   ,  0.5   , -0.3424, -0.383 ,
        0.3073], dtype=float32), 'actions': array([-0.1909,  0.047 ,  0.9994,  0.    ,  0.    ,  0.    ,  0.    ,
       -0.0488,  0.2009, -0.    ,  0.1718, -0.0424,  0.1625,  0.    ]), 'next_observations': array([-0.0533, -0.1858, -1.    ,  0.    ,  0.    ,  0.    ,  0.    ,
       -0.1497,  0.1426,  0.    , -0.0486, -0.1696, -0.163 ,  0.    ,
        0.    ,  0.    ,  0.    ,  0.    , -0.5546, -1.4243,  2.1059,
       -2.254 , -1.5712, -0.0261,  2.8648, -1.3442,  1.9839, -2.2088,
       -1.5756,  0.2414, -0.0426,  0.3739,  0.1346, -0.4106,  0.3599,
       -0.1204, -0.0775,  0.226 , -0.027 ,  0.0145, -0.004 ,  0.0092,
        0.0004,  0.0001,  0.0012, -0.12  ,  0.0041,  0.0031, -0.0002,
        0.0011, -0.0012, -0.0005,  0.0073,  0.0022, -0.0412,  0.0535,
       -0.1547,  0.    , -0.0007,  0.0076, -0.008 , -0.0001,  0.0014,
       -0.0122,  0.0029,  0.0025,  0.0051,  0.007 ,  0.0181, -0.8424,
       -0.883 , -0.1927,  0.5   ,  0.5   ,  0.5   , -0.3424, -0.383 ,
        0.3073], dtype=float32), 'rewards': -5.100116947019282, 'masks': 1.0, 'dones': False}, {'observations': array([-0.0533, -0.1858, -1.    ,  0.    ,  0.    ,  0.    ,  0.    ,
       -0.1497,  0.1426,  0.    , -0.0486, -0.1696, -0.163 ,  0.    ,
        0.    ,  0.    ,  0.    ,  0.    , -0.5546, -1.4243,  2.1059,
       -2.254 , -1.5712, -0.0261,  2.8648, -1.3442,  1.9839, -2.2088,
       -1.5756,  0.2414, -0.0426,  0.3739,  0.1346, -0.4106,  0.3599,
       -0.1204, -0.0775,  0.226 , -0.027 ,  0.0145, -0.004 ,  0.0092,
        0.0004,  0.0001,  0.0012, -0.12  ,  0.0041,  0.0031, -0.0002,
        0.0011, -0.0012, -0.0005,  0.0073,  0.0022, -0.0412,  0.0535,
       -0.1547,  0.    , -0.0007,  0.0076, -0.008 , -0.0001,  0.0014,
       -0.0122,  0.0029,  0.0025,  0.0051,  0.007 ,  0.0181, -0.8424,
       -0.883 , -0.1927,  0.5   ,  0.5   ,  0.5   , -0.3424, -0.383 ,
        0.3073], dtype=float32), 'actions': array([-0.1974,  0.0486,  0.9993,  0.    ,  0.    ,  0.    ,  0.    ,
       -0.2876,  0.3309,  0.752 , -0.0229, -0.2554,  0.2306,  0.    ]), 'next_observations': array([-0.0551, -0.1923, -1.    ,  0.    ,  0.    ,  0.    ,  0.    ,
       -0.1412,  0.4164, -0.7513,  0.2333, -0.1071, -0.2303,  0.    ,
        0.    ,  0.    ,  0.    ,  0.    , -0.5529, -1.4161,  2.1114,
       -2.268 , -1.5713, -0.0244,  2.8634, -1.3475,  1.9887, -2.214 ,
       -1.5752,  0.245 ,  0.0063, -0.039 ,  0.1174, -0.287 ,  0.4493,
       -0.1224, -0.0765,  0.2256, -0.0318,  0.0137, -0.0039,  0.0139,
        0.0004,  0.0001,  0.0012, -0.1191,  0.0051,  0.0029,  0.0006,
        0.0008,  0.    ,  0.011 ,  0.0099, -0.013 , -0.0437,  0.0485,
       -0.1548, -0.0175,  0.0025,  0.093 ,  0.0039,  0.0015,  0.0036,
        0.0115,  0.0038, -0.0027,  0.0416, -0.0092,  0.0321, -0.8424,
       -0.883 , -0.1927,  0.5   ,  0.5   ,  0.5   , -0.3424, -0.383 ,
        0.3073], dtype=float32), 'rewards': -5.119432254506811, 'masks': 1.0, 'dones': False}, {'observations': array([-0.0551, -0.1923, -1.    ,  0.    ,  0.    ,  0.    ,  0.    ,
       -0.1412,  0.4164, -0.7513,  0.2333, -0.1071, -0.2303,  0.    ,
        0.    ,  0.    ,  0.    ,  0.    , -0.5529, -1.4161,  2.1114,
       -2.268 , -1.5713, -0.0244,  2.8634, -1.3475,  1.9887, -2.214 ,
       -1.5752,  0.245 ,  0.0063, -0.039 ,  0.1174, -0.287 ,  0.4493,
       -0.1224, -0.0765,  0.2256, -0.0318,  0.0137, -0.0039,  0.0139,
        0.0004,  0.0001,  0.0012, -0.1191,  0.0051,  0.0029,  0.0006,
        0.0008,  0.    ,  0.011 ,  0.0099, -0.013 , -0.0437,  0.0485,
       -0.1548, -0.0175,  0.0025,  0.093 ,  0.0039,  0.0015,  0.0036,
        0.0115,  0.0038, -0.0027,  0.0416, -0.0092,  0.0321, -0.8424,
       -0.883 , -0.1927,  0.5   ,  0.5   ,  0.5   , -0.3424, -0.383 ,
        0.3073], dtype=float32), 'actions': array([-0.2136,  0.053 ,  0.9993,  0.    ,  0.    ,  0.    ,  0.    ,
       -0.4192,  0.1496,  0.7459, -0.1076, -0.4319,  0.1537,  0.    ]), 'next_observations': array([-0.0594, -0.2085, -1.    ,  0.    ,  0.    ,  0.    ,  0.    ,
        0.0816,  0.4398, -0.7445,  0.4283, -0.122 , -0.1529,  0.    ,
        0.    ,  0.    ,  0.    ,  0.    , -0.5493, -1.4016,  2.1208,
       -2.2915, -1.5713, -0.0215,  2.8692, -1.3372,  1.998 , -2.2328,
       -1.5613,  0.2586, -0.0914, -0.3542, -0.1338, -0.4886,  0.3793,
       -0.1123, -0.0769,  0.2194, -0.0328,  0.0119, -0.0034,  0.022 ,
        0.0004,  0.0001,  0.001 , -0.1229,  0.0074,  0.0101, -0.0004,
       -0.0025,  0.002 ,  0.017 ,  0.0093, -0.022 , -0.0436,  0.0423,
       -0.1584, -0.0174,  0.0037,  0.0984, -0.011 ,  0.0018, -0.0041,
       -0.0489,  0.0203,  0.0825, -0.0899, -0.1267,  0.0672, -0.8424,
       -0.883 , -0.1927,  0.5   ,  0.5   ,  0.5   , -0.3424, -0.383 ,
        0.3073], dtype=float32), 'rewards': -5.238037642961299, 'masks': 1.0, 'dones': False}, {'observations': array([-0.0594, -0.2085, -1.    ,  0.    ,  0.    ,  0.    ,  0.    ,
        0.0816,  0.4398, -0.7445,  0.4283, -0.122 , -0.1529,  0.    ,
        0.    ,  0.    ,  0.    ,  0.    , -0.5493, -1.4016,  2.1208,
       -2.2915, -1.5713, -0.0215,  2.8692, -1.3372,  1.998 , -2.2328,
       -1.5613,  0.2586, -0.0914, -0.3542, -0.1338, -0.4886,  0.3793,
       -0.1123, -0.0769,  0.2194, -0.0328,  0.0119, -0.0034,  0.022 ,
        0.0004,  0.0001,  0.001 , -0.1229,  0.0074,  0.0101, -0.0004,
       -0.0025,  0.002 ,  0.017 ,  0.0093, -0.022 , -0.0436,  0.0423,
       -0.1584, -0.0174,  0.0037,  0.0984, -0.011 ,  0.0018, -0.0041,
       -0.0489,  0.0203,  0.0825, -0.0899, -0.1267,  0.0672, -0.8424,
       -0.883 , -0.1927,  0.5   ,  0.5   ,  0.5   , -0.3424, -0.383 ,
        0.3073], dtype=float32), 'actions': array([-0.1743,  0.0438,  0.9994,  0.    ,  0.    ,  0.    ,  0.    ,
       -0.3996,  0.103 ,  0.7761, -0.1144, -0.4511,  0.0932,  0.    ]), 'next_observations': array([-0.0477, -0.1699, -1.    ,  0.    ,  0.    ,  0.    ,  0.    ,
        0.1123,  0.3997, -0.7748,  0.4482, -0.1259, -0.0924,  0.    ,
        0.    ,  0.    ,  0.    ,  0.    , -0.5451, -1.3866,  2.1291,
       -2.3164, -1.5726, -0.0175,  2.8724, -1.3264,  2.0042, -2.2495,
       -1.5509,  0.2646,  0.7498, -0.6489, -2.239 , -0.4249, -0.0311,
       -0.2248, -0.0782,  0.215 , -0.0342,  0.0101, -0.0032,  0.0298,
        0.0007,  0.0005,  0.0009, -0.1255,  0.0082,  0.0165, -0.0012,
       -0.005 ,  0.0027,  0.0726,  0.1032, -0.0314, -0.0404,  0.0447,
       -0.143 , -0.0173,  0.0025,  0.0551,  0.0004,  0.0182, -0.0089,
       -0.0238,  0.0096,  0.0654, -0.0151, -0.0545,  0.0217, -0.8424,
       -0.883 , -0.1927,  0.5   ,  0.5   ,  0.5   , -0.3424, -0.383 ,
        0.3073], dtype=float32), 'rewards': -5.340022300237807, 'masks': 1.0, 'dones': False}, {'observations': array([-0.0477, -0.1699, -1.    ,  0.    ,  0.    ,  0.    ,  0.    ,
        0.1123,  0.3997, -0.7748,  0.4482, -0.1259, -0.0924,  0.    ,
        0.    ,  0.    ,  0.    ,  0.    , -0.5451, -1.3866,  2.1291,
       -2.3164, -1.5726, -0.0175,  2.8724, -1.3264,  2.0042, -2.2495,
       -1.5509,  0.2646,  0.7498, -0.6489, -2.239 , -0.4249, -0.0311,
       -0.2248, -0.0782,  0.215 , -0.0342,  0.0101, -0.0032,  0.0298,
        0.0007,  0.0005,  0.0009, -0.1255,  0.0082,  0.0165, -0.0012,
       -0.005 ,  0.0027,  0.0726,  0.1032, -0.0314, -0.0404,  0.0447,
       -0.143 , -0.0173,  0.0025,  0.0551,  0.0004,  0.0182, -0.0089,
       -0.0238,  0.0096,  0.0654, -0.0151, -0.0545,  0.0217, -0.8424,
       -0.883 , -0.1927,  0.5   ,  0.5   ,  0.5   , -0.3424, -0.383 ,
        0.3073], dtype=float32), 'actions': array([-0.1351,  0.0343,  0.9995,  0.    ,  0.    ,  0.    ,  0.    ,
       -0.2822,  0.0742,  0.7253, -0.1416, -0.5484,  0.001 ,  0.    ]), 'next_observations': array([-0.0363, -0.1312, -1.    ,  0.    ,  0.    ,  0.    ,  0.    ,
        0.0785,  0.2835, -0.7244,  0.5458, -0.1511,  0.    ,  0.    ,
        0.    ,  0.    ,  0.    ,  0.    , -0.5391, -1.3917,  2.1244,
       -2.3098, -1.5756, -0.0108,  2.8753, -1.3172,  2.0089, -2.2697,
       -1.5385,  0.2722,  1.8184, -0.7028, -3.8591, -0.3911, -0.3493,
       -0.3422, -0.0807,  0.2104, -0.0261,  0.0076, -0.0032,  0.0262,
        0.0015,  0.0012,  0.0011, -0.1282,  0.0084,  0.021 , -0.0005,
       -0.0084,  0.0038,  0.0784,  0.2224,  0.0019, -0.0347,  0.0485,
       -0.1443,  0.01  ,  0.0052,  0.0509, -0.0288, -0.0106, -0.0093,
       -0.0128,  0.0136,  0.0251, -0.0889, -0.1087, -0.0022, -0.8424,
       -0.883 , -0.1927,  0.5   ,  0.5   ,  0.5   , -0.3424, -0.383 ,
        0.3073], dtype=float32), 'rewards': -5.463759963265627, 'masks': 1.0, 'dones': False}, {'observations': array([-0.0363, -0.1312, -1.    ,  0.    ,  0.    ,  0.    ,  0.    ,
        0.0785,  0.2835, -0.7244,  0.5458, -0.1511,  0.    ,  0.    ,
        0.    ,  0.    ,  0.    ,  0.    , -0.5391, -1.3917,  2.1244,
       -2.3098, -1.5756, -0.0108,  2.8753, -1.3172,  2.0089, -2.2697,
       -1.5385,  0.2722,  1.8184, -0.7028, -3.8591, -0.3911, -0.3493,
       -0.3422, -0.0807,  0.2104, -0.0261,  0.0076, -0.0032,  0.0262,
        0.0015,  0.0012,  0.0011, -0.1282,  0.0084,  0.021 , -0.0005,
       -0.0084,  0.0038,  0.0784,  0.2224,  0.0019, -0.0347,  0.0485,
       -0.1443,  0.01  ,  0.0052,  0.0509, -0.0288, -0.0106, -0.0093,
       -0.0128,  0.0136,  0.0251, -0.0889, -0.1087, -0.0022, -0.8424,
       -0.883 , -0.1927,  0.5   ,  0.5   ,  0.5   , -0.3424, -0.383 ,
        0.3073], dtype=float32), 'actions': array([-0.1252,  0.0323,  0.9996,  0.    ,  0.    ,  0.    ,  0.    ,
       -0.2527,  0.0679,  0.7151, -0.1486, -0.5639,  0.001 ,  0.    ]), 'next_observations': array([-0.033 , -0.1216, -1.    ,  0.    ,  0.    ,  0.    ,  0.    ,
        0.0691,  0.2546, -0.7143,  0.5628, -0.1528,  0.    ,  0.    ,
        0.    ,  0.    ,  0.    ,  0.    , -0.5408, -1.377 ,  2.1333,
       -2.3325, -1.5733, -0.0119,  2.8744, -1.3132,  2.0106, -2.267 ,
       -1.5188,  0.2692,  1.9948, -1.1195, -9.2399, -0.4876, -0.3908,
       -0.451 , -0.0804,  0.2093, -0.0313,  0.0081, -0.0032,  0.0342,
        0.0013,  0.0007,  0.0012, -0.1295,  0.0092,  0.0239, -0.0038,
       -0.0126,  0.0033,  0.1097,  0.2201,  0.0024, -0.0443,  0.045 ,
       -0.116 ,  0.0036,  0.0011, -0.0088,  0.001 ,  0.0084, -0.0141,
       -0.0037,  0.0016,  0.0325, -0.0157, -0.0844, -0.0025, -0.8424,
       -0.883 , -0.1927,  0.5   ,  0.5   ,  0.5   , -0.3424, -0.383 ,
        0.3073], dtype=float32), 'rewards': -5.541280333425441, 'masks': 1.0, 'dones': False}, {'observations': array([-0.033 , -0.1216, -1.    ,  0.    ,  0.    ,  0.    ,  0.    ,
        0.0691,  0.2546, -0.7143,  0.5628, -0.1528,  0.    ,  0.    ,
        0.    ,  0.    ,  0.    ,  0.    , -0.5408, -1.377 ,  2.1333,
       -2.3325, -1.5733, -0.0119,  2.8744, -1.3132,  2.0106, -2.267 ,
       -1.5188,  0.2692,  1.9948, -1.1195, -9.2399, -0.4876, -0.3908,
       -0.451 , -0.0804,  0.2093, -0.0313,  0.0081, -0.0032,  0.0342,
        0.0013,  0.0007,  0.0012, -0.1295,  0.0092,  0.0239, -0.0038,
       -0.0126,  0.0033,  0.1097,  0.2201,  0.0024, -0.0443,  0.045 ,
       -0.116 ,  0.0036,  0.0011, -0.0088,  0.001 ,  0.0084, -0.0141,
       -0.0037,  0.0016,  0.0325, -0.0157, -0.0844, -0.0025, -0.8424,
       -0.883 , -0.1927,  0.5   ,  0.5   ,  0.5   , -0.3424, -0.383 ,
        0.3073], dtype=float32), 'actions': array([-0.0765,  0.0193,  0.9997,  0.    ,  0.    ,  0.    ,  0.    ,
       -0.2788,  0.0744,  0.6849, -0.1625, -0.6194,  0.0011,  0.    ]), 'next_observations': array([ -0.0199,  -0.073 ,  -1.    ,   0.    ,   0.    ,   0.    ,
         0.    ,   0.0765,   0.2805,  -0.684 ,   0.6178,  -0.1685,
         0.    ,   0.    ,   0.    ,   0.    ,   0.    ,   0.    ,
        -0.5369,  -1.3863,   2.1284,  -2.32  ,  -1.5801,  -0.0103,
         2.8747,  -1.2913,   2.0176,  -2.3055,  -1.4993,   0.2726,
         2.5707,  -1.402 , -10.1142,  -0.4969,  -0.0496,  -0.4931,
        -0.0835,   0.2068,  -0.0163,   0.007 ,  -0.0028,   0.0292,
         0.0017,   0.0024,   0.0007,  -0.1321,   0.0073,   0.0339,
        -0.0028,  -0.0179,   0.0041,   0.1211,   0.2518,   0.0315,
        -0.0546,   0.0505,  -0.1145,   0.0019,   0.0014,  -0.0131,
         0.0034,   0.0316,  -0.0157,  -0.0129,  -0.0112,   0.0457,
         0.0511,  -0.0867,   0.0396,  -0.8424,  -0.883 ,  -0.1927,
         0.5   ,   0.5   ,   0.5   ,  -0.3424,  -0.383 ,   0.3073],
      dtype=float32), 'rewards': -5.655393631151408, 'masks': 1.0, 'dones': False}, {'observations': array([ -0.0199,  -0.073 ,  -1.    ,   0.    ,   0.    ,   0.    ,
         0.    ,   0.0765,   0.2805,  -0.684 ,   0.6178,  -0.1685,
         0.    ,   0.    ,   0.    ,   0.    ,   0.    ,   0.    ,
        -0.5369,  -1.3863,   2.1284,  -2.32  ,  -1.5801,  -0.0103,
         2.8747,  -1.2913,   2.0176,  -2.3055,  -1.4993,   0.2726,
         2.5707,  -1.402 , -10.1142,  -0.4969,  -0.0496,  -0.4931,
        -0.0835,   0.2068,  -0.0163,   0.007 ,  -0.0028,   0.0292,
         0.0017,   0.0024,   0.0007,  -0.1321,   0.0073,   0.0339,
        -0.0028,  -0.0179,   0.0041,   0.1211,   0.2518,   0.0315,
        -0.0546,   0.0505,  -0.1145,   0.0019,   0.0014,  -0.0131,
         0.0034,   0.0316,  -0.0157,  -0.0129,  -0.0112,   0.0457,
         0.0511,  -0.0867,   0.0396,  -0.8424,  -0.883 ,  -0.1927,
         0.5   ,   0.5   ,   0.5   ,  -0.3424,  -0.383 ,   0.3073],
      dtype=float32), 'actions': array([-0.0894,  0.023 ,  0.9997,  0.    ,  0.    ,  0.    ,  0.    ,
       -0.2982,  0.0803,  0.6615, -0.171 , -0.645 ,  0.0012,  0.    ]), 'next_observations': array([-0.0232, -0.086 , -1.    ,  0.    ,  0.    ,  0.    ,  0.    ,
        0.081 ,  0.3002, -0.6605,  0.6442, -0.1739,  0.    ,  0.    ,
        0.    ,  0.    ,  0.    ,  0.    , -0.5366, -1.3896,  2.1257,
       -2.3138, -1.5783, -0.0074,  2.8746, -1.2918,  2.0201, -2.3006,
       -1.4827,  0.27  ,  2.8792, -1.1918, -7.9185, -0.1506, -0.3262,
       -0.2568, -0.0829,  0.2047, -0.0133,  0.0067, -0.0029,  0.0273,
        0.0017,  0.0019,  0.0013, -0.1333,  0.0091,  0.035 , -0.0055,
       -0.0215,  0.0035,  0.1057,  0.3074,  0.03  , -0.0515,  0.0727,
       -0.093 ,  0.0002,  0.0003, -0.0117, -0.0031, -0.0004, -0.008 ,
       -0.0027, -0.0081,  0.0006,  0.0677, -0.0401,  0.0024, -0.8424,
       -0.883 , -0.1927,  0.5   ,  0.5   ,  0.5   , -0.3424, -0.383 ,
        0.3073], dtype=float32), 'rewards': -5.7685392579726, 'masks': 1.0, 'dones': False}, {'observations': array([-0.0232, -0.086 , -1.    ,  0.    ,  0.    ,  0.    ,  0.    ,
        0.081 ,  0.3002, -0.6605,  0.6442, -0.1739,  0.    ,  0.    ,
        0.    ,  0.    ,  0.    ,  0.    , -0.5366, -1.3896,  2.1257,
       -2.3138, -1.5783, -0.0074,  2.8746, -1.2918,  2.0201, -2.3006,
       -1.4827,  0.27  ,  2.8792, -1.1918, -7.9185, -0.1506, -0.3262,
       -0.2568, -0.0829,  0.2047, -0.0133,  0.0067, -0.0029,  0.0273,
        0.0017,  0.0019,  0.0013, -0.1333,  0.0091,  0.035 , -0.0055,
       -0.0215,  0.0035,  0.1057,  0.3074,  0.03  , -0.0515,  0.0727,
       -0.093 ,  0.0002,  0.0003, -0.0117, -0.0031, -0.0004, -0.008 ,
       -0.0027, -0.0081,  0.0006,  0.0677, -0.0401,  0.0024, -0.8424,
       -0.883 , -0.1927,  0.5   ,  0.5   ,  0.5   , -0.3424, -0.383 ,
        0.3073], dtype=float32), 'actions': array([-0.3654,  0.0969,  0.9988,  0.    ,  0.    ,  0.    ,  1.    ,
       -0.1327,  0.0364,  0.6072, -0.1765, -0.6644,  0.0012,  1.    ]), 'next_observations': array([-0.0975, -0.3619, -1.    ,  0.    ,  0.    ,  0.    ,  1.    ,
        0.0363,  0.1347, -0.6067,  0.6637, -0.1788,  0.    ,  1.    ,
        0.    ,  0.    ,  0.    ,  0.    , -0.5355, -1.386 ,  2.1278,
       -2.3212, -1.5802, -0.0071,  2.8748, -1.2802,  2.024 , -2.3193,
       -1.4608,  0.2709,  3.3635, -0.5242, -6.7728,  1.1679,  0.2102,
       -2.1808, -0.0846,  0.2024, -0.0097,  0.0063, -0.0029,  0.0291,
        0.0021,  0.0024,  0.0011, -0.1357,  0.0088,  0.0403, -0.0062,
       -0.027 ,  0.0037,  0.0404,  0.3495,  0.0217, -0.1004,  0.2132,
       -0.1067, -0.0012, -0.0018,  0.0048,  0.0107,  0.0016, -0.0061,
       -0.0091,  0.0036,  0.0091, -0.0343, -0.0868, -0.0025, -0.8424,
       -0.883 , -0.1927,  0.5   ,  0.5   ,  0.5   , -0.3424, -0.383 ,
        0.3073], dtype=float32), 'rewards': -6.284901755610774, 'masks': 1.0, 'dones': False}, {'observations': array([-0.0975, -0.3619, -1.    ,  0.    ,  0.    ,  0.    ,  1.    ,
        0.0363,  0.1347, -0.6067,  0.6637, -0.1788,  0.    ,  1.    ,
        0.    ,  0.    ,  0.    ,  0.    , -0.5355, -1.386 ,  2.1278,
       -2.3212, -1.5802, -0.0071,  2.8748, -1.2802,  2.024 , -2.3193,
       -1.4608,  0.2709,  3.3635, -0.5242, -6.7728,  1.1679,  0.2102,
       -2.1808, -0.0846,  0.2024, -0.0097,  0.0063, -0.0029,  0.0291,
        0.0021,  0.0024,  0.0011, -0.1357,  0.0088,  0.0403, -0.0062,
       -0.027 ,  0.0037,  0.0404,  0.3495,  0.0217, -0.1004,  0.2132,
       -0.1067, -0.0012, -0.0018,  0.0048,  0.0107,  0.0016, -0.0061,
       -0.0091,  0.0036,  0.0091, -0.0343, -0.0868, -0.0025, -0.8424,
       -0.883 , -0.1927,  0.5   ,  0.5   ,  0.5   , -0.3424, -0.383 ,
        0.3073], dtype=float32), 'actions': array([-0.3329,  0.0884,  0.9989,  0.0211, -0.0057,  0.0001,  1.    ,
        0.0019,  0.0005,  0.5395, -0.1882, -0.7065,  0.0013,  1.    ]), 'next_observations': array([-0.0885, -0.3295, -1.    ,  0.0057,  0.0211,  0.    ,  1.    ,
        0.    ,  0.    , -0.5395,  0.706 , -0.1897,  0.    ,  1.    ,
        0.    ,  0.    ,  0.    ,  0.    , -0.5303, -1.3873,  2.1273,
       -2.3181, -1.5818, -0.0018,  2.8711, -1.2825,  2.0248, -2.3154,
       -1.4436,  0.2665,  3.5879, -0.5337, -6.754 ,  1.4587, -0.2189,
       -2.5558, -0.0847,  0.2002, -0.0098,  0.004 , -0.0021,  0.0285,
        0.0018,  0.0028,  0.0011, -0.1355,  0.0089,  0.0396, -0.0077,
       -0.031 ,  0.0035,  0.0433,  0.3751,  0.0141, -0.0767,  0.252 ,
       -0.0939, -0.0373,  0.0049, -0.0111,  0.0428,  0.0112,  0.02  ,
        0.0017,  0.0027, -0.0123, -0.0066, -0.0451, -0.0008, -0.8424,
       -0.883 , -0.1927,  0.5   ,  0.5   ,  0.5   , -0.3424, -0.383 ,
        0.3073], dtype=float32), 'rewards': -6.153552397231521, 'masks': 1.0, 'dones': False}, {'observations': array([-0.0885, -0.3295, -1.    ,  0.0057,  0.0211,  0.    ,  1.    ,
        0.    ,  0.    , -0.5395,  0.706 , -0.1897,  0.    ,  1.    ,
        0.    ,  0.    ,  0.    ,  0.    , -0.5303, -1.3873,  2.1273,
       -2.3181, -1.5818, -0.0018,  2.8711, -1.2825,  2.0248, -2.3154,
       -1.4436,  0.2665,  3.5879, -0.5337, -6.754 ,  1.4587, -0.2189,
       -2.5558, -0.0847,  0.2002, -0.0098,  0.004 , -0.0021,  0.0285,
        0.0018,  0.0028,  0.0011, -0.1355,  0.0089,  0.0396, -0.0077,
       -0.031 ,  0.0035,  0.0433,  0.3751,  0.0141, -0.0767,  0.252 ,
       -0.0939, -0.0373,  0.0049, -0.0111,  0.0428,  0.0112,  0.02  ,
        0.0017,  0.0027, -0.0123, -0.0066, -0.0451, -0.0008, -0.8424,
       -0.883 , -0.1927,  0.5   ,  0.5   ,  0.5   , -0.3424, -0.383 ,
        0.3073], dtype=float32), 'actions': array([-0.313 ,  0.0848,  0.9989,  0.06  , -0.0164,  0.0002,  1.    ,
        0.0018,  0.0005,  0.5193, -0.1882, -0.6925,  0.0013,  1.    ]), 'next_observations': array([-0.0818, -0.3104, -1.    ,  0.0158,  0.0601,  0.    ,  1.    ,
        0.    ,  0.    , -0.5193,  0.694 , -0.1828,  0.    ,  1.    ,
        0.9184,  1.    ,  0.9694,  1.    , -0.5243, -1.3797,  2.1311,
       -2.3329, -1.5818,  0.0039,  2.8683, -1.2758,  2.0296, -2.3283,
       -1.4287,  0.2635,  3.1954, -1.1225, -4.8803,  1.2822, -0.5906,
       -2.3653, -0.086 ,  0.1976, -0.0084,  0.0013, -0.0018,  0.0308,
        0.0026,  0.0028,  0.0011, -0.1356,  0.0088,  0.0434, -0.0083,
       -0.0347,  0.0034,  0.0758,  0.3583,  0.0251, -0.0408,  0.2766,
       -0.0791,  0.0006, -0.0006,  0.0796,  0.0116, -0.0158, -0.0128,
        0.0036, -0.0119,  0.0335, -0.0073, -0.1681,  0.014 , -0.8424,
       -0.883 , -0.1927,  0.5   ,  0.5   ,  0.5   , -0.3424, -0.383 ,
        0.3073], dtype=float32), 'rewards': -3.211723034873322, 'masks': 1.0, 'dones': False}, {'observations': array([-0.0818, -0.3104, -1.    ,  0.0158,  0.0601,  0.    ,  1.    ,
        0.    ,  0.    , -0.5193,  0.694 , -0.1828,  0.    ,  1.    ,
        0.9184,  1.    ,  0.9694,  1.    , -0.5243, -1.3797,  2.1311,
       -2.3329, -1.5818,  0.0039,  2.8683, -1.2758,  2.0296, -2.3283,
       -1.4287,  0.2635,  3.1954, -1.1225, -4.8803,  1.2822, -0.5906,
       -2.3653, -0.086 ,  0.1976, -0.0084,  0.0013, -0.0018,  0.0308,
        0.0026,  0.0028,  0.0011, -0.1356,  0.0088,  0.0434, -0.0083,
       -0.0347,  0.0034,  0.0758,  0.3583,  0.0251, -0.0408,  0.2766,
       -0.0791,  0.0006, -0.0006,  0.0796,  0.0116, -0.0158, -0.0128,
        0.0036, -0.0119,  0.0335, -0.0073, -0.1681,  0.014 , -0.8424,
       -0.883 , -0.1927,  0.5   ,  0.5   ,  0.5   , -0.3424, -0.383 ,
        0.3073], dtype=float32), 'actions': array([-0.264 ,  0.0729,  0.9991,  0.0858, -0.024 ,  0.0003,  1.    ,
        0.0015,  0.0004,  0.4151, -0.1587, -0.5716,  0.0011,  1.    ]), 'next_observations': array([-0.0675, -0.262 , -1.    ,  0.0222,  0.0863,  0.    ,  1.    ,
        0.    ,  0.    , -0.4151,  0.5745, -0.1479,  0.    ,  1.    ,
        0.4184,  1.    ,  0.3673,  1.    , -0.5231, -1.3748,  2.1341,
       -2.3416, -1.5823,  0.0058,  2.8637, -1.2701,  2.0344, -2.34  ,
       -1.4082,  0.2591,  3.3298, -2.5171, -3.9937,  2.5198, -2.5656,
       -0.5448, -0.086 ,  0.1971, -0.0103,  0.0007, -0.0016,  0.0346,
        0.0029,  0.0029,  0.0012, -0.1355,  0.0089,  0.0453, -0.009 ,
       -0.0373,  0.0033,  0.1812,  0.3658,  0.0066,  0.1282,  0.4153,
       -0.0807, -0.0051,  0.004 , -0.0101,  0.009 ,  0.0171, -0.0139,
        0.0029, -0.008 ,  0.0194, -0.0016, -0.1496,  0.0074, -0.8424,
       -0.883 , -0.1927,  0.5   ,  0.5   ,  0.5   , -0.3424, -0.383 ,
        0.3073], dtype=float32), 'rewards': -3.21533879032763, 'masks': 1.0, 'dones': False}, {'observations': array([-0.0675, -0.262 , -1.    ,  0.0222,  0.0863,  0.    ,  1.    ,
        0.    ,  0.    , -0.4151,  0.5745, -0.1479,  0.    ,  1.    ,
        0.4184,  1.    ,  0.3673,  1.    , -0.5231, -1.3748,  2.1341,
       -2.3416, -1.5823,  0.0058,  2.8637, -1.2701,  2.0344, -2.34  ,
       -1.4082,  0.2591,  3.3298, -2.5171, -3.9937,  2.5198, -2.5656,
       -0.5448, -0.086 ,  0.1971, -0.0103,  0.0007, -0.0016,  0.0346,
        0.0029,  0.0029,  0.0012, -0.1355,  0.0089,  0.0453, -0.009 ,
       -0.0373,  0.0033,  0.1812,  0.3658,  0.0066,  0.1282,  0.4153,
       -0.0807, -0.0051,  0.004 , -0.0101,  0.009 ,  0.0171, -0.0139,
        0.0029, -0.008 ,  0.0194, -0.0016, -0.1496,  0.0074, -0.8424,
       -0.883 , -0.1927,  0.5   ,  0.5   ,  0.5   , -0.3424, -0.383 ,
        0.3073], dtype=float32), 'actions': array([0., 0., 0., 0., 0., 0., 1., 0., 0., 0., 0., 0., 0., 1.]), 'next_observations': array([ 0.    ,  0.    ,  0.    ,  0.    ,  0.    ,  0.    ,  1.    ,
        0.    ,  0.    ,  0.    ,  0.    ,  0.    ,  0.    ,  1.    ,
        0.2347,  1.    ,  0.2653,  1.    , -0.5176, -1.3704,  2.1407,
       -2.3664, -1.5895,  0.005 ,  2.8626, -1.267 ,  2.0372, -2.3458,
       -1.4037,  0.2576,  5.7027, -5.8716, -3.7866,  4.0759, -4.881 ,
       -0.1735, -0.0866,  0.1956, -0.009 , -0.0012, -0.0011,  0.0367,
        0.0064,  0.0047, -0.0003, -0.1352,  0.0086,  0.0487, -0.0093,
       -0.0409,  0.0034,  0.5087,  0.637 , -0.0105,  0.3329,  0.5844,
       -0.0845, -0.0005,  0.0021, -0.0121,  0.0344,  0.01  , -0.0211,
       -0.0021, -0.0066,  0.0209,  0.0111, -0.1153, -0.004 , -0.8424,
       -0.883 , -0.1927,  0.5   ,  0.5   ,  0.5   , -0.3424, -0.383 ,
        0.3073], dtype=float32), 'rewards': -3.2134727583063745, 'masks': 1.0, 'dones': False}, {'observations': array([ 0.    ,  0.    ,  0.    ,  0.    ,  0.    ,  0.    ,  1.    ,
        0.    ,  0.    ,  0.    ,  0.    ,  0.    ,  0.    ,  1.    ,
        0.2347,  1.    ,  0.2653,  1.    , -0.5176, -1.3704,  2.1407,
       -2.3664, -1.5895,  0.005 ,  2.8626, -1.267 ,  2.0372, -2.3458,
       -1.4037,  0.2576,  5.7027, -5.8716, -3.7866,  4.0759, -4.881 ,
       -0.1735, -0.0866,  0.1956, -0.009 , -0.0012, -0.0011,  0.0367,
        0.0064,  0.0047, -0.0003, -0.1352,  0.0086,  0.0487, -0.0093,
       -0.0409,  0.0034,  0.5087,  0.637 , -0.0105,  0.3329,  0.5844,
       -0.0845, -0.0005,  0.0021, -0.0121,  0.0344,  0.01  , -0.0211,
       -0.0021, -0.0066,  0.0209,  0.0111, -0.1153, -0.004 , -0.8424,
       -0.883 , -0.1927,  0.5   ,  0.5   ,  0.5   , -0.3424, -0.383 ,
        0.3073], dtype=float32), 'actions': array([0., 0., 0., 0., 0., 0., 1., 0., 0., 0., 0., 0., 0., 1.]), 'next_observations': array([ 0.    ,  0.    ,  0.    ,  0.    ,  0.    ,  0.    ,  1.    ,
        0.    ,  0.    ,  0.    ,  0.    ,  0.    ,  0.    ,  1.    ,
        0.2347,  1.    ,  0.2755,  1.    , -0.5179, -1.3704,  2.1403,
       -2.3652, -1.5891,  0.0058,  2.8582, -1.2618,  2.039 , -2.3555,
       -1.3863,  0.2535,  5.0856, -7.6878, -2.0441,  3.9962, -6.9719,
       -1.2291, -0.0875,  0.1965, -0.007 , -0.0011, -0.0012,  0.0367,
        0.0061,  0.0046, -0.0001, -0.1349,  0.0074,  0.0507, -0.0096,
       -0.0453,  0.0033,  0.6849,  0.6177, -0.0421,  0.5082,  0.6308,
       -0.1467,  0.0013,  0.    , -0.0029, -0.0384, -0.0037,  0.0029,
       -0.0048, -0.0022, -0.0163,  0.0525,  0.0816, -0.0039, -0.8424,
       -0.883 , -0.1927,  0.5   ,  0.5   ,  0.5   , -0.3424, -0.383 ,
        0.3073], dtype=float32), 'rewards': -3.059628218134772, 'masks': 1.0, 'dones': False}, {'observations': array([ 0.    ,  0.    ,  0.    ,  0.    ,  0.    ,  0.    ,  1.    ,
        0.    ,  0.    ,  0.    ,  0.    ,  0.    ,  0.    ,  1.    ,
        0.2347,  1.    ,  0.2755,  1.    , -0.5179, -1.3704,  2.1403,
       -2.3652, -1.5891,  0.0058,  2.8582, -1.2618,  2.039 , -2.3555,
       -1.3863,  0.2535,  5.0856, -7.6878, -2.0441,  3.9962, -6.9719,
       -1.2291, -0.0875,  0.1965, -0.007 , -0.0011, -0.0012,  0.0367,
        0.0061,  0.0046, -0.0001, -0.1349,  0.0074,  0.0507, -0.0096,
       -0.0453,  0.0033,  0.6849,  0.6177, -0.0421,  0.5082,  0.6308,
       -0.1467,  0.0013,  0.    , -0.0029, -0.0384, -0.0037,  0.0029,
       -0.0048, -0.0022, -0.0163,  0.0525,  0.0816, -0.0039, -0.8424,
       -0.883 , -0.1927,  0.5   ,  0.5   ,  0.5   , -0.3424, -0.383 ,
        0.3073], dtype=float32), 'actions': array([ 0.0034,  0.    , -1.    , -0.0275,  0.0078,  0.015 ,  0.    ,
       -0.0035, -0.0009, -1.    , -0.0041, -0.0146,  0.    ,  0.    ]), 'next_observations': array([ 0.    ,  0.    ,  1.    , -0.007 , -0.0277, -0.0151,  0.    ,
        0.    ,  0.    ,  1.    ,  0.0147, -0.0037,  0.    ,  0.    ,
        0.2347,  1.    ,  0.3163,  1.    , -0.5186, -1.3705,  2.1397,
       -2.3654, -1.5896,  0.0057,  2.8605, -1.2647,  2.0377, -2.3493,
       -1.3986,  0.2553,  3.4081, -5.7431, -0.9085,  2.4957, -5.366 ,
       -0.4672, -0.0871,  0.1969, -0.0077, -0.0007, -0.0015,  0.0364,
        0.0064,  0.0047,  0.0001, -0.1347,  0.0079,  0.0496, -0.0094,
       -0.0422,  0.0033,  0.5289,  0.4406, -0.0202,  0.4128,  0.5188,
       -0.1945, -0.0002,  0.0033,  0.0031, -0.0073,  0.0087, -0.0035,
        0.0052,  0.004 , -0.0006, -0.0121,  0.0707,  0.0014, -0.8424,
       -0.883 , -0.1927,  0.5   ,  0.5   ,  0.5   , -0.3424, -0.383 ,
        0.3073], dtype=float32), 'rewards': -3.425927766992498, 'masks': 1.0, 'dones': False}, {'observations': array([ 0.    ,  0.    ,  1.    , -0.007 , -0.0277, -0.0151,  0.    ,
        0.    ,  0.    ,  1.    ,  0.0147, -0.0037,  0.    ,  0.    ,
        0.2347,  1.    ,  0.3163,  1.    , -0.5186, -1.3705,  2.1397,
       -2.3654, -1.5896,  0.0057,  2.8605, -1.2647,  2.0377, -2.3493,
       -1.3986,  0.2553,  3.4081, -5.7431, -0.9085,  2.4957, -5.366 ,
       -0.4672, -0.0871,  0.1969, -0.0077, -0.0007, -0.0015,  0.0364,
        0.0064,  0.0047,  0.0001, -0.1347,  0.0079,  0.0496, -0.0094,
       -0.0422,  0.0033,  0.5289,  0.4406, -0.0202,  0.4128,  0.5188,
       -0.1945, -0.0002,  0.0033,  0.0031, -0.0073,  0.0087, -0.0035,
        0.0052,  0.004 , -0.0006, -0.0121,  0.0707,  0.0014, -0.8424,
       -0.883 , -0.1927,  0.5   ,  0.5   ,  0.5   , -0.3424, -0.383 ,
        0.3073], dtype=float32), 'actions': array([ 0.0034,  0.    , -1.    ,  0.    ,  0.    ,  0.    ,  0.    ,
       -0.0035, -0.0009, -1.    ,  0.    ,  0.    ,  0.    ,  0.    ]), 'next_observations': array([ 0.    ,  0.    ,  1.    ,  0.    ,  0.    ,  0.    ,  0.    ,
        0.    ,  0.    ,  1.    ,  0.    ,  0.    ,  0.    ,  0.    ,
        0.2347,  1.    ,  0.2653,  1.    , -0.5181, -1.3812,  2.1336,
       -2.3489, -1.5905,  0.0062,  2.8605, -1.2677,  2.0364, -2.3445,
       -1.3985,  0.2552,  2.9326, -3.4991,  0.6605,  2.5043, -4.6254,
        0.0593, -0.0871,  0.1968, -0.0036, -0.0008, -0.0015,  0.0307,
        0.0064,  0.0049,  0.0001, -0.1348,  0.008 ,  0.0481, -0.0095,
       -0.0422,  0.0033,  0.3661,  0.3594, -0.0136,  0.3547,  0.5015,
       -0.1828,  0.0007, -0.0078, -0.0663,  0.0542,  0.0179,  0.0038,
       -0.0006, -0.0031, -0.0678,  0.0127, -0.046 , -0.0067, -0.8424,
       -0.883 , -0.1927,  0.5   ,  0.5   ,  0.5   , -0.3424, -0.383 ,
        0.3073], dtype=float32), 'rewards': -3.0321535844653247, 'masks': 1.0, 'dones': False}, {'observations': array([ 0.    ,  0.    ,  1.    ,  0.    ,  0.    ,  0.    ,  0.    ,
        0.    ,  0.    ,  1.    ,  0.    ,  0.    ,  0.    ,  0.    ,
        0.2347,  1.    ,  0.2653,  1.    , -0.5181, -1.3812,  2.1336,
       -2.3489, -1.5905,  0.0062,  2.8605, -1.2677,  2.0364, -2.3445,
       -1.3985,  0.2552,  2.9326, -3.4991,  0.6605,  2.5043, -4.6254,
        0.0593, -0.0871,  0.1968, -0.0036, -0.0008, -0.0015,  0.0307,
        0.0064,  0.0049,  0.0001, -0.1348,  0.008 ,  0.0481, -0.0095,
       -0.0422,  0.0033,  0.3661,  0.3594, -0.0136,  0.3547,  0.5015,
       -0.1828,  0.0007, -0.0078, -0.0663,  0.0542,  0.0179,  0.0038,
       -0.0006, -0.0031, -0.0678,  0.0127, -0.046 , -0.0067, -0.8424,
       -0.883 , -0.1927,  0.5   ,  0.5   ,  0.5   , -0.3424, -0.383 ,
        0.3073], dtype=float32), 'actions': array([ 0.0034,  0.    , -1.    ,  0.    ,  0.    ,  0.    ,  0.    ,
       -0.0035, -0.0009, -1.    ,  0.    ,  0.    ,  0.    ,  0.    ]), 'next_observations': array([ 0.    ,  0.    ,  1.    ,  0.    ,  0.    ,  0.    ,  0.    ,
        0.    ,  0.    ,  1.    ,  0.    ,  0.    ,  0.    ,  0.    ,
        0.2347,  1.    ,  0.2551,  1.    , -0.5183, -1.3945,  2.1268,
       -2.3285, -1.5909,  0.0057,  2.8605, -1.2799,  2.03  , -2.3247,
       -1.4017,  0.2552,  2.2946, -3.123 ,  1.2161,  2.1446, -3.8623,
        0.2676, -0.0867,  0.1971, -0.0036, -0.0007, -0.0013,  0.024 ,
        0.0064,  0.005 ,  0.0001, -0.1344,  0.008 ,  0.0414, -0.0096,
       -0.0413,  0.0033,  0.3057,  0.3045, -0.0014,  0.2759,  0.4718,
       -0.178 ,  0.0041, -0.0022, -0.0697,  0.0257,  0.0036,  0.0054,
       -0.0002, -0.0018, -0.0421,  0.0307,  0.0261, -0.0052, -0.8424,
       -0.883 , -0.1927,  0.5   ,  0.5   ,  0.5   , -0.3424, -0.383 ,
        0.3073], dtype=float32), 'rewards': -3.019460284091323, 'masks': 1.0, 'dones': False}, {'observations': array([ 0.    ,  0.    ,  1.    ,  0.    ,  0.    ,  0.    ,  0.    ,
        0.    ,  0.    ,  1.    ,  0.    ,  0.    ,  0.    ,  0.    ,
        0.2347,  1.    ,  0.2551,  1.    , -0.5183, -1.3945,  2.1268,
       -2.3285, -1.5909,  0.0057,  2.8605, -1.2799,  2.03  , -2.3247,
       -1.4017,  0.2552,  2.2946, -3.123 ,  1.2161,  2.1446, -3.8623,
        0.2676, -0.0867,  0.1971, -0.0036, -0.0007, -0.0013,  0.024 ,
        0.0064,  0.005 ,  0.0001, -0.1344,  0.008 ,  0.0414, -0.0096,
       -0.0413,  0.0033,  0.3057,  0.3045, -0.0014,  0.2759,  0.4718,
       -0.178 ,  0.0041, -0.0022, -0.0697,  0.0257,  0.0036,  0.0054,
       -0.0002, -0.0018, -0.0421,  0.0307,  0.0261, -0.0052, -0.8424,
       -0.883 , -0.1927,  0.5   ,  0.5   ,  0.5   , -0.3424, -0.383 ,
        0.3073], dtype=float32), 'actions': array([ 0.0034,  0.    , -1.    ,  0.    ,  0.    ,  0.    ,  0.    ,
       -0.0035, -0.0009, -1.    ,  0.    ,  0.    ,  0.    ,  0.    ]), 'next_observations': array([ 0.    ,  0.    ,  1.    ,  0.    ,  0.    ,  0.    ,  0.    ,
        0.    ,  0.    ,  1.    ,  0.    ,  0.    ,  0.    ,  0.    ,
        0.2347,  1.    ,  0.2551,  1.    , -0.5182, -1.4055,  2.1195,
       -2.3125, -1.5914,  0.006 ,  2.8607, -1.2939,  2.0223, -2.3031,
       -1.4025,  0.2547,  1.2287, -2.3115,  0.8355,  1.393 , -1.6028,
        1.3354, -0.087 ,  0.1973, -0.005 , -0.0006, -0.0017,  0.0175,
        0.0069,  0.0051,  0.0002, -0.1345,  0.008 ,  0.0335, -0.0095,
       -0.0412,  0.0031,  0.19  ,  0.2124,  0.0058,  0.1099,  0.4052,
       -0.1481, -0.0012, -0.0052,  0.0518,  0.044 ,  0.001 ,  0.0073,
        0.0022,  0.0013, -0.0103, -0.0107,  0.0025, -0.0032, -0.8424,
       -0.883 , -0.1927,  0.5   ,  0.5   ,  0.5   , -0.3424, -0.383 ,
        0.3073], dtype=float32), 'rewards': -3.0038173645579147, 'masks': 1.0, 'dones': False}, {'observations': array([ 0.    ,  0.    ,  1.    ,  0.    ,  0.    ,  0.    ,  0.    ,
        0.    ,  0.    ,  1.    ,  0.    ,  0.    ,  0.    ,  0.    ,
        0.2347,  1.    ,  0.2551,  1.    , -0.5182, -1.4055,  2.1195,
       -2.3125, -1.5914,  0.006 ,  2.8607, -1.2939,  2.0223, -2.3031,
       -1.4025,  0.2547,  1.2287, -2.3115,  0.8355,  1.393 , -1.6028,
        1.3354, -0.087 ,  0.1973, -0.005 , -0.0006, -0.0017,  0.0175,
        0.0069,  0.0051,  0.0002, -0.1345,  0.008 ,  0.0335, -0.0095,
       -0.0412,  0.0031,  0.19  ,  0.2124,  0.0058,  0.1099,  0.4052,
       -0.1481, -0.0012, -0.0052,  0.0518,  0.044 ,  0.001 ,  0.0073,
        0.0022,  0.0013, -0.0103, -0.0107,  0.0025, -0.0032, -0.8424,
       -0.883 , -0.1927,  0.5   ,  0.5   ,  0.5   , -0.3424, -0.383 ,
        0.3073], dtype=float32), 'actions': array([ 0.0034,  0.    , -1.    ,  0.    ,  0.    ,  0.    ,  0.    ,
       -0.0035, -0.0009, -1.    ,  0.    ,  0.    ,  0.    ,  0.    ]), 'next_observations': array([ 0.    ,  0.    ,  1.    ,  0.    ,  0.    ,  0.    ,  0.    ,
        0.    ,  0.    ,  1.    ,  0.    ,  0.    ,  0.    ,  0.    ,
        0.2347,  1.    ,  0.2551,  1.    , -0.5181, -1.4088,  2.1169,
       -2.3041, -1.5914,  0.0059,  2.8608, -1.3026,  2.017 , -2.2885,
       -1.4032,  0.2546,  1.1324, -1.5091,  1.0603,  1.5335, -1.229 ,
        1.6685, -0.0869,  0.1972, -0.0083, -0.0006, -0.0016,  0.0157,
        0.0063,  0.0051,  0.0001, -0.1344,  0.008 ,  0.0284, -0.0096,
       -0.041 ,  0.0031,  0.1011,  0.1728,  0.0148,  0.0554,  0.4087,
       -0.1481,  0.0007, -0.0064,  0.0112,  0.0383,  0.0099,  0.0125,
       -0.0002,  0.0005, -0.0062, -0.0123,  0.0047, -0.0018, -0.8424,
       -0.883 , -0.1927,  0.5   ,  0.5   ,  0.5   , -0.3424, -0.383 ,
        0.3073], dtype=float32), 'rewards': -3.0075428126536967, 'masks': 1.0, 'dones': False}, {'observations': array([ 0.    ,  0.    ,  1.    ,  0.    ,  0.    ,  0.    ,  0.    ,
        0.    ,  0.    ,  1.    ,  0.    ,  0.    ,  0.    ,  0.    ,
        0.2347,  1.    ,  0.2551,  1.    , -0.5181, -1.4088,  2.1169,
       -2.3041, -1.5914,  0.0059,  2.8608, -1.3026,  2.017 , -2.2885,
       -1.4032,  0.2546,  1.1324, -1.5091,  1.0603,  1.5335, -1.229 ,
        1.6685, -0.0869,  0.1972, -0.0083, -0.0006, -0.0016,  0.0157,
        0.0063,  0.0051,  0.0001, -0.1344,  0.008 ,  0.0284, -0.0096,
       -0.041 ,  0.0031,  0.1011,  0.1728,  0.0148,  0.0554,  0.4087,
       -0.1481,  0.0007, -0.0064,  0.0112,  0.0383,  0.0099,  0.0125,
       -0.0002,  0.0005, -0.0062, -0.0123,  0.0047, -0.0018, -0.8424,
       -0.883 , -0.1927,  0.5   ,  0.5   ,  0.5   , -0.3424, -0.383 ,
        0.3073], dtype=float32), 'actions': array([ 0.0034,  0.    , -1.    ,  0.    ,  0.    ,  0.    ,  0.    ,
       -0.0035, -0.0009, -1.    ,  0.    ,  0.    ,  0.    ,  0.    ]), 'next_observations': array([ 0.    ,  0.    ,  1.    ,  0.    ,  0.    ,  0.    ,  0.    ,
        0.    ,  0.    ,  1.    ,  0.    ,  0.    ,  0.    ,  0.    ,
        0.2347,  1.    ,  0.2551,  1.    , -0.5181, -1.423 ,  2.1075,
       -2.2832, -1.5922,  0.0063,  2.8613, -1.3134,  2.0105, -2.2686,
       -1.4043,  0.2544,  0.4341, -1.8839,  2.2336,  1.53  , -0.5945,
        2.9874, -0.0867,  0.1972, -0.0052, -0.0005, -0.0018,  0.0074,
        0.007 ,  0.0053,  0.0002, -0.1345,  0.0084,  0.0232, -0.0102,
       -0.0406,  0.003 ,  0.0745,  0.1079, -0.003 , -0.0237,  0.3804,
       -0.1403,  0.0002,  0.0073, -0.0343, -0.0514,  0.0002,  0.0002,
       -0.0001, -0.0023, -0.0562,  0.0054, -0.0012, -0.0004, -0.8424,
       -0.883 , -0.1927,  0.5   ,  0.5   ,  0.5   , -0.3424, -0.383 ,
        0.3073], dtype=float32), 'rewards': -3.00748672657167, 'masks': 1.0, 'dones': False}, {'observations': array([ 0.    ,  0.    ,  1.    ,  0.    ,  0.    ,  0.    ,  0.    ,
        0.    ,  0.    ,  1.    ,  0.    ,  0.    ,  0.    ,  0.    ,
        0.2347,  1.    ,  0.2551,  1.    , -0.5181, -1.423 ,  2.1075,
       -2.2832, -1.5922,  0.0063,  2.8613, -1.3134,  2.0105, -2.2686,
       -1.4043,  0.2544,  0.4341, -1.8839,  2.2336,  1.53  , -0.5945,
        2.9874, -0.0867,  0.1972, -0.0052, -0.0005, -0.0018,  0.0074,
        0.007 ,  0.0053,  0.0002, -0.1345,  0.0084,  0.0232, -0.0102,
       -0.0406,  0.003 ,  0.0745,  0.1079, -0.003 , -0.0237,  0.3804,
       -0.1403,  0.0002,  0.0073, -0.0343, -0.0514,  0.0002,  0.0002,
       -0.0001, -0.0023, -0.0562,  0.0054, -0.0012, -0.0004, -0.8424,
       -0.883 , -0.1927,  0.5   ,  0.5   ,  0.5   , -0.3424, -0.383 ,
        0.3073], dtype=float32), 'actions': array([ 0.0005,  0.    , -0.1563, -0.005 , -0.0178, -0.    ,  0.    ,
        0.    ,  0.    ,  0.    ,  0.    ,  0.    ,  0.    ,  0.    ]), 'next_observations': array([ 0.    ,  0.    ,  0.1563, -0.0179,  0.0045,  0.    ,  0.    ,
        0.    ,  0.    ,  0.    ,  0.    ,  0.    ,  0.    ,  0.    ,
        0.2347,  1.    ,  0.2551,  1.    , -0.5183, -1.431 ,  2.1016,
       -2.2692, -1.5921,  0.006 ,  2.8612, -1.3235,  2.0038, -2.2498,
       -1.4049,  0.2544,  0.1652, -0.8823,  2.3028,  1.2487, -0.9588,
        2.0376, -0.0867,  0.1973, -0.0073, -0.0004, -0.0019,  0.0027,
        0.007 ,  0.0053,  0.0002, -0.1344,  0.0085,  0.0163, -0.0106,
       -0.0403,  0.003 ,  0.007 ,  0.0672,  0.0213, -0.0281,  0.3497,
       -0.1244,  0.0005,  0.0032, -0.01  , -0.0303,  0.0058,  0.0013,
       -0.0011, -0.0036, -0.0581,  0.008 , -0.0032,  0.0054, -0.8424,
       -0.883 , -0.1927,  0.5   ,  0.5   ,  0.5   , -0.3424, -0.383 ,
        0.3073], dtype=float32), 'rewards': -2.978497628876216, 'masks': 1.0, 'dones': False}, {'observations': array([ 0.    ,  0.    ,  0.1563, -0.0179,  0.0045,  0.    ,  0.    ,
        0.    ,  0.    ,  0.    ,  0.    ,  0.    ,  0.    ,  0.    ,
        0.2347,  1.    ,  0.2551,  1.    , -0.5183, -1.431 ,  2.1016,
       -2.2692, -1.5921,  0.006 ,  2.8612, -1.3235,  2.0038, -2.2498,
       -1.4049,  0.2544,  0.1652, -0.8823,  2.3028,  1.2487, -0.9588,
        2.0376, -0.0867,  0.1973, -0.0073, -0.0004, -0.0019,  0.0027,
        0.007 ,  0.0053,  0.0002, -0.1344,  0.0085,  0.0163, -0.0106,
       -0.0403,  0.003 ,  0.007 ,  0.0672,  0.0213, -0.0281,  0.3497,
       -0.1244,  0.0005,  0.0032, -0.01  , -0.0303,  0.0058,  0.0013,
       -0.0011, -0.0036, -0.0581,  0.008 , -0.0032,  0.0054, -0.8424,
       -0.883 , -0.1927,  0.5   ,  0.5   ,  0.5   , -0.3424, -0.383 ,
        0.3073], dtype=float32), 'actions': array([0., 0., 0., 0., 0., 0., 0., 0., 0., 0., 0., 0., 0., 0.]), 'next_observations': array([ 0.    ,  0.    ,  0.    ,  0.    ,  0.    ,  0.    ,  0.    ,
        0.    ,  0.    ,  0.    ,  0.    ,  0.    ,  0.    ,  0.    ,
        0.2347,  1.    ,  0.2551,  1.    , -0.5182, -1.4325,  2.1005,
       -2.2665, -1.592 ,  0.0061,  2.8612, -1.3199,  2.0063, -2.257 ,
       -1.4054,  0.2536,  0.1726,  0.0108,  2.6658,  0.8212, -1.1433,
        1.7623, -0.0867,  0.1974, -0.0043, -0.0004, -0.0019,  0.0018,
        0.007 ,  0.0053,  0.0002, -0.1344,  0.0084,  0.0185, -0.0103,
       -0.0402,  0.0028, -0.0196,  0.0766,  0.0096, -0.0491,  0.3016,
       -0.1084, -0.0001,  0.0001,  0.0095,  0.0032, -0.0019,  0.0003,
       -0.0008, -0.0016,  0.0018, -0.0064,  0.002 ,  0.0029, -0.8424,
       -0.883 , -0.1927,  0.5   ,  0.5   ,  0.5   , -0.3424, -0.383 ,
        0.3073], dtype=float32), 'rewards': -2.8054560541996656, 'masks': 1.0, 'dones': False}, {'observations': array([ 0.    ,  0.    ,  0.    ,  0.    ,  0.    ,  0.    ,  0.    ,
        0.    ,  0.    ,  0.    ,  0.    ,  0.    ,  0.    ,  0.    ,
        0.2347,  1.    ,  0.2551,  1.    , -0.5182, -1.4325,  2.1005,
       -2.2665, -1.592 ,  0.0061,  2.8612, -1.3199,  2.0063, -2.257 ,
       -1.4054,  0.2536,  0.1726,  0.0108,  2.6658,  0.8212, -1.1433,
        1.7623, -0.0867,  0.1974, -0.0043, -0.0004, -0.0019,  0.0018,
        0.007 ,  0.0053,  0.0002, -0.1344,  0.0084,  0.0185, -0.0103,
       -0.0402,  0.0028, -0.0196,  0.0766,  0.0096, -0.0491,  0.3016,
       -0.1084, -0.0001,  0.0001,  0.0095,  0.0032, -0.0019,  0.0003,
       -0.0008, -0.0016,  0.0018, -0.0064,  0.002 ,  0.0029, -0.8424,
       -0.883 , -0.1927,  0.5   ,  0.5   ,  0.5   , -0.3424, -0.383 ,
        0.3073], dtype=float32), 'actions': array([0., 0., 0., 0., 0., 0., 0., 0., 0., 0., 0., 0., 0., 0.]), 'next_observations': array([ 0.    ,  0.    ,  0.    ,  0.    ,  0.    ,  0.    ,  0.    ,
        0.    ,  0.    ,  0.    ,  0.    ,  0.    ,  0.    ,  0.    ,
        0.2347,  1.    ,  0.2449,  1.    , -0.5182, -1.4305,  2.1014,
       -2.2686, -1.5927,  0.0062,  2.8615, -1.3202,  2.0053, -2.2553,
       -1.406 ,  0.2537,  0.0811,  0.0483,  2.6858,  0.8621, -1.4486,
        1.7765, -0.0867,  0.1975, -0.0053, -0.0004, -0.0019,  0.0029,
        0.0068,  0.0055,  0.0003, -0.1344,  0.0084,  0.0186, -0.0105,
       -0.0401,  0.0028, -0.0227,  0.0613,  0.0095, -0.0363,  0.2943,
       -0.1118, -0.0001, -0.0009, -0.0011,  0.0029,  0.0007,  0.0005,
       -0.0004, -0.0004, -0.0038, -0.0177,  0.0079, -0.001 , -0.8424,
       -0.883 , -0.1927,  0.5   ,  0.5   ,  0.5   , -0.3424, -0.383 ,
        0.3073], dtype=float32), 'rewards': -2.8023941923697913, 'masks': 1.0, 'dones': False}, {'observations': array([ 0.    ,  0.    ,  0.    ,  0.    ,  0.    ,  0.    ,  0.    ,
        0.    ,  0.    ,  0.    ,  0.    ,  0.    ,  0.    ,  0.    ,
        0.2347,  1.    ,  0.2449,  1.    , -0.5182, -1.4305,  2.1014,
       -2.2686, -1.5927,  0.0062,  2.8615, -1.3202,  2.0053, -2.2553,
       -1.406 ,  0.2537,  0.0811,  0.0483,  2.6858,  0.8621, -1.4486,
        1.7765, -0.0867,  0.1975, -0.0053, -0.0004, -0.0019,  0.0029,
        0.0068,  0.0055,  0.0003, -0.1344,  0.0084,  0.0186, -0.0105,
       -0.0401,  0.0028, -0.0227,  0.0613,  0.0095, -0.0363,  0.2943,
       -0.1118, -0.0001, -0.0009, -0.0011,  0.0029,  0.0007,  0.0005,
       -0.0004, -0.0004, -0.0038, -0.0177,  0.0079, -0.001 , -0.8424,
       -0.883 , -0.1927,  0.5   ,  0.5   ,  0.5   , -0.3424, -0.383 ,
        0.3073], dtype=float32), 'actions': array([-0.0017, -0.    ,  0.4924,  0.    ,  0.    ,  0.    ,  0.    ,
        0.0027,  0.0007,  0.7849,  0.    ,  0.    ,  0.    ,  0.    ]), 'next_observations': array([ 0.    ,  0.    , -0.4924,  0.    ,  0.    ,  0.    ,  0.    ,
        0.    ,  0.    , -0.7849,  0.    ,  0.    ,  0.    ,  0.    ,
        0.2347,  1.    ,  0.2551,  1.    , -0.5182, -1.433 ,  2.0999,
       -2.2644, -1.5901,  0.006 ,  2.8621, -1.3216,  2.004 , -2.2558,
       -1.4067,  0.253 ,  0.3963,  0.1252,  2.7099,  0.9665, -0.7485,
        1.9202, -0.0872,  0.197 , -0.0056, -0.0006, -0.0018,  0.0015,
        0.0067,  0.0048,  0.0002, -0.1348,  0.0081,  0.0169, -0.0096,
       -0.04  ,  0.0024, -0.0185,  0.0836,  0.0103, -0.0701,  0.296 ,
       -0.1086,  0.0011, -0.0013, -0.0009,  0.016 ,  0.0129, -0.0001,
        0.0018, -0.0006,  0.004 , -0.006 ,  0.0107,  0.0018, -0.8424,
       -0.883 , -0.1927,  0.5   ,  0.5   ,  0.5   , -0.3424, -0.383 ,
        0.3073], dtype=float32), 'rewards': -2.9793350737735564, 'masks': 1.0, 'dones': False}, {'observations': array([ 0.    ,  0.    , -0.4924,  0.    ,  0.    ,  0.    ,  0.    ,
        0.    ,  0.    , -0.7849,  0.    ,  0.    ,  0.    ,  0.    ,
        0.2347,  1.    ,  0.2551,  1.    , -0.5182, -1.433 ,  2.0999,
       -2.2644, -1.5901,  0.006 ,  2.8621, -1.3216,  2.004 , -2.2558,
       -1.4067,  0.253 ,  0.3963,  0.1252,  2.7099,  0.9665, -0.7485,
        1.9202, -0.0872,  0.197 , -0.0056, -0.0006, -0.0018,  0.0015,
        0.0067,  0.0048,  0.0002, -0.1348,  0.0081,  0.0169, -0.0096,
       -0.04  ,  0.0024, -0.0185,  0.0836,  0.0103, -0.0701,  0.296 ,
       -0.1086,  0.0011, -0.0013, -0.0009,  0.016 ,  0.0129, -0.0001,
        0.0018, -0.0006,  0.004 , -0.006 ,  0.0107,  0.0018, -0.8424,
       -0.883 , -0.1927,  0.5   ,  0.5   ,  0.5   , -0.3424, -0.383 ,
        0.3073], dtype=float32), 'actions': array([-0.0034, -0.    ,  1.    ,  0.    ,  0.    ,  0.    ,  0.    ,
       -0.0088, -0.0428,  1.0001,  0.    ,  0.    ,  0.    ,  0.    ]), 'next_observations': array([ 0.    ,  0.    , -1.    ,  0.    ,  0.    ,  0.    ,  0.    ,
        0.044 , -0.0111, -1.    ,  0.    ,  0.    ,  0.    ,  0.    ,
        0.2347,  1.    ,  0.2449,  1.    , -0.5182, -1.4228,  2.1067,
       -2.2813, -1.5911,  0.0062,  2.8619, -1.312 ,  2.0099, -2.2698,
       -1.407 ,  0.253 , -0.1253,  0.4688,  2.5112,  0.0235, -0.0688,
        2.5132, -0.0872,  0.1973, -0.0056, -0.0006, -0.0019,  0.0074,
        0.0066,  0.005 ,  0.0002, -0.1346,  0.0081,  0.0228, -0.0101,
       -0.0398,  0.0025, -0.0649,  0.0506,  0.0025, -0.1185,  0.2375,
       -0.1132, -0.    , -0.0019,  0.026 ,  0.0094,  0.0014, -0.0018,
        0.0014,  0.0051,  0.0326, -0.0329,  0.0087,  0.0002, -0.8424,
       -0.883 , -0.1927,  0.5   ,  0.5   ,  0.5   , -0.3424, -0.383 ,
        0.3073], dtype=float32), 'rewards': -3.0329282791846763, 'masks': 1.0, 'dones': False}, {'observations': array([ 0.    ,  0.    , -1.    ,  0.    ,  0.    ,  0.    ,  0.    ,
        0.044 , -0.0111, -1.    ,  0.    ,  0.    ,  0.    ,  0.    ,
        0.2347,  1.    ,  0.2449,  1.    , -0.5182, -1.4228,  2.1067,
       -2.2813, -1.5911,  0.0062,  2.8619, -1.312 ,  2.0099, -2.2698,
       -1.407 ,  0.253 , -0.1253,  0.4688,  2.5112,  0.0235, -0.0688,
        2.5132, -0.0872,  0.1973, -0.0056, -0.0006, -0.0019,  0.0074,
        0.0066,  0.005 ,  0.0002, -0.1346,  0.0081,  0.0228, -0.0101,
       -0.0398,  0.0025, -0.0649,  0.0506,  0.0025, -0.1185,  0.2375,
       -0.1132, -0.    , -0.0019,  0.026 ,  0.0094,  0.0014, -0.0018,
        0.0014,  0.0051,  0.0326, -0.0329,  0.0087,  0.0002, -0.8424,
       -0.883 , -0.1927,  0.5   ,  0.5   ,  0.5   , -0.3424, -0.383 ,
        0.3073], dtype=float32), 'actions': array([-0.0034, -0.    ,  1.    ,  0.    ,  0.    ,  0.    ,  0.    ,
       -0.0298, -0.1172,  1.0002,  0.    ,  0.    ,  0.    ,  0.    ]), 'next_observations': array([ 0.    ,  0.    , -1.    ,  0.    ,  0.    ,  0.    ,  0.    ,
        0.1189, -0.0301, -1.    ,  0.    ,  0.    ,  0.    ,  0.    ,
        0.2449,  1.    ,  0.2551,  1.    , -0.5182, -1.4154,  2.1118,
       -2.293 , -1.5911,  0.0061,  2.8619, -1.3046,  2.0131, -2.2796,
       -1.4072,  0.2529, -0.4987,  0.7455,  3.1837, -0.1023,  0.6613,
        2.8915, -0.0874,  0.1973, -0.0059, -0.0006, -0.0018,  0.0117,
        0.0065,  0.005 ,  0.0002, -0.1347,  0.0078,  0.0268, -0.0101,
       -0.0398,  0.0024, -0.1195,  0.0025,  0.0136, -0.1494,  0.2022,
       -0.0888, -0.0007,  0.0017,  0.0264, -0.0266, -0.0058,  0.0002,
       -0.0005, -0.0012,  0.0257,  0.0094, -0.0015, -0.0025, -0.8424,
       -0.883 , -0.1927,  0.5   ,  0.5   ,  0.5   , -0.3424, -0.383 ,
        0.3073], dtype=float32), 'rewards': -3.00706977117653, 'masks': 1.0, 'dones': False}, {'observations': array([ 0.    ,  0.    , -1.    ,  0.    ,  0.    ,  0.    ,  0.    ,
        0.1189, -0.0301, -1.    ,  0.    ,  0.    ,  0.    ,  0.    ,
        0.2449,  1.    ,  0.2551,  1.    , -0.5182, -1.4154,  2.1118,
       -2.293 , -1.5911,  0.0061,  2.8619, -1.3046,  2.0131, -2.2796,
       -1.4072,  0.2529, -0.4987,  0.7455,  3.1837, -0.1023,  0.6613,
        2.8915, -0.0874,  0.1973, -0.0059, -0.0006, -0.0018,  0.0117,
        0.0065,  0.005 ,  0.0002, -0.1347,  0.0078,  0.0268, -0.0101,
       -0.0398,  0.0024, -0.1195,  0.0025,  0.0136, -0.1494,  0.2022,
       -0.0888, -0.0007,  0.0017,  0.0264, -0.0266, -0.0058,  0.0002,
       -0.0005, -0.0012,  0.0257,  0.0094, -0.0015, -0.0025, -0.8424,
       -0.883 , -0.1927,  0.5   ,  0.5   ,  0.5   , -0.3424, -0.383 ,
        0.3073], dtype=float32), 'actions': array([0., 0., 0., 0., 0., 0., 0., 0., 0., 0., 0., 0., 0., 0.]), 'next_observations': array([ 0.    ,  0.    ,  0.    ,  0.    ,  0.    ,  0.    ,  0.    ,
        0.    ,  0.    ,  0.    ,  0.    ,  0.    ,  0.    ,  0.    ,
        0.2347,  1.    ,  0.2551,  1.    , -0.5182, -1.4055,  2.1185,
       -2.3084, -1.5911,  0.0062,  2.862 , -1.2929,  2.0168, -2.2928,
       -1.4078,  0.2528, -0.7866,  1.121 ,  3.9937,  0.2439,  0.6627,
        3.0214, -0.0878,  0.1973, -0.0055, -0.0006, -0.0017,  0.0175,
        0.0062,  0.005 ,  0.0002, -0.1348,  0.0072,  0.0329, -0.0106,
       -0.0395,  0.0024, -0.142 , -0.0212,  0.01  , -0.1448,  0.1982,
       -0.0761,  0.0001,  0.0036,  0.033 , -0.037 ,  0.0017,  0.0009,
       -0.0035, -0.0085,  0.0284,  0.0296, -0.0052, -0.0039, -0.8424,
       -0.883 , -0.1927,  0.5   ,  0.5   ,  0.5   , -0.3424, -0.383 ,
        0.3073], dtype=float32), 'rewards': -3.0113253256533383, 'masks': 1.0, 'dones': False}, {'observations': array([ 0.    ,  0.    ,  0.    ,  0.    ,  0.    ,  0.    ,  0.    ,
        0.    ,  0.    ,  0.    ,  0.    ,  0.    ,  0.    ,  0.    ,
        0.2347,  1.    ,  0.2551,  1.    , -0.5182, -1.4055,  2.1185,
       -2.3084, -1.5911,  0.0062,  2.862 , -1.2929,  2.0168, -2.2928,
       -1.4078,  0.2528, -0.7866,  1.121 ,  3.9937,  0.2439,  0.6627,
        3.0214, -0.0878,  0.1973, -0.0055, -0.0006, -0.0017,  0.0175,
        0.0062,  0.005 ,  0.0002, -0.1348,  0.0072,  0.0329, -0.0106,
       -0.0395,  0.0024, -0.142 , -0.0212,  0.01  , -0.1448,  0.1982,
       -0.0761,  0.0001,  0.0036,  0.033 , -0.037 ,  0.0017,  0.0009,
       -0.0035, -0.0085,  0.0284,  0.0296, -0.0052, -0.0039, -0.8424,
       -0.883 , -0.1927,  0.5   ,  0.5   ,  0.5   , -0.3424, -0.383 ,
        0.3073], dtype=float32), 'actions': array([0., 0., 0., 0., 0., 0., 0., 0., 0., 0., 0., 0., 0., 0.]), 'next_observations': array([ 0.    ,  0.    ,  0.    ,  0.    ,  0.    ,  0.    ,  0.    ,
        0.    ,  0.    ,  0.    ,  0.    ,  0.    ,  0.    ,  0.    ,
        0.2347,  1.    ,  0.2551,  1.    , -0.5183, -1.4055,  2.1181,
       -2.3102, -1.5909,  0.0061,  2.8622, -1.2937,  2.0167, -2.2929,
       -1.4077,  0.2525, -0.9221,  2.2373,  3.8663, -0.3469,  1.9138,
        3.4111, -0.088 ,  0.1974, -0.0057, -0.0006, -0.002 ,  0.0171,
        0.0067,  0.005 ,  0.0002, -0.1348,  0.0073,  0.0324, -0.0105,
       -0.0396,  0.0023, -0.2185, -0.052 , -0.0068, -0.2343,  0.1395,
       -0.067 ,  0.0013, -0.0038, -0.005 ,  0.0264,  0.0085,  0.0002,
       -0.0009, -0.008 ,  0.0231,  0.0515, -0.0027, -0.0002, -0.8424,
       -0.883 , -0.1927,  0.5   ,  0.5   ,  0.5   , -0.3424, -0.383 ,
        0.3073], dtype=float32), 'rewards': -2.798545670716178, 'masks': 1.0, 'dones': False}, {'observations': array([ 0.    ,  0.    ,  0.    ,  0.    ,  0.    ,  0.    ,  0.    ,
        0.    ,  0.    ,  0.    ,  0.    ,  0.    ,  0.    ,  0.    ,
        0.2347,  1.    ,  0.2551,  1.    , -0.5183, -1.4055,  2.1181,
       -2.3102, -1.5909,  0.0061,  2.8622, -1.2937,  2.0167, -2.2929,
       -1.4077,  0.2525, -0.9221,  2.2373,  3.8663, -0.3469,  1.9138,
        3.4111, -0.088 ,  0.1974, -0.0057, -0.0006, -0.002 ,  0.0171,
        0.0067,  0.005 ,  0.0002, -0.1348,  0.0073,  0.0324, -0.0105,
       -0.0396,  0.0023, -0.2185, -0.052 , -0.0068, -0.2343,  0.1395,
       -0.067 ,  0.0013, -0.0038, -0.005 ,  0.0264,  0.0085,  0.0002,
       -0.0009, -0.008 ,  0.0231,  0.0515, -0.0027, -0.0002, -0.8424,
       -0.883 , -0.1927,  0.5   ,  0.5   ,  0.5   , -0.3424, -0.383 ,
        0.3073], dtype=float32), 'actions': array([0., 0., 0., 0., 0., 0., 0., 0., 0., 0., 0., 0., 0., 0.]), 'next_observations': array([ 0.    ,  0.    ,  0.    ,  0.    ,  0.    ,  0.    ,  0.    ,
        0.    ,  0.    ,  0.    ,  0.    ,  0.    ,  0.    ,  0.    ,
        0.2347,  1.    ,  0.2551,  1.    , -0.5185, -1.4057,  2.1176,
       -2.3099, -1.591 ,  0.0062,  2.8621, -1.2978,  2.0153, -2.2838,
       -1.4079,  0.2524, -0.4757,  1.485 ,  3.5763, -0.386 ,  1.5789,
        2.6927, -0.0875,  0.1974, -0.007 , -0.0005, -0.002 ,  0.0167,
        0.0067,  0.0049,  0.0003, -0.1347,  0.0078,  0.0307, -0.0112,
       -0.0394,  0.0024, -0.1894, -0.0245, -0.007 , -0.2087,  0.1461,
       -0.0704,  0.0034, -0.0029,  0.0001,  0.0129, -0.0008,  0.0072,
       -0.0008, -0.014 ,  0.0366,  0.0726,  0.0221, -0.0026, -0.8424,
       -0.883 , -0.1927,  0.5   ,  0.5   ,  0.5   , -0.3424, -0.383 ,
        0.3073], dtype=float32), 'rewards': -2.806693686336056, 'masks': 1.0, 'dones': False}, {'observations': array([ 0.    ,  0.    ,  0.    ,  0.    ,  0.    ,  0.    ,  0.    ,
        0.    ,  0.    ,  0.    ,  0.    ,  0.    ,  0.    ,  0.    ,
        0.2347,  1.    ,  0.2551,  1.    , -0.5185, -1.4057,  2.1176,
       -2.3099, -1.591 ,  0.0062,  2.8621, -1.2978,  2.0153, -2.2838,
       -1.4079,  0.2524, -0.4757,  1.485 ,  3.5763, -0.386 ,  1.5789,
        2.6927, -0.0875,  0.1974, -0.007 , -0.0005, -0.002 ,  0.0167,
        0.0067,  0.0049,  0.0003, -0.1347,  0.0078,  0.0307, -0.0112,
       -0.0394,  0.0024, -0.1894, -0.0245, -0.007 , -0.2087,  0.1461,
       -0.0704,  0.0034, -0.0029,  0.0001,  0.0129, -0.0008,  0.0072,
       -0.0008, -0.014 ,  0.0366,  0.0726,  0.0221, -0.0026, -0.8424,
       -0.883 , -0.1927,  0.5   ,  0.5   ,  0.5   , -0.3424, -0.383 ,
        0.3073], dtype=float32), 'actions': array([ 0.0034,  0.    , -1.    , -0.0739, -0.2603, -0.0003,  0.    ,
       -0.0027, -0.0007, -0.7781, -0.0002, -0.    , -0.0454,  0.    ]), 'next_observations': array([ 0.    ,  0.    ,  1.    , -0.2623,  0.0665,  0.    ,  0.    ,
        0.    ,  0.    ,  0.7782,  0.    ,  0.    ,  0.0454,  0.    ,
        0.2347,  1.    ,  0.2551,  1.    , -0.5183, -1.4058,  2.1178,
       -2.3075, -1.5905,  0.0062,  2.862 , -1.2951,  2.0158, -2.2862,
       -1.4064,  0.2523,  0.3714,  0.2469,  3.2094,  0.4415,  1.1342,
        2.9601, -0.0876,  0.1971, -0.0061, -0.0006, -0.0018,  0.0172,
        0.0062,  0.0049,  0.0002, -0.1349,  0.0076,  0.032 , -0.0115,
       -0.0397,  0.0024, -0.1062,  0.0455, -0.0233, -0.169 ,  0.1892,
       -0.072 ,  0.0027, -0.0061, -0.0053,  0.0575,  0.0217, -0.0008,
        0.0081,  0.0094, -0.0158, -0.0295,  0.0286,  0.0055, -0.8424,
       -0.883 , -0.1927,  0.5   ,  0.5   ,  0.5   , -0.3424, -0.383 ,
        0.3073], dtype=float32), 'rewards': -3.162200362417502, 'masks': 1.0, 'dones': False}, {'observations': array([ 0.    ,  0.    ,  1.    , -0.2623,  0.0665,  0.    ,  0.    ,
        0.    ,  0.    ,  0.7782,  0.    ,  0.    ,  0.0454,  0.    ,
        0.2347,  1.    ,  0.2551,  1.    , -0.5183, -1.4058,  2.1178,
       -2.3075, -1.5905,  0.0062,  2.862 , -1.2951,  2.0158, -2.2862,
       -1.4064,  0.2523,  0.3714,  0.2469,  3.2094,  0.4415,  1.1342,
        2.9601, -0.0876,  0.1971, -0.0061, -0.0006, -0.0018,  0.0172,
        0.0062,  0.0049,  0.0002, -0.1349,  0.0076,  0.032 , -0.0115,
       -0.0397,  0.0024, -0.1062,  0.0455, -0.0233, -0.169 ,  0.1892,
       -0.072 ,  0.0027, -0.0061, -0.0053,  0.0575,  0.0217, -0.0008,
        0.0081,  0.0094, -0.0158, -0.0295,  0.0286,  0.0055, -0.8424,
       -0.883 , -0.1927,  0.5   ,  0.5   ,  0.5   , -0.3424, -0.383 ,
        0.3073], dtype=float32), 'actions': array([ 0.0034,  0.    , -1.    ,  0.    ,  0.    ,  0.    ,  0.    ,
       -0.0035, -0.0009, -1.    ,  0.    ,  0.    ,  0.    ,  0.    ]), 'next_observations': array([ 0.    ,  0.    ,  1.    ,  0.    ,  0.    ,  0.    ,  0.    ,
        0.    ,  0.    ,  1.    ,  0.    ,  0.    ,  0.    ,  0.    ,
        0.2347,  1.    ,  0.2551,  1.    , -0.5201, -1.4175,  2.1101,
       -2.2871, -1.5834,  0.0047,  2.8628, -1.3064,  2.0075, -2.2718,
       -1.4088,  0.2504,  0.5692, -1.4814,  2.8739,  1.276 , -0.5231,
        2.6396, -0.0885,  0.1974, -0.0072, -0.0005, -0.0019,  0.0107,
        0.0059,  0.0031,  0.0003, -0.1352,  0.0069,  0.0244, -0.0101,
       -0.0394,  0.0016,  0.0519,  0.0895,  0.0279, -0.03  ,  0.2831,
       -0.0693,  0.0082, -0.008 ,  0.0038,  0.0635,  0.0453,  0.0054,
        0.0028,  0.012 , -0.0164,  0.0033, -0.0031, -0.0003, -0.8424,
       -0.883 , -0.1927,  0.5   ,  0.5   ,  0.5   , -0.3424, -0.383 ,
        0.3073], dtype=float32), 'rewards': -3.0276525686707956, 'masks': 1.0, 'dones': False}, {'observations': array([ 0.    ,  0.    ,  1.    ,  0.    ,  0.    ,  0.    ,  0.    ,
        0.    ,  0.    ,  1.    ,  0.    ,  0.    ,  0.    ,  0.    ,
        0.2347,  1.    ,  0.2551,  1.    , -0.5201, -1.4175,  2.1101,
       -2.2871, -1.5834,  0.0047,  2.8628, -1.3064,  2.0075, -2.2718,
       -1.4088,  0.2504,  0.5692, -1.4814,  2.8739,  1.276 , -0.5231,
        2.6396, -0.0885,  0.1974, -0.0072, -0.0005, -0.0019,  0.0107,
        0.0059,  0.0031,  0.0003, -0.1352,  0.0069,  0.0244, -0.0101,
       -0.0394,  0.0016,  0.0519,  0.0895,  0.0279, -0.03  ,  0.2831,
       -0.0693,  0.0082, -0.008 ,  0.0038,  0.0635,  0.0453,  0.0054,
        0.0028,  0.012 , -0.0164,  0.0033, -0.0031, -0.0003, -0.8424,
       -0.883 , -0.1927,  0.5   ,  0.5   ,  0.5   , -0.3424, -0.383 ,
        0.3073], dtype=float32), 'actions': array([ 0.0034,  0.    , -1.    ,  0.    ,  0.    ,  0.    ,  0.    ,
       -0.0035, -0.0009, -1.    ,  0.    ,  0.    ,  0.    ,  0.    ]), 'next_observations': array([ 0.    ,  0.    ,  1.    ,  0.    ,  0.    ,  0.    ,  0.    ,
        0.    ,  0.    ,  1.    ,  0.    ,  0.    ,  0.    ,  0.    ,
        0.2347,  1.    ,  0.2551,  1.    , -0.5213, -1.43  ,  2.101 ,
       -2.2633, -1.5756,  0.0041,  2.8624, -1.3059,  2.0076, -2.2651,
       -1.4117,  0.2505,  2.0964, -4.0665,  1.7327,  2.5494, -2.3286,
        2.5524, -0.0879,  0.1976,  0.0009, -0.0006, -0.002 ,  0.0035,
        0.0054,  0.0012,  0.0004, -0.1346,  0.0074,  0.0255, -0.0117,
       -0.0383,  0.0019,  0.3127,  0.2488,  0.0556,  0.1209,  0.3972,
       -0.0765,  0.0046, -0.006 ,  0.0024,  0.0706,  0.0994, -0.004 ,
        0.0045, -0.0105, -0.0308, -0.034 ,  0.0635,  0.0102, -0.8424,
       -0.883 , -0.1927,  0.5   ,  0.5   ,  0.5   , -0.3424, -0.383 ,
        0.3073], dtype=float32), 'rewards': -3.040325439071988, 'masks': 1.0, 'dones': False}, {'observations': array([ 0.    ,  0.    ,  1.    ,  0.    ,  0.    ,  0.    ,  0.    ,
        0.    ,  0.    ,  1.    ,  0.    ,  0.    ,  0.    ,  0.    ,
        0.2347,  1.    ,  0.2551,  1.    , -0.5213, -1.43  ,  2.101 ,
       -2.2633, -1.5756,  0.0041,  2.8624, -1.3059,  2.0076, -2.2651,
       -1.4117,  0.2505,  2.0964, -4.0665,  1.7327,  2.5494, -2.3286,
        2.5524, -0.0879,  0.1976,  0.0009, -0.0006, -0.002 ,  0.0035,
        0.0054,  0.0012,  0.0004, -0.1346,  0.0074,  0.0255, -0.0117,
       -0.0383,  0.0019,  0.3127,  0.2488,  0.0556,  0.1209,  0.3972,
       -0.0765,  0.0046, -0.006 ,  0.0024,  0.0706,  0.0994, -0.004 ,
        0.0045, -0.0105, -0.0308, -0.034 ,  0.0635,  0.0102, -0.8424,
       -0.883 , -0.1927,  0.5   ,  0.5   ,  0.5   , -0.3424, -0.383 ,
        0.3073], dtype=float32), 'actions': array([ 0.0034,  0.    , -1.    ,  0.    ,  0.    ,  0.    ,  0.    ,
       -0.0035, -0.0009, -1.    ,  0.    ,  0.    ,  0.    ,  0.    ]), 'next_observations': array([ 0.    ,  0.    ,  1.    ,  0.    ,  0.    ,  0.    ,  0.    ,
        0.    ,  0.    ,  1.    ,  0.    ,  0.    ,  0.    ,  0.    ,
        0.2347,  1.    ,  0.2551,  1.    , -0.5202, -1.444 ,  2.0918,
       -2.2369, -1.5806,  0.0055,  2.8634, -1.3268,  1.9976, -2.2431,
       -1.4105,  0.2515,  2.9779, -5.0846,  2.3287,  3.7211, -4.8642,
        1.7094, -0.0872,  0.1966, -0.0039, -0.0006, -0.0012, -0.0041,
        0.0046,  0.0024,  0.0006, -0.1352,  0.0077,  0.0129, -0.0096,
       -0.0391,  0.0017,  0.438 ,  0.3627,  0.0057,  0.3169,  0.5396,
       -0.1238, -0.0015,  0.0053, -0.0389, -0.0647, -0.0319,  0.0097,
        0.0003, -0.0011, -0.0334,  0.0831, -0.0272,  0.0084, -0.8424,
       -0.883 , -0.1927,  0.5   ,  0.5   ,  0.5   , -0.3424, -0.383 ,
        0.3073], dtype=float32), 'rewards': -3.058719127447937, 'masks': 1.0, 'dones': False}, {'observations': array([ 0.    ,  0.    ,  1.    ,  0.    ,  0.    ,  0.    ,  0.    ,
        0.    ,  0.    ,  1.    ,  0.    ,  0.    ,  0.    ,  0.    ,
        0.2347,  1.    ,  0.2551,  1.    , -0.5202, -1.444 ,  2.0918,
       -2.2369, -1.5806,  0.0055,  2.8634, -1.3268,  1.9976, -2.2431,
       -1.4105,  0.2515,  2.9779, -5.0846,  2.3287,  3.7211, -4.8642,
        1.7094, -0.0872,  0.1966, -0.0039, -0.0006, -0.0012, -0.0041,
        0.0046,  0.0024,  0.0006, -0.1352,  0.0077,  0.0129, -0.0096,
       -0.0391,  0.0017,  0.438 ,  0.3627,  0.0057,  0.3169,  0.5396,
       -0.1238, -0.0015,  0.0053, -0.0389, -0.0647, -0.0319,  0.0097,
        0.0003, -0.0011, -0.0334,  0.0831, -0.0272,  0.0084, -0.8424,
       -0.883 , -0.1927,  0.5   ,  0.5   ,  0.5   , -0.3424, -0.383 ,
        0.3073], dtype=float32), 'actions': array([ 0.0034,  0.    , -1.    ,  0.    ,  0.    ,  0.    ,  0.    ,
       -0.0035, -0.0009, -1.    ,  0.    ,  0.    ,  0.    ,  0.    ]), 'next_observations': array([ 0.    ,  0.    ,  1.    ,  0.    ,  0.    ,  0.    ,  0.    ,
        0.    ,  0.    ,  1.    ,  0.    ,  0.    ,  0.    ,  0.    ,
        0.2347,  1.    ,  0.2551,  1.    , -0.5204, -1.4522,  2.0849,
       -2.2247, -1.5797,  0.0054,  2.8629, -1.331 ,  1.9895, -2.2216,
       -1.4155,  0.2498,  2.4127, -3.6578,  2.6118,  2.926 , -4.2669,
        1.6359, -0.0875,  0.1974, -0.002 , -0.0006, -0.0014, -0.0093,
        0.0049,  0.0021,  0.0006, -0.1346,  0.0071,  0.0097, -0.0115,
       -0.0373,  0.0016,  0.3519,  0.322 ,  0.0073,  0.249 ,  0.4905,
       -0.1018,  0.0016, -0.0081, -0.024 ,  0.0496,  0.0027,  0.0035,
       -0.0057,  0.0024, -0.0136,  0.0386, -0.0171, -0.0005, -0.8424,
       -0.883 , -0.1927,  0.5   ,  0.5   ,  0.5   , -0.3424, -0.383 ,
        0.3073], dtype=float32), 'rewards': -3.0383787370717594, 'masks': 1.0, 'dones': False}, {'observations': array([ 0.    ,  0.    ,  1.    ,  0.    ,  0.    ,  0.    ,  0.    ,
        0.    ,  0.    ,  1.    ,  0.    ,  0.    ,  0.    ,  0.    ,
        0.2347,  1.    ,  0.2551,  1.    , -0.5204, -1.4522,  2.0849,
       -2.2247, -1.5797,  0.0054,  2.8629, -1.331 ,  1.9895, -2.2216,
       -1.4155,  0.2498,  2.4127, -3.6578,  2.6118,  2.926 , -4.2669,
        1.6359, -0.0875,  0.1974, -0.002 , -0.0006, -0.0014, -0.0093,
        0.0049,  0.0021,  0.0006, -0.1346,  0.0071,  0.0097, -0.0115,
       -0.0373,  0.0016,  0.3519,  0.322 ,  0.0073,  0.249 ,  0.4905,
       -0.1018,  0.0016, -0.0081, -0.024 ,  0.0496,  0.0027,  0.0035,
       -0.0057,  0.0024, -0.0136,  0.0386, -0.0171, -0.0005, -0.8424,
       -0.883 , -0.1927,  0.5   ,  0.5   ,  0.5   , -0.3424, -0.383 ,
        0.3073], dtype=float32), 'actions': array([ 0.0034,  0.    , -1.    ,  0.    ,  0.    ,  0.    ,  0.    ,
       -0.0035, -0.0009, -1.    ,  0.    ,  0.    ,  0.    ,  0.    ]), 'next_observations': array([ 0.    ,  0.    ,  1.    ,  0.    ,  0.    ,  0.    ,  0.    ,
        0.    ,  0.    ,  1.    ,  0.    ,  0.    ,  0.    ,  0.    ,
        0.2347,  1.    ,  0.2551,  1.    , -0.5203, -1.4628,  2.0763,
       -2.2041, -1.5806,  0.0057,  2.8626, -1.3404,  1.983 , -2.2075,
       -1.4152,  0.2497,  2.1671, -3.175 ,  2.4211,  2.9269, -4.9832,
        1.1842, -0.0876,  0.1977, -0.0015, -0.0005, -0.0014, -0.0159,
        0.0048,  0.0024,  0.0006, -0.1345,  0.007 ,  0.0036, -0.0111,
       -0.0375,  0.0016,  0.3172,  0.2876,  0.0083,  0.2472,  0.4659,
       -0.0881,  0.0001, -0.0068, -0.0264,  0.0696,  0.0167, -0.0021,
        0.0009, -0.0005, -0.0423,  0.0824,  0.0037,  0.0022, -0.8424,
       -0.883 , -0.1927,  0.5   ,  0.5   ,  0.5   , -0.3424, -0.383 ,
        0.3073], dtype=float32), 'rewards': -3.0276750349033326, 'masks': 1.0, 'dones': False}, {'observations': array([ 0.    ,  0.    ,  1.    ,  0.    ,  0.    ,  0.    ,  0.    ,
        0.    ,  0.    ,  1.    ,  0.    ,  0.    ,  0.    ,  0.    ,
        0.2347,  1.    ,  0.2551,  1.    , -0.5203, -1.4628,  2.0763,
       -2.2041, -1.5806,  0.0057,  2.8626, -1.3404,  1.983 , -2.2075,
       -1.4152,  0.2497,  2.1671, -3.175 ,  2.4211,  2.9269, -4.9832,
        1.1842, -0.0876,  0.1977, -0.0015, -0.0005, -0.0014, -0.0159,
        0.0048,  0.0024,  0.0006, -0.1345,  0.007 ,  0.0036, -0.0111,
       -0.0375,  0.0016,  0.3172,  0.2876,  0.0083,  0.2472,  0.4659,
       -0.0881,  0.0001, -0.0068, -0.0264,  0.0696,  0.0167, -0.0021,
        0.0009, -0.0005, -0.0423,  0.0824,  0.0037,  0.0022, -0.8424,
       -0.883 , -0.1927,  0.5   ,  0.5   ,  0.5   , -0.3424, -0.383 ,
        0.3073], dtype=float32), 'actions': array([ 0.0034,  0.    , -1.    ,  0.    ,  0.    ,  0.    ,  0.    ,
       -0.0035, -0.0009, -1.    ,  0.    ,  0.    ,  0.    ,  0.    ]), 'next_observations': array([ 0.    ,  0.    ,  1.    ,  0.    ,  0.    ,  0.    ,  0.    ,
        0.    ,  0.    ,  1.    ,  0.    ,  0.    ,  0.    ,  0.    ,
        0.2347,  1.    ,  0.2551,  1.    , -0.5203, -1.4715,  2.0695,
       -2.1857, -1.5811,  0.0055,  2.8628, -1.3407,  1.9835, -2.2081,
       -1.4156,  0.25  ,  2.9765, -5.2204,  2.3204,  2.9723, -5.0064,
        1.3371, -0.087 ,  0.1974,  0.0038, -0.0004, -0.0009, -0.0211,
        0.0042,  0.0026,  0.0006, -0.1345,  0.0071,  0.0036, -0.0109,
       -0.0374,  0.0016,  0.4651,  0.3711, -0.0063,  0.2671,  0.4765,
       -0.1045,  0.0002,  0.0006, -0.0818,  0.0134, -0.0024,  0.0098,
       -0.0033,  0.0034,  0.0002, -0.0052,  0.0024,  0.0021, -0.8424,
       -0.883 , -0.1927,  0.5   ,  0.5   ,  0.5   , -0.3424, -0.383 ,
        0.3073], dtype=float32), 'rewards': -3.043176193314357, 'masks': 1.0, 'dones': False}, {'observations': array([ 0.    ,  0.    ,  1.    ,  0.    ,  0.    ,  0.    ,  0.    ,
        0.    ,  0.    ,  1.    ,  0.    ,  0.    ,  0.    ,  0.    ,
        0.2347,  1.    ,  0.2551,  1.    , -0.5203, -1.4715,  2.0695,
       -2.1857, -1.5811,  0.0055,  2.8628, -1.3407,  1.9835, -2.2081,
       -1.4156,  0.25  ,  2.9765, -5.2204,  2.3204,  2.9723, -5.0064,
        1.3371, -0.087 ,  0.1974,  0.0038, -0.0004, -0.0009, -0.0211,
        0.0042,  0.0026,  0.0006, -0.1345,  0.0071,  0.0036, -0.0109,
       -0.0374,  0.0016,  0.4651,  0.3711, -0.0063,  0.2671,  0.4765,
       -0.1045,  0.0002,  0.0006, -0.0818,  0.0134, -0.0024,  0.0098,
       -0.0033,  0.0034,  0.0002, -0.0052,  0.0024,  0.0021, -0.8424,
       -0.883 , -0.1927,  0.5   ,  0.5   ,  0.5   , -0.3424, -0.383 ,
        0.3073], dtype=float32), 'actions': array([ 0.0034,  0.    , -1.    ,  0.    ,  0.    ,  0.    ,  0.    ,
       -0.0035, -0.0009, -1.    ,  0.    ,  0.    ,  0.    ,  0.    ]), 'next_observations': array([ 0.    ,  0.    ,  1.    ,  0.    ,  0.    ,  0.    ,  0.    ,
        0.    ,  0.    ,  1.    ,  0.    ,  0.    ,  0.    ,  0.    ,
        0.2347,  1.    ,  0.2551,  1.    , -0.5199, -1.4758,  2.0648,
       -2.1782, -1.5815,  0.0055,  2.8626, -1.3619,  1.9623, -2.1624,
       -1.4197,  0.2485,  2.0649, -4.1405,  2.4885,  2.2597, -4.4051,
        0.9808, -0.0877,  0.1981, -0.008 , -0.0005, -0.0012, -0.0244,
        0.0046,  0.0026,  0.0005, -0.1342,  0.0064, -0.0115, -0.0115,
       -0.0363,  0.0013,  0.349 ,  0.2824,  0.0042,  0.1962,  0.4646,
       -0.1075,  0.0012, -0.0025, -0.0433, -0.0134, -0.0005,  0.0021,
       -0.0004, -0.0022, -0.0069, -0.0111,  0.0034,  0.0024, -0.8424,
       -0.883 , -0.1927,  0.5   ,  0.5   ,  0.5   , -0.3424, -0.383 ,
        0.3073], dtype=float32), 'rewards': -3.005508747744258, 'masks': 1.0, 'dones': False}, {'observations': array([ 0.    ,  0.    ,  1.    ,  0.    ,  0.    ,  0.    ,  0.    ,
        0.    ,  0.    ,  1.    ,  0.    ,  0.    ,  0.    ,  0.    ,
        0.2347,  1.    ,  0.2551,  1.    , -0.5199, -1.4758,  2.0648,
       -2.1782, -1.5815,  0.0055,  2.8626, -1.3619,  1.9623, -2.1624,
       -1.4197,  0.2485,  2.0649, -4.1405,  2.4885,  2.2597, -4.4051,
        0.9808, -0.0877,  0.1981, -0.008 , -0.0005, -0.0012, -0.0244,
        0.0046,  0.0026,  0.0005, -0.1342,  0.0064, -0.0115, -0.0115,
       -0.0363,  0.0013,  0.349 ,  0.2824,  0.0042,  0.1962,  0.4646,
       -0.1075,  0.0012, -0.0025, -0.0433, -0.0134, -0.0005,  0.0021,
       -0.0004, -0.0022, -0.0069, -0.0111,  0.0034,  0.0024, -0.8424,
       -0.883 , -0.1927,  0.5   ,  0.5   ,  0.5   , -0.3424, -0.383 ,
        0.3073], dtype=float32), 'actions': array([ 0.0034,  0.    , -1.    ,  0.    ,  0.    ,  0.    ,  0.    ,
       -0.0035, -0.0009, -1.    ,  0.    ,  0.    ,  0.    ,  0.    ]), 'next_observations': array([ 0.    ,  0.    ,  1.    ,  0.    ,  0.    ,  0.    ,  0.    ,
        0.    ,  0.    ,  1.    ,  0.    ,  0.    ,  0.    ,  0.    ,
        0.2347,  1.    ,  0.2551,  1.    , -0.52  , -1.4841,  2.057 ,
       -2.1641, -1.5817,  0.0058,  2.8628, -1.3647,  1.96  , -2.1565,
       -1.4197,  0.2486,  1.7482, -3.1476,  2.6341,  2.2978, -3.651 ,
        1.248 , -0.0877,  0.1981, -0.0041, -0.0005, -0.0013, -0.0302,
        0.0051,  0.0027,  0.0006, -0.1343,  0.0066, -0.0133, -0.0116,
       -0.0362,  0.0013,  0.2778,  0.2454, -0.0137,  0.1373,  0.4553,
       -0.1094,  0.0012,  0.0057, -0.0434, -0.0281,  0.0085, -0.0068,
       -0.0014, -0.0045, -0.0056,  0.0239, -0.0068,  0.0092, -0.8424,
       -0.883 , -0.1927,  0.5   ,  0.5   ,  0.5   , -0.3424, -0.383 ,
        0.3073], dtype=float32), 'rewards': -3.0055308337335718, 'masks': 1.0, 'dones': False}, {'observations': array([ 0.    ,  0.    ,  1.    ,  0.    ,  0.    ,  0.    ,  0.    ,
        0.    ,  0.    ,  1.    ,  0.    ,  0.    ,  0.    ,  0.    ,
        0.2347,  1.    ,  0.2551,  1.    , -0.52  , -1.4841,  2.057 ,
       -2.1641, -1.5817,  0.0058,  2.8628, -1.3647,  1.96  , -2.1565,
       -1.4197,  0.2486,  1.7482, -3.1476,  2.6341,  2.2978, -3.651 ,
        1.248 , -0.0877,  0.1981, -0.0041, -0.0005, -0.0013, -0.0302,
        0.0051,  0.0027,  0.0006, -0.1343,  0.0066, -0.0133, -0.0116,
       -0.0362,  0.0013,  0.2778,  0.2454, -0.0137,  0.1373,  0.4553,
       -0.1094,  0.0012,  0.0057, -0.0434, -0.0281,  0.0085, -0.0068,
       -0.0014, -0.0045, -0.0056,  0.0239, -0.0068,  0.0092, -0.8424,
       -0.883 , -0.1927,  0.5   ,  0.5   ,  0.5   , -0.3424, -0.383 ,
        0.3073], dtype=float32), 'actions': array([ 0.0034,  0.    , -1.    ,  0.    ,  0.    ,  0.    ,  0.    ,
       -0.0035, -0.0009, -1.    ,  0.    ,  0.    ,  0.    ,  0.    ]), 'next_observations': array([ 0.    ,  0.    ,  1.    ,  0.    ,  0.    ,  0.    ,  0.    ,
        0.    ,  0.    ,  1.    ,  0.    ,  0.    ,  0.    ,  0.    ,
        0.2755,  1.    ,  0.2551,  1.    , -0.52  , -1.4919,  2.0494,
       -2.149 , -1.5821,  0.0059,  2.863 , -1.3717,  1.9544, -2.1447,
       -1.4202,  0.2484,  1.597 , -2.6409,  2.4173,  2.0669, -3.153 ,
        1.3224, -0.0876,  0.198 , -0.003 , -0.0004, -0.0013, -0.0357,
        0.0052,  0.0028,  0.0007, -0.1344,  0.0067, -0.0176, -0.0115,
       -0.0362,  0.0011,  0.2145,  0.2146, -0.0116,  0.0811,  0.4231,
       -0.1067,  0.0008, -0.0021, -0.0257,  0.0086,  0.0054, -0.0006,
       -0.0011, -0.0016, -0.0335,  0.0156,  0.0009, -0.0025, -0.8424,
       -0.883 , -0.1927,  0.5   ,  0.5   ,  0.5   , -0.3424, -0.383 ,
        0.3073], dtype=float32), 'rewards': -3.007039469158889, 'masks': 1.0, 'dones': False}, {'observations': array([ 0.    ,  0.    ,  1.    ,  0.    ,  0.    ,  0.    ,  0.    ,
        0.    ,  0.    ,  1.    ,  0.    ,  0.    ,  0.    ,  0.    ,
        0.2755,  1.    ,  0.2551,  1.    , -0.52  , -1.4919,  2.0494,
       -2.149 , -1.5821,  0.0059,  2.863 , -1.3717,  1.9544, -2.1447,
       -1.4202,  0.2484,  1.597 , -2.6409,  2.4173,  2.0669, -3.153 ,
        1.3224, -0.0876,  0.198 , -0.003 , -0.0004, -0.0013, -0.0357,
        0.0052,  0.0028,  0.0007, -0.1344,  0.0067, -0.0176, -0.0115,
       -0.0362,  0.0011,  0.2145,  0.2146, -0.0116,  0.0811,  0.4231,
       -0.1067,  0.0008, -0.0021, -0.0257,  0.0086,  0.0054, -0.0006,
       -0.0011, -0.0016, -0.0335,  0.0156,  0.0009, -0.0025, -0.8424,
       -0.883 , -0.1927,  0.5   ,  0.5   ,  0.5   , -0.3424, -0.383 ,
        0.3073], dtype=float32), 'actions': array([ 0.0034,  0.    , -1.    ,  0.    ,  0.    ,  0.    ,  0.    ,
       -0.0035, -0.0009, -1.    ,  0.    ,  0.    ,  0.    ,  0.    ]), 'next_observations': array([ 0.    ,  0.    ,  1.    ,  0.    ,  0.    ,  0.    ,  0.    ,
        0.    ,  0.    ,  1.    ,  0.    ,  0.    ,  0.    ,  0.    ,
        0.2959,  1.    ,  0.2551,  1.    , -0.52  , -1.4928,  2.0483,
       -2.1467, -1.5821,  0.0058,  2.8631, -1.3737,  1.9523, -2.1405,
       -1.4208,  0.2485,  1.3574, -2.4984,  2.5203,  1.8778, -2.9745,
        1.514 , -0.0876,  0.1981, -0.0042, -0.0004, -0.0013, -0.0363,
        0.0051,  0.0028,  0.0007, -0.1343,  0.0067, -0.0196, -0.0114,
       -0.036 ,  0.0012,  0.2027,  0.191 , -0.0057,  0.0663,  0.406 ,
       -0.1082, -0.0001,  0.0008, -0.0353,  0.0114,  0.0009, -0.0024,
        0.001 , -0.0016, -0.0368, -0.0307,  0.0224,  0.0012, -0.8424,
       -0.883 , -0.1927,  0.5   ,  0.5   ,  0.5   , -0.3424, -0.383 ,
        0.3073], dtype=float32), 'rewards': -3.002274959190903, 'masks': 1.0, 'dones': False}, {'observations': array([ 0.    ,  0.    ,  1.    ,  0.    ,  0.    ,  0.    ,  0.    ,
        0.    ,  0.    ,  1.    ,  0.    ,  0.    ,  0.    ,  0.    ,
        0.2959,  1.    ,  0.2551,  1.    , -0.52  , -1.4928,  2.0483,
       -2.1467, -1.5821,  0.0058,  2.8631, -1.3737,  1.9523, -2.1405,
       -1.4208,  0.2485,  1.3574, -2.4984,  2.5203,  1.8778, -2.9745,
        1.514 , -0.0876,  0.1981, -0.0042, -0.0004, -0.0013, -0.0363,
        0.0051,  0.0028,  0.0007, -0.1343,  0.0067, -0.0196, -0.0114,
       -0.036 ,  0.0012,  0.2027,  0.191 , -0.0057,  0.0663,  0.406 ,
       -0.1082, -0.0001,  0.0008, -0.0353,  0.0114,  0.0009, -0.0024,
        0.001 , -0.0016, -0.0368, -0.0307,  0.0224,  0.0012, -0.8424,
       -0.883 , -0.1927,  0.5   ,  0.5   ,  0.5   , -0.3424, -0.383 ,
        0.3073], dtype=float32), 'actions': array([ 0.0034,  0.    , -1.    ,  0.    ,  0.    ,  0.    ,  0.    ,
       -0.0035, -0.0009, -1.    ,  0.    ,  0.    ,  0.    ,  0.    ]), 'next_observations': array([ 0.    ,  0.    ,  1.    ,  0.    ,  0.    ,  0.    ,  0.    ,
        0.    ,  0.    ,  1.    ,  0.    ,  0.    ,  0.    ,  0.    ,
        0.2347,  1.    ,  0.2551,  1.    , -0.5197, -1.5097,  2.0297,
       -2.1107, -1.583 ,  0.0059,  2.8634, -1.3873,  1.9357, -2.1069,
       -1.4226,  0.2481,  0.6558, -1.6328,  2.3273,  1.6603, -2.493 ,
        1.2678, -0.0878,  0.1981, -0.0026, -0.0004, -0.0012, -0.0487,
        0.005 ,  0.003 ,  0.0006, -0.1343,  0.0064, -0.0303, -0.0121,
       -0.0353,  0.0011,  0.1398,  0.1414, -0.017 ,  0.0385,  0.4004,
       -0.1065,  0.0004,  0.    , -0.0086,  0.0099,  0.0031,  0.0001,
        0.0004,  0.0043, -0.0202,  0.0371, -0.0065, -0.0049, -0.8424,
       -0.883 , -0.1927,  0.5   ,  0.5   ,  0.5   , -0.3424, -0.383 ,
        0.3073], dtype=float32), 'rewards': -3.0046663901867485, 'masks': 1.0, 'dones': False}, {'observations': array([ 0.    ,  0.    ,  1.    ,  0.    ,  0.    ,  0.    ,  0.    ,
        0.    ,  0.    ,  1.    ,  0.    ,  0.    ,  0.    ,  0.    ,
        0.2347,  1.    ,  0.2551,  1.    , -0.5197, -1.5097,  2.0297,
       -2.1107, -1.583 ,  0.0059,  2.8634, -1.3873,  1.9357, -2.1069,
       -1.4226,  0.2481,  0.6558, -1.6328,  2.3273,  1.6603, -2.493 ,
        1.2678, -0.0878,  0.1981, -0.0026, -0.0004, -0.0012, -0.0487,
        0.005 ,  0.003 ,  0.0006, -0.1343,  0.0064, -0.0303, -0.0121,
       -0.0353,  0.0011,  0.1398,  0.1414, -0.017 ,  0.0385,  0.4004,
       -0.1065,  0.0004,  0.    , -0.0086,  0.0099,  0.0031,  0.0001,
        0.0004,  0.0043, -0.0202,  0.0371, -0.0065, -0.0049, -0.8424,
       -0.883 , -0.1927,  0.5   ,  0.5   ,  0.5   , -0.3424, -0.383 ,
        0.3073], dtype=float32), 'actions': array([ 0.0034,  0.    , -1.    ,  0.    ,  0.    ,  0.    ,  0.    ,
       -0.0035, -0.0009, -1.    ,  0.    ,  0.    ,  0.    ,  0.    ]), 'next_observations': array([ 0.    ,  0.    ,  1.    ,  0.    ,  0.    ,  0.    ,  0.    ,
        0.    ,  0.    ,  1.    ,  0.    ,  0.    ,  0.    ,  0.    ,
        0.2347,  1.    ,  0.2551,  1.    , -0.5198, -1.5136,  2.0258,
       -2.1036, -1.5831,  0.006 ,  2.8634, -1.3926,  1.9312, -2.0976,
       -1.423 ,  0.2481,  0.5827, -1.2239,  2.4259,  1.471 , -2.4046,
        1.3305, -0.0875,  0.1981, -0.0035, -0.0003, -0.0011, -0.0516,
        0.0052,  0.003 ,  0.0007, -0.1343,  0.0066, -0.0341, -0.012 ,
       -0.0353,  0.001 ,  0.1037,  0.1312, -0.0296,  0.0072,  0.3811,
       -0.0922,  0.0008, -0.0004,  0.0037,  0.0271,  0.0082, -0.0046,
        0.001 ,  0.0013, -0.0168, -0.0071,  0.0098,  0.0015, -0.8424,
       -0.883 , -0.1927,  0.5   ,  0.5   ,  0.5   , -0.3424, -0.383 ,
        0.3073], dtype=float32), 'rewards': -3.002611971088463, 'masks': 1.0, 'dones': False}, {'observations': array([ 0.    ,  0.    ,  1.    ,  0.    ,  0.    ,  0.    ,  0.    ,
        0.    ,  0.    ,  1.    ,  0.    ,  0.    ,  0.    ,  0.    ,
        0.2347,  1.    ,  0.2551,  1.    , -0.5198, -1.5136,  2.0258,
       -2.1036, -1.5831,  0.006 ,  2.8634, -1.3926,  1.9312, -2.0976,
       -1.423 ,  0.2481,  0.5827, -1.2239,  2.4259,  1.471 , -2.4046,
        1.3305, -0.0875,  0.1981, -0.0035, -0.0003, -0.0011, -0.0516,
        0.0052,  0.003 ,  0.0007, -0.1343,  0.0066, -0.0341, -0.012 ,
       -0.0353,  0.001 ,  0.1037,  0.1312, -0.0296,  0.0072,  0.3811,
       -0.0922,  0.0008, -0.0004,  0.0037,  0.0271,  0.0082, -0.0046,
        0.001 ,  0.0013, -0.0168, -0.0071,  0.0098,  0.0015, -0.8424,
       -0.883 , -0.1927,  0.5   ,  0.5   ,  0.5   , -0.3424, -0.383 ,
        0.3073], dtype=float32), 'actions': array([ 0.0034,  0.    , -1.    ,  0.    ,  0.    ,  0.    ,  0.    ,
       -0.0035, -0.0009, -1.    ,  0.    ,  0.    ,  0.    ,  0.    ]), 'next_observations': array([ 0.    ,  0.    ,  1.    ,  0.    ,  0.    ,  0.    ,  0.    ,
        0.    ,  0.    ,  1.    ,  0.    ,  0.    ,  0.    ,  0.    ,
        0.2347,  1.    ,  0.2551,  1.    , -0.5198, -1.5165,  2.0214,
       -2.0944, -1.5827,  0.006 ,  2.8635, -1.3939,  1.9309, -2.0998,
       -1.423 ,  0.2475,  0.5201, -0.9796,  2.8499,  1.041 , -1.6702,
        1.5405, -0.0876,  0.1981, -0.002 , -0.0003, -0.0011, -0.0536,
        0.0047,  0.0029,  0.0007, -0.1344,  0.0064, -0.0346, -0.011 ,
       -0.0355,  0.0008,  0.0676,  0.1035, -0.0207, -0.0509,  0.3319,
       -0.0816, -0.0005,  0.0017, -0.0753, -0.0384, -0.0096,  0.003 ,
       -0.0016, -0.0002, -0.0062,  0.0184, -0.0135, -0.0101, -0.8424,
       -0.883 , -0.1927,  0.5   ,  0.5   ,  0.5   , -0.3424, -0.383 ,
        0.3073], dtype=float32), 'rewards': -3.001066547147516, 'masks': 1.0, 'dones': False}, {'observations': array([ 0.    ,  0.    ,  1.    ,  0.    ,  0.    ,  0.    ,  0.    ,
        0.    ,  0.    ,  1.    ,  0.    ,  0.    ,  0.    ,  0.    ,
        0.2347,  1.    ,  0.2551,  1.    , -0.5198, -1.5165,  2.0214,
       -2.0944, -1.5827,  0.006 ,  2.8635, -1.3939,  1.9309, -2.0998,
       -1.423 ,  0.2475,  0.5201, -0.9796,  2.8499,  1.041 , -1.6702,
        1.5405, -0.0876,  0.1981, -0.002 , -0.0003, -0.0011, -0.0536,
        0.0047,  0.0029,  0.0007, -0.1344,  0.0064, -0.0346, -0.011 ,
       -0.0355,  0.0008,  0.0676,  0.1035, -0.0207, -0.0509,  0.3319,
       -0.0816, -0.0005,  0.0017, -0.0753, -0.0384, -0.0096,  0.003 ,
       -0.0016, -0.0002, -0.0062,  0.0184, -0.0135, -0.0101, -0.8424,
       -0.883 , -0.1927,  0.5   ,  0.5   ,  0.5   , -0.3424, -0.383 ,
        0.3073], dtype=float32), 'actions': array([ 0.0034,  0.    , -1.    ,  0.    ,  0.    ,  0.    ,  0.    ,
       -0.0035, -0.0009, -1.    ,  0.    ,  0.    ,  0.    ,  0.    ]), 'next_observations': array([ 0.    ,  0.    ,  1.    ,  0.    ,  0.    ,  0.    ,  0.    ,
        0.    ,  0.    ,  1.    ,  0.    ,  0.    ,  0.    ,  0.    ,
        0.2347,  1.    ,  0.2449,  1.    , -0.5198, -1.5226,  2.0133,
       -2.0811, -1.583 ,  0.0059,  2.8636, -1.4041,  1.9176, -2.0715,
       -1.4244,  0.2478,  0.3525, -1.1089,  2.7047,  1.3495, -2.7449,
        1.1636, -0.0876,  0.1982, -0.0052, -0.0003, -0.0013, -0.0591,
        0.0049,  0.003 ,  0.0007, -0.1343,  0.0065, -0.0433, -0.0122,
       -0.0349,  0.0009,  0.0777,  0.0787, -0.0243,  0.0097,  0.3565,
       -0.113 ,  0.0001,  0.0005, -0.0559, -0.0265,  0.    , -0.0035,
       -0.0007,  0.0007, -0.0221, -0.035 ,  0.0005, -0.0066, -0.8424,
       -0.883 , -0.1927,  0.5   ,  0.5   ,  0.5   , -0.3424, -0.383 ,
        0.3073], dtype=float32), 'rewards': -2.9978641868991818, 'masks': 1.0, 'dones': False}, {'observations': array([ 0.    ,  0.    ,  1.    ,  0.    ,  0.    ,  0.    ,  0.    ,
        0.    ,  0.    ,  1.    ,  0.    ,  0.    ,  0.    ,  0.    ,
        0.2347,  1.    ,  0.2449,  1.    , -0.5198, -1.5226,  2.0133,
       -2.0811, -1.583 ,  0.0059,  2.8636, -1.4041,  1.9176, -2.0715,
       -1.4244,  0.2478,  0.3525, -1.1089,  2.7047,  1.3495, -2.7449,
        1.1636, -0.0876,  0.1982, -0.0052, -0.0003, -0.0013, -0.0591,
        0.0049,  0.003 ,  0.0007, -0.1343,  0.0065, -0.0433, -0.0122,
       -0.0349,  0.0009,  0.0777,  0.0787, -0.0243,  0.0097,  0.3565,
       -0.113 ,  0.0001,  0.0005, -0.0559, -0.0265,  0.    , -0.0035,
       -0.0007,  0.0007, -0.0221, -0.035 ,  0.0005, -0.0066, -0.8424,
       -0.883 , -0.1927,  0.5   ,  0.5   ,  0.5   , -0.3424, -0.383 ,
        0.3073], dtype=float32), 'actions': array([ 0.0034,  0.    , -1.    ,  0.    ,  0.    ,  0.    ,  0.    ,
       -0.0035, -0.0009, -1.    ,  0.    ,  0.    ,  0.    ,  0.    ]), 'next_observations': array([ 0.    ,  0.    ,  1.    ,  0.    ,  0.    ,  0.    ,  0.    ,
        0.    ,  0.    ,  1.    ,  0.    ,  0.    ,  0.    ,  0.    ,
        0.2347,  1.    ,  0.2551,  1.    , -0.5195, -1.5273,  2.0057,
       -2.0788, -1.5829,  0.0061,  2.8648, -1.4097,  1.9147, -2.0643,
       -1.4234,  0.2476,  0.2717, -1.1739,  2.9491,  1.2599, -2.775 ,
        1.0012, -0.0868,  0.1972, -0.0053, -0.0002, -0.001 , -0.0624,
        0.0042,  0.003 ,  0.0007, -0.1348,  0.0074, -0.0467, -0.0119,
       -0.0352,  0.0005,  0.0579,  0.0651, -0.0173,  0.0003,  0.3478,
       -0.0918,  0.0003, -0.0029, -0.0166,  0.041 ,  0.0038,  0.0012,
       -0.0062,  0.0147,  0.0089, -0.0246, -0.0286, -0.0217, -0.8424,
       -0.883 , -0.1927,  0.5   ,  0.5   ,  0.5   , -0.3424, -0.383 ,
        0.3073], dtype=float32), 'rewards': -3.0405829255540047, 'masks': 1.0, 'dones': False}, {'observations': array([ 0.    ,  0.    ,  1.    ,  0.    ,  0.    ,  0.    ,  0.    ,
        0.    ,  0.    ,  1.    ,  0.    ,  0.    ,  0.    ,  0.    ,
        0.2347,  1.    ,  0.2551,  1.    , -0.5195, -1.5273,  2.0057,
       -2.0788, -1.5829,  0.0061,  2.8648, -1.4097,  1.9147, -2.0643,
       -1.4234,  0.2476,  0.2717, -1.1739,  2.9491,  1.2599, -2.775 ,
        1.0012, -0.0868,  0.1972, -0.0053, -0.0002, -0.001 , -0.0624,
        0.0042,  0.003 ,  0.0007, -0.1348,  0.0074, -0.0467, -0.0119,
       -0.0352,  0.0005,  0.0579,  0.0651, -0.0173,  0.0003,  0.3478,
       -0.0918,  0.0003, -0.0029, -0.0166,  0.041 ,  0.0038,  0.0012,
       -0.0062,  0.0147,  0.0089, -0.0246, -0.0286, -0.0217, -0.8424,
       -0.883 , -0.1927,  0.5   ,  0.5   ,  0.5   , -0.3424, -0.383 ,
        0.3073], dtype=float32), 'actions': array([ 0.0469,  0.1568, -0.6671, -0.0018, -0.2214, -0.    ,  0.    ,
       -0.003 , -0.0008, -0.8689,  0.1828,  0.0969, -0.0007,  0.    ]), 'next_observations': array([ 0.158 , -0.04  ,  0.6672, -0.1925,  0.1094,  0.    ,  0.    ,
        0.    ,  0.    ,  0.8689, -0.1752, -0.11  ,  0.    ,  0.    ,
        0.2347,  1.    ,  0.2551,  1.    , -0.5195, -1.5335,  1.9965,
       -2.0618, -1.5807,  0.0058,  2.864 , -1.4158,  1.9039, -2.0434,
       -1.4231,  0.247 , -0.5925,  1.5693,  3.2066, -0.0036, -0.5497,
        1.1176, -0.0884,  0.198 , -0.0038, -0.0006, -0.0024, -0.0698,
        0.007 ,  0.0024,  0.0006, -0.1345,  0.007 , -0.0526, -0.0129,
       -0.0351,  0.0007, -0.1548, -0.0432, -0.0004, -0.2094,  0.243 ,
       -0.0696,  0.0019,  0.0034, -0.0142, -0.0141,  0.0101,  0.0018,
        0.0012,  0.0013, -0.0171, -0.0359,  0.0088,  0.0021, -0.8424,
       -0.883 , -0.1927,  0.5   ,  0.5   ,  0.5   , -0.3424, -0.383 ,
        0.3073], dtype=float32), 'rewards': -2.942703579132804, 'masks': 1.0, 'dones': False}, {'observations': array([ 0.158 , -0.04  ,  0.6672, -0.1925,  0.1094,  0.    ,  0.    ,
        0.    ,  0.    ,  0.8689, -0.1752, -0.11  ,  0.    ,  0.    ,
        0.2347,  1.    ,  0.2551,  1.    , -0.5195, -1.5335,  1.9965,
       -2.0618, -1.5807,  0.0058,  2.864 , -1.4158,  1.9039, -2.0434,
       -1.4231,  0.247 , -0.5925,  1.5693,  3.2066, -0.0036, -0.5497,
        1.1176, -0.0884,  0.198 , -0.0038, -0.0006, -0.0024, -0.0698,
        0.007 ,  0.0024,  0.0006, -0.1345,  0.007 , -0.0526, -0.0129,
       -0.0351,  0.0007, -0.1548, -0.0432, -0.0004, -0.2094,  0.243 ,
       -0.0696,  0.0019,  0.0034, -0.0142, -0.0141,  0.0101,  0.0018,
        0.0012,  0.0013, -0.0171, -0.0359,  0.0088,  0.0021, -0.8424,
       -0.883 , -0.1927,  0.5   ,  0.5   ,  0.5   , -0.3424, -0.383 ,
        0.3073], dtype=float32), 'actions': array([ 0.0531,  0.1988,  1.0002,  0.    ,  0.    ,  0.    ,  0.    ,
       -0.007 , -0.0363,  1.0001,  0.    ,  0.    ,  0.    ,  0.    ]), 'next_observations': array([ 0.2004, -0.0507, -1.    ,  0.    ,  0.    ,  0.    ,  0.    ,
        0.0375, -0.0095, -1.    ,  0.    ,  0.    ,  0.    ,  0.    ,
        0.2347,  1.    ,  0.2551,  1.    , -0.5219, -1.5394,  1.9955,
       -2.0514, -1.5755,  0.0044,  2.865 , -1.4209,  1.8997, -2.0407,
       -1.4281,  0.2476,  0.0534,  0.5924,  2.7819,  0.3365, -0.7076,
        1.0433, -0.087 ,  0.1979, -0.0058,  0.    , -0.0011, -0.0719,
        0.0061,  0.0011,  0.0009, -0.1345,  0.007 , -0.0567, -0.011 ,
       -0.0342,  0.0004, -0.1001,  0.003 ,  0.0532, -0.1764,  0.2693,
       -0.1135,  0.0058,  0.0097, -0.0031, -0.0601, -0.0149,  0.0153,
       -0.0062,  0.0044, -0.0115, -0.0102,  0.0025, -0.0097, -0.8424,
       -0.883 , -0.1927,  0.5   ,  0.5   ,  0.5   , -0.3424, -0.383 ,
        0.3073], dtype=float32), 'rewards': -3.6377321507235285, 'masks': 1.0, 'dones': False}, {'observations': array([ 0.2004, -0.0507, -1.    ,  0.    ,  0.    ,  0.    ,  0.    ,
        0.0375, -0.0095, -1.    ,  0.    ,  0.    ,  0.    ,  0.    ,
        0.2347,  1.    ,  0.2551,  1.    , -0.5219, -1.5394,  1.9955,
       -2.0514, -1.5755,  0.0044,  2.865 , -1.4209,  1.8997, -2.0407,
       -1.4281,  0.2476,  0.0534,  0.5924,  2.7819,  0.3365, -0.7076,
        1.0433, -0.087 ,  0.1979, -0.0058,  0.    , -0.0011, -0.0719,
        0.0061,  0.0011,  0.0009, -0.1345,  0.007 , -0.0567, -0.011 ,
       -0.0342,  0.0004, -0.1001,  0.003 ,  0.0532, -0.1764,  0.2693,
       -0.1135,  0.0058,  0.0097, -0.0031, -0.0601, -0.0149,  0.0153,
       -0.0062,  0.0044, -0.0115, -0.0102,  0.0025, -0.0097, -0.8424,
       -0.883 , -0.1927,  0.5   ,  0.5   ,  0.5   , -0.3424, -0.383 ,
        0.3073], dtype=float32), 'actions': array([ 0.0567,  0.2118,  1.0002,  0.    ,  0.    ,  0.    ,  0.    ,
       -0.0489, -0.1851,  1.0003,  0.    ,  0.    ,  0.    ,  0.    ]), 'next_observations': array([ 0.2134, -0.0541, -1.    ,  0.    ,  0.    ,  0.    ,  0.    ,
        0.1873, -0.0475, -1.    ,  0.    ,  0.    ,  0.    ,  0.    ,
        0.2347,  1.    ,  0.2551,  1.    , -0.5226, -1.5401,  2.0036,
       -2.0603, -1.5732,  0.0036,  2.8654, -1.4186,  1.9023, -2.0482,
       -1.4318,  0.2474,  0.4632, -0.5894,  2.1777,  0.5789, -1.3921,
        0.6918, -0.0861,  0.1976, -0.0063,  0.0001,  0.0002, -0.0698,
        0.0065,  0.0005,  0.0009, -0.1345,  0.0067, -0.0551, -0.0102,
       -0.0335,  0.0002, -0.0044,  0.0424,  0.0793, -0.1034,  0.2887,
       -0.1118,  0.001 ,  0.0048,  0.0551,  0.0089,  0.01  ,  0.0066,
       -0.0018, -0.0019,  0.0701, -0.0293, -0.0202,  0.0011, -0.8424,
       -0.883 , -0.1927,  0.5   ,  0.5   ,  0.5   , -0.3424, -0.383 ,
        0.3073], dtype=float32), 'rewards': -3.0098803865154835, 'masks': 1.0, 'dones': False}, {'observations': array([ 0.2134, -0.0541, -1.    ,  0.    ,  0.    ,  0.    ,  0.    ,
        0.1873, -0.0475, -1.    ,  0.    ,  0.    ,  0.    ,  0.    ,
        0.2347,  1.    ,  0.2551,  1.    , -0.5226, -1.5401,  2.0036,
       -2.0603, -1.5732,  0.0036,  2.8654, -1.4186,  1.9023, -2.0482,
       -1.4318,  0.2474,  0.4632, -0.5894,  2.1777,  0.5789, -1.3921,
        0.6918, -0.0861,  0.1976, -0.0063,  0.0001,  0.0002, -0.0698,
        0.0065,  0.0005,  0.0009, -0.1345,  0.0067, -0.0551, -0.0102,
       -0.0335,  0.0002, -0.0044,  0.0424,  0.0793, -0.1034,  0.2887,
       -0.1118,  0.001 ,  0.0048,  0.0551,  0.0089,  0.01  ,  0.0066,
       -0.0018, -0.0019,  0.0701, -0.0293, -0.0202,  0.0011, -0.8424,
       -0.883 , -0.1927,  0.5   ,  0.5   ,  0.5   , -0.3424, -0.383 ,
        0.3073], dtype=float32), 'actions': array([ 0.055 ,  0.2053,  1.0002,  0.    ,  0.    ,  0.    ,  0.    ,
       -0.0554, -0.2078,  1.0004,  0.    ,  0.    ,  0.    ,  0.    ]), 'next_observations': array([ 0.2069, -0.0524, -1.    ,  0.    ,  0.    ,  0.    ,  0.    ,
        0.2102, -0.0532, -1.    ,  0.    ,  0.    ,  0.    ,  0.    ,
        0.2347,  1.    ,  0.2551,  1.    , -0.523 , -1.5359,  2.014 ,
       -2.0749, -1.5743,  0.0033,  2.8653, -1.4114,  1.9084, -2.0603,
       -1.4316,  0.2474,  0.7304, -1.502 ,  2.3762,  0.9484, -1.6871,
        1.0717, -0.0856,  0.1976, -0.0065,  0.0004,  0.001 , -0.0643,
        0.0065,  0.0008,  0.0008, -0.1345,  0.0062, -0.0498, -0.0105,
       -0.0335,  0.0003,  0.0735,  0.079 ,  0.074 , -0.0624,  0.3071,
       -0.1003,  0.0018,  0.0067,  0.0419, -0.013 , -0.0071,  0.0032,
       -0.0022, -0.0146,  0.0359, -0.0267,  0.0122,  0.0041, -0.8424,
       -0.883 , -0.1927,  0.5   ,  0.5   ,  0.5   , -0.3424, -0.383 ,
        0.3073], dtype=float32), 'rewards': -3.0173717533685367, 'masks': 1.0, 'dones': False}, {'observations': array([ 0.2069, -0.0524, -1.    ,  0.    ,  0.    ,  0.    ,  0.    ,
        0.2102, -0.0532, -1.    ,  0.    ,  0.    ,  0.    ,  0.    ,
        0.2347,  1.    ,  0.2551,  1.    , -0.523 , -1.5359,  2.014 ,
       -2.0749, -1.5743,  0.0033,  2.8653, -1.4114,  1.9084, -2.0603,
       -1.4316,  0.2474,  0.7304, -1.502 ,  2.3762,  0.9484, -1.6871,
        1.0717, -0.0856,  0.1976, -0.0065,  0.0004,  0.001 , -0.0643,
        0.0065,  0.0008,  0.0008, -0.1345,  0.0062, -0.0498, -0.0105,
       -0.0335,  0.0003,  0.0735,  0.079 ,  0.074 , -0.0624,  0.3071,
       -0.1003,  0.0018,  0.0067,  0.0419, -0.013 , -0.0071,  0.0032,
       -0.0022, -0.0146,  0.0359, -0.0267,  0.0122,  0.0041, -0.8424,
       -0.883 , -0.1927,  0.5   ,  0.5   ,  0.5   , -0.3424, -0.383 ,
        0.3073], dtype=float32), 'actions': array([ 0.0559,  0.2085,  1.0002,  0.    ,  0.    ,  0.    ,  0.    ,
       -0.0554, -0.2078,  1.0004,  0.    ,  0.    ,  0.    ,  0.    ]), 'next_observations': array([ 0.2102, -0.0532, -1.    ,  0.    ,  0.    ,  0.    ,  0.    ,
        0.2102, -0.0532, -1.    ,  0.    ,  0.    ,  0.    ,  0.    ,
        0.2347,  1.    ,  0.2551,  1.    , -0.524 , -1.5318,  2.0271,
       -2.0924, -1.5743,  0.0031,  2.8655, -1.4003,  1.9128, -2.0755,
       -1.4326,  0.2474,  0.6503, -1.2739,  2.3716,  1.273 , -2.0862,
        1.4479, -0.0859,  0.1978, -0.0063,  0.0008,  0.0023, -0.0584,
        0.0066,  0.0008,  0.001 , -0.1349,  0.0046, -0.0437, -0.0105,
       -0.0332,  0.0002,  0.0675,  0.0712,  0.11  , -0.0121,  0.3078,
       -0.086 , -0.0001,  0.0093,  0.0283,  0.0028, -0.003 , -0.0001,
       -0.0019, -0.0025,  0.0457, -0.0136,  0.0004, -0.0022, -0.8424,
       -0.883 , -0.1927,  0.5   ,  0.5   ,  0.5   , -0.3424, -0.383 ,
        0.3073], dtype=float32), 'rewards': -3.0192925608235024, 'masks': 1.0, 'dones': False}, {'observations': array([ 0.2102, -0.0532, -1.    ,  0.    ,  0.    ,  0.    ,  0.    ,
        0.2102, -0.0532, -1.    ,  0.    ,  0.    ,  0.    ,  0.    ,
        0.2347,  1.    ,  0.2551,  1.    , -0.524 , -1.5318,  2.0271,
       -2.0924, -1.5743,  0.0031,  2.8655, -1.4003,  1.9128, -2.0755,
       -1.4326,  0.2474,  0.6503, -1.2739,  2.3716,  1.273 , -2.0862,
        1.4479, -0.0859,  0.1978, -0.0063,  0.0008,  0.0023, -0.0584,
        0.0066,  0.0008,  0.001 , -0.1349,  0.0046, -0.0437, -0.0105,
       -0.0332,  0.0002,  0.0675,  0.0712,  0.11  , -0.0121,  0.3078,
       -0.086 , -0.0001,  0.0093,  0.0283,  0.0028, -0.003 , -0.0001,
       -0.0019, -0.0025,  0.0457, -0.0136,  0.0004, -0.0022, -0.8424,
       -0.883 , -0.1927,  0.5   ,  0.5   ,  0.5   , -0.3424, -0.383 ,
        0.3073], dtype=float32), 'actions': array([ 0.054 ,  0.2021,  1.0002,  0.    ,  0.    ,  0.    ,  0.    ,
       -0.0599, -0.224 ,  1.0004,  0.    ,  0.    ,  0.    ,  0.    ]), 'next_observations': array([ 0.2037, -0.0516, -1.    ,  0.    ,  0.    ,  0.    ,  0.    ,
        0.2265, -0.0574, -1.    ,  0.    ,  0.    ,  0.    ,  0.    ,
        0.2347,  1.    ,  0.2551,  1.    , -0.5247, -1.5275,  2.0354,
       -2.1042, -1.5744,  0.0027,  2.8657, -1.3911,  1.9176, -2.0891,
       -1.4328,  0.2474,  0.563 , -0.4378,  2.2989,  0.7407, -1.4009,
        1.5524, -0.086 ,  0.1979, -0.0085,  0.0011,  0.0028, -0.0538,
        0.0064,  0.0009,  0.0011, -0.1352,  0.004 , -0.0413, -0.0104,
       -0.0332,  0.0002,  0.0204,  0.0487,  0.1296, -0.0381,  0.2623,
       -0.0767,  0.0056,  0.0009,  0.0449, -0.0089,  0.0016,  0.0055,
       -0.0025, -0.0095,  0.0337,  0.0184,  0.0006, -0.0007, -0.8424,
       -0.883 , -0.1927,  0.5   ,  0.5   ,  0.5   , -0.3424, -0.383 ,
        0.3073], dtype=float32), 'rewards': -3.021886226685579, 'masks': 1.0, 'dones': False}, {'observations': array([ 0.2037, -0.0516, -1.    ,  0.    ,  0.    ,  0.    ,  0.    ,
        0.2265, -0.0574, -1.    ,  0.    ,  0.    ,  0.    ,  0.    ,
        0.2347,  1.    ,  0.2551,  1.    , -0.5247, -1.5275,  2.0354,
       -2.1042, -1.5744,  0.0027,  2.8657, -1.3911,  1.9176, -2.0891,
       -1.4328,  0.2474,  0.563 , -0.4378,  2.2989,  0.7407, -1.4009,
        1.5524, -0.086 ,  0.1979, -0.0085,  0.0011,  0.0028, -0.0538,
        0.0064,  0.0009,  0.0011, -0.1352,  0.004 , -0.0413, -0.0104,
       -0.0332,  0.0002,  0.0204,  0.0487,  0.1296, -0.0381,  0.2623,
       -0.0767,  0.0056,  0.0009,  0.0449, -0.0089,  0.0016,  0.0055,
       -0.0025, -0.0095,  0.0337,  0.0184,  0.0006, -0.0007, -0.8424,
       -0.883 , -0.1927,  0.5   ,  0.5   ,  0.5   , -0.3424, -0.383 ,
        0.3073], dtype=float32), 'actions': array([ 0.053 ,  0.1989,  1.0002,  0.    ,  0.    ,  0.    ,  0.    ,
       -0.0634, -0.2369,  1.0004,  0.    ,  0.    ,  0.    ,  0.    ]), 'next_observations': array([ 0.2004, -0.0508, -1.    ,  0.    ,  0.    ,  0.    ,  0.    ,
        0.2395, -0.0608, -1.    ,  0.    ,  0.    ,  0.    ,  0.    ,
        0.2347,  1.    ,  0.2551,  1.    , -0.5248, -1.5269,  2.0405,
       -2.1101, -1.5744,  0.0027,  2.8657, -1.387 ,  1.9186, -2.0937,
       -1.4329,  0.2473,  0.5319, -0.4676,  2.2794,  0.9878, -1.7336,
        1.5542, -0.0863,  0.1979, -0.0051,  0.0012,  0.0035, -0.052 ,
        0.0063,  0.0008,  0.0011, -0.1354,  0.003 , -0.0361, -0.0107,
       -0.0331,  0.0002,  0.0315,  0.0521,  0.128 , -0.0102,  0.2708,
       -0.0598, -0.0015,  0.0113,  0.0084, -0.0017, -0.0009,  0.0011,
       -0.0018, -0.0122, -0.0075,  0.0173,  0.0079, -0.0003, -0.8424,
       -0.883 , -0.1927,  0.5   ,  0.5   ,  0.5   , -0.3424, -0.383 ,
        0.3073], dtype=float32), 'rewards': -3.0312993892836904, 'masks': 1.0, 'dones': False}, {'observations': array([ 0.2004, -0.0508, -1.    ,  0.    ,  0.    ,  0.    ,  0.    ,
        0.2395, -0.0608, -1.    ,  0.    ,  0.    ,  0.    ,  0.    ,
        0.2347,  1.    ,  0.2551,  1.    , -0.5248, -1.5269,  2.0405,
       -2.1101, -1.5744,  0.0027,  2.8657, -1.387 ,  1.9186, -2.0937,
       -1.4329,  0.2473,  0.5319, -0.4676,  2.2794,  0.9878, -1.7336,
        1.5542, -0.0863,  0.1979, -0.0051,  0.0012,  0.0035, -0.052 ,
        0.0063,  0.0008,  0.0011, -0.1354,  0.003 , -0.0361, -0.0107,
       -0.0331,  0.0002,  0.0315,  0.0521,  0.128 , -0.0102,  0.2708,
       -0.0598, -0.0015,  0.0113,  0.0084, -0.0017, -0.0009,  0.0011,
       -0.0018, -0.0122, -0.0075,  0.0173,  0.0079, -0.0003, -0.8424,
       -0.883 , -0.1927,  0.5   ,  0.5   ,  0.5   , -0.3424, -0.383 ,
        0.3073], dtype=float32), 'actions': array([ 0.0531,  0.1988,  1.0002,  0.    ,  0.    ,  0.    ,  0.    ,
       -0.0626, -0.2337,  1.0004,  0.    ,  0.    ,  0.    ,  0.    ]), 'next_observations': array([ 0.2004, -0.0508, -1.    ,  0.    ,  0.    ,  0.    ,  0.    ,
        0.2362, -0.0598, -1.    ,  0.    ,  0.    ,  0.    ,  0.    ,
        0.2347,  1.    ,  0.2551,  1.    , -0.5264, -1.5185,  2.0582,
       -2.1341, -1.5737,  0.002 ,  2.866 , -1.3761,  1.9216, -2.1079,
       -1.4329,  0.2474,  0.1971,  0.0381,  2.5048,  0.4828, -0.7931,
        1.6909, -0.0863,  0.1979, -0.009 ,  0.0018,  0.0052, -0.0427,
        0.0059,  0.0007,  0.0013, -0.1359,  0.0014, -0.0306, -0.0106,
       -0.0331,  0.0001, -0.0395,  0.0213,  0.1218, -0.0474,  0.2276,
       -0.0491, -0.0026,  0.0105, -0.0048, -0.0157, -0.0051,  0.0066,
       -0.0026, -0.0086,  0.0553, -0.0095, -0.0017, -0.0045, -0.8424,
       -0.883 , -0.1927,  0.5   ,  0.5   ,  0.5   , -0.3424, -0.383 ,
        0.3073], dtype=float32), 'rewards': -3.0466011970981564, 'masks': 1.0, 'dones': False}, {'observations': array([ 0.2004, -0.0508, -1.    ,  0.    ,  0.    ,  0.    ,  0.    ,
        0.2362, -0.0598, -1.    ,  0.    ,  0.    ,  0.    ,  0.    ,
        0.2347,  1.    ,  0.2551,  1.    , -0.5264, -1.5185,  2.0582,
       -2.1341, -1.5737,  0.002 ,  2.866 , -1.3761,  1.9216, -2.1079,
       -1.4329,  0.2474,  0.1971,  0.0381,  2.5048,  0.4828, -0.7931,
        1.6909, -0.0863,  0.1979, -0.009 ,  0.0018,  0.0052, -0.0427,
        0.0059,  0.0007,  0.0013, -0.1359,  0.0014, -0.0306, -0.0106,
       -0.0331,  0.0001, -0.0395,  0.0213,  0.1218, -0.0474,  0.2276,
       -0.0491, -0.0026,  0.0105, -0.0048, -0.0157, -0.0051,  0.0066,
       -0.0026, -0.0086,  0.0553, -0.0095, -0.0017, -0.0045, -0.8424,
       -0.883 , -0.1927,  0.5   ,  0.5   ,  0.5   , -0.3424, -0.383 ,
        0.3073], dtype=float32), 'actions': array([ 0.053 ,  0.1989,  1.0002,  0.    ,  0.    ,  0.    ,  0.    ,
       -0.0644, -0.2402,  1.0004,  0.    ,  0.    ,  0.    ,  0.    ]), 'next_observations': array([ 0.2004, -0.0508, -1.    ,  0.    ,  0.    ,  0.    ,  0.    ,
        0.2427, -0.0616, -1.    ,  0.    ,  0.    ,  0.    ,  0.    ,
        0.2347,  1.    ,  0.2551,  1.    , -0.5264, -1.518 ,  2.0622,
       -2.14  , -1.574 ,  0.0021,  2.866 , -1.3672,  1.9263, -2.1221,
       -1.4334,  0.2472,  0.1546,  0.7038,  2.3465, -0.0381, -0.2656,
        2.2378, -0.0867,  0.1979, -0.0051,  0.0018,  0.0058, -0.0412,
        0.0062,  0.0008,  0.0013, -0.1361,  0.0004, -0.0254, -0.0104,
       -0.033 ,  0.0001, -0.0704,  0.0144,  0.091 , -0.0895,  0.1896,
       -0.0365,  0.0024, -0.    ,  0.0517,  0.0405,  0.0038, -0.0143,
       -0.0015, -0.0064,  0.0212,  0.0002,  0.0017,  0.0024, -0.8424,
       -0.883 , -0.1927,  0.5   ,  0.5   ,  0.5   , -0.3424, -0.383 ,
        0.3073], dtype=float32), 'rewards': -3.046090643135625, 'masks': 1.0, 'dones': False}, {'observations': array([ 0.2004, -0.0508, -1.    ,  0.    ,  0.    ,  0.    ,  0.    ,
        0.2427, -0.0616, -1.    ,  0.    ,  0.    ,  0.    ,  0.    ,
        0.2347,  1.    ,  0.2551,  1.    , -0.5264, -1.518 ,  2.0622,
       -2.14  , -1.574 ,  0.0021,  2.866 , -1.3672,  1.9263, -2.1221,
       -1.4334,  0.2472,  0.1546,  0.7038,  2.3465, -0.0381, -0.2656,
        2.2378, -0.0867,  0.1979, -0.0051,  0.0018,  0.0058, -0.0412,
        0.0062,  0.0008,  0.0013, -0.1361,  0.0004, -0.0254, -0.0104,
       -0.033 ,  0.0001, -0.0704,  0.0144,  0.091 , -0.0895,  0.1896,
       -0.0365,  0.0024, -0.    ,  0.0517,  0.0405,  0.0038, -0.0143,
       -0.0015, -0.0064,  0.0212,  0.0002,  0.0017,  0.0024, -0.8424,
       -0.883 , -0.1927,  0.5   ,  0.5   ,  0.5   , -0.3424, -0.383 ,
        0.3073], dtype=float32), 'actions': array([ 0.0513,  0.1924,  1.0002,  0.    ,  0.    ,  0.    ,  0.    ,
       -0.0754, -0.279 ,  1.0005,  0.    ,  0.    ,  0.    ,  0.    ]), 'next_observations': array([ 0.1939, -0.0491, -1.    ,  0.    ,  0.    ,  0.    ,  0.    ,
        0.2819, -0.0714, -1.    ,  0.    ,  0.    ,  0.    ,  0.    ,
        0.2347,  1.    ,  0.2449,  1.    , -0.527 , -1.516 ,  2.0692,
       -2.1474, -1.5737,  0.0021,  2.866 , -1.3606,  1.9284, -2.1299,
       -1.4333,  0.2473, -0.1255,  0.8688,  2.3103,  0.0641, -0.2511,
        2.4143, -0.0865,  0.1979, -0.0048,  0.002 ,  0.0068, -0.038 ,
        0.0058,  0.0007,  0.0015, -0.1363, -0.0004, -0.0218, -0.0107,
       -0.033 ,  0.0002, -0.0959, -0.0068,  0.0955, -0.0875,  0.1888,
       -0.0332,  0.0069,  0.0161,  0.0592, -0.0003, -0.0012,  0.0211,
       -0.0033, -0.0151,  0.0436, -0.0163,  0.0075,  0.0005, -0.8424,
       -0.883 , -0.1927,  0.5   ,  0.5   ,  0.5   , -0.3424, -0.383 ,
        0.3073], dtype=float32), 'rewards': -3.0639635018512315, 'masks': 1.0, 'dones': False}, {'observations': array([ 0.1939, -0.0491, -1.    ,  0.    ,  0.    ,  0.    ,  0.    ,
        0.2819, -0.0714, -1.    ,  0.    ,  0.    ,  0.    ,  0.    ,
        0.2347,  1.    ,  0.2449,  1.    , -0.527 , -1.516 ,  2.0692,
       -2.1474, -1.5737,  0.0021,  2.866 , -1.3606,  1.9284, -2.1299,
       -1.4333,  0.2473, -0.1255,  0.8688,  2.3103,  0.0641, -0.2511,
        2.4143, -0.0865,  0.1979, -0.0048,  0.002 ,  0.0068, -0.038 ,
        0.0058,  0.0007,  0.0015, -0.1363, -0.0004, -0.0218, -0.0107,
       -0.033 ,  0.0002, -0.0959, -0.0068,  0.0955, -0.0875,  0.1888,
       -0.0332,  0.0069,  0.0161,  0.0592, -0.0003, -0.0012,  0.0211,
       -0.0033, -0.0151,  0.0436, -0.0163,  0.0075,  0.0005, -0.8424,
       -0.883 , -0.1927,  0.5   ,  0.5   ,  0.5   , -0.3424, -0.383 ,
        0.3073], dtype=float32), 'actions': array([ 0.0513,  0.1924,  1.0002,  0.    ,  0.    ,  0.    ,  0.    ,
       -0.0836, -0.3081,  1.0006,  0.    ,  0.    ,  0.    ,  0.    ]), 'next_observations': array([ 0.1939, -0.0491, -1.    ,  0.    ,  0.    ,  0.    ,  0.    ,
        0.3112, -0.0788, -1.    ,  0.    ,  0.    ,  0.    ,  0.    ,
        0.2347,  1.    ,  0.2551,  1.    , -0.5274, -1.506 ,  2.0831,
       -2.1683, -1.5732,  0.0006,  2.8664, -1.3438,  1.9318, -2.1489,
       -1.4336,  0.2471,  0.1696,  1.0029,  2.2924,  0.619 , -1.5225,
        2.4529, -0.0879,  0.1979, -0.005 ,  0.0021,  0.0079, -0.0295,
        0.0051,  0.0006,  0.0012, -0.1371, -0.0027, -0.0135, -0.0109,
       -0.0328,  0.    , -0.1135, -0.0057,  0.1114, -0.0128,  0.1817,
       -0.0301, -0.0007, -0.0129,  0.0097, -0.006 ,  0.0059,  0.0038,
       -0.0031, -0.0046,  0.028 , -0.0022,  0.006 , -0.0014, -0.8424,
       -0.883 , -0.1927,  0.5   ,  0.5   ,  0.5   , -0.3424, -0.383 ,
        0.3073], dtype=float32), 'rewards': -3.0798767132822173, 'masks': 1.0, 'dones': False}, {'observations': array([ 0.1939, -0.0491, -1.    ,  0.    ,  0.    ,  0.    ,  0.    ,
        0.3112, -0.0788, -1.    ,  0.    ,  0.    ,  0.    ,  0.    ,
        0.2347,  1.    ,  0.2551,  1.    , -0.5274, -1.506 ,  2.0831,
       -2.1683, -1.5732,  0.0006,  2.8664, -1.3438,  1.9318, -2.1489,
       -1.4336,  0.2471,  0.1696,  1.0029,  2.2924,  0.619 , -1.5225,
        2.4529, -0.0879,  0.1979, -0.005 ,  0.0021,  0.0079, -0.0295,
        0.0051,  0.0006,  0.0012, -0.1371, -0.0027, -0.0135, -0.0109,
       -0.0328,  0.    , -0.1135, -0.0057,  0.1114, -0.0128,  0.1817,
       -0.0301, -0.0007, -0.0129,  0.0097, -0.006 ,  0.0059,  0.0038,
       -0.0031, -0.0046,  0.028 , -0.0022,  0.006 , -0.0014, -0.8424,
       -0.883 , -0.1927,  0.5   ,  0.5   ,  0.5   , -0.3424, -0.383 ,
        0.3073], dtype=float32), 'actions': array([ 0.0523,  0.1956,  1.0002,  0.    ,  0.    ,  0.    ,  0.    ,
       -0.0801, -0.2951,  1.0006,  0.    ,  0.    ,  0.    ,  0.    ]), 'next_observations': array([ 0.1972, -0.0498, -1.    ,  0.    ,  0.    ,  0.    ,  0.    ,
        0.2982, -0.0754, -1.    ,  0.    ,  0.    ,  0.    ,  0.    ,
        0.2347,  1.    ,  0.2551,  1.    , -0.5281, -1.5005,  2.0911,
       -2.1815, -1.573 ,  0.0007,  2.8667, -1.3334,  1.9336, -2.1605,
       -1.4335,  0.2471, -0.4779,  1.2362,  2.3495, -0.2978,  0.4961,
        2.9472, -0.0887,  0.1981, -0.0051,  0.0024,  0.0084, -0.025 ,
        0.005 ,  0.0005,  0.0014, -0.1376, -0.0041, -0.009 , -0.011 ,
       -0.0328, -0.    , -0.1618, -0.0648,  0.0973, -0.1265,  0.1148,
       -0.029 ,  0.0016, -0.0072,  0.0194, -0.0268,  0.0186,  0.0111,
       -0.0023, -0.0086,  0.034 , -0.0198,  0.0064,  0.0019, -0.8424,
       -0.883 , -0.1927,  0.5   ,  0.5   ,  0.5   , -0.3424, -0.383 ,
        0.3073], dtype=float32), 'rewards': -3.07846370883183, 'masks': 1.0, 'dones': False}, {'observations': array([ 0.1972, -0.0498, -1.    ,  0.    ,  0.    ,  0.    ,  0.    ,
        0.2982, -0.0754, -1.    ,  0.    ,  0.    ,  0.    ,  0.    ,
        0.2347,  1.    ,  0.2551,  1.    , -0.5281, -1.5005,  2.0911,
       -2.1815, -1.573 ,  0.0007,  2.8667, -1.3334,  1.9336, -2.1605,
       -1.4335,  0.2471, -0.4779,  1.2362,  2.3495, -0.2978,  0.4961,
        2.9472, -0.0887,  0.1981, -0.0051,  0.0024,  0.0084, -0.025 ,
        0.005 ,  0.0005,  0.0014, -0.1376, -0.0041, -0.009 , -0.011 ,
       -0.0328, -0.    , -0.1618, -0.0648,  0.0973, -0.1265,  0.1148,
       -0.029 ,  0.0016, -0.0072,  0.0194, -0.0268,  0.0186,  0.0111,
       -0.0023, -0.0086,  0.034 , -0.0198,  0.0064,  0.0019, -0.8424,
       -0.883 , -0.1927,  0.5   ,  0.5   ,  0.5   , -0.3424, -0.383 ,
        0.3073], dtype=float32), 'actions': array([ 0.0531,  0.1988,  1.0002,  0.    ,  0.    ,  0.    ,  0.    ,
       -0.08  , -0.2951,  1.0006,  0.    ,  0.    ,  0.    ,  0.    ]), 'next_observations': array([ 0.2004, -0.0507, -1.    ,  0.    ,  0.    ,  0.    ,  0.    ,
        0.2982, -0.0755, -1.    ,  0.    ,  0.    ,  0.    ,  0.    ,
        0.2347,  1.    ,  0.2551,  1.    , -0.5289, -1.4967,  2.1036,
       -2.1986, -1.5721, -0.0004,  2.8666, -1.3217,  1.9351, -2.1721,
       -1.4331,  0.247 , -0.5447,  1.9147,  2.5661, -1.0597,  2.3818,
        3.119 , -0.0892,  0.198 , -0.0026,  0.0025,  0.0099, -0.0213,
        0.0051,  0.0004,  0.0013, -0.138 , -0.0058, -0.0029, -0.0115,
       -0.0328,  0.    , -0.2184, -0.0949,  0.0891, -0.2489,  0.0505,
       -0.0327,  0.0037,  0.0304,  0.0779,  0.0293, -0.0211, -0.0092,
       -0.0037, -0.014 ,  0.0379,  0.0046, -0.0038, -0.0024, -0.8424,
       -0.883 , -0.1927,  0.5   ,  0.5   ,  0.5   , -0.3424, -0.383 ,
        0.3073], dtype=float32), 'rewards': -3.094027278977761, 'masks': 1.0, 'dones': False}, {'observations': array([ 0.2004, -0.0507, -1.    ,  0.    ,  0.    ,  0.    ,  0.    ,
        0.2982, -0.0755, -1.    ,  0.    ,  0.    ,  0.    ,  0.    ,
        0.2347,  1.    ,  0.2551,  1.    , -0.5289, -1.4967,  2.1036,
       -2.1986, -1.5721, -0.0004,  2.8666, -1.3217,  1.9351, -2.1721,
       -1.4331,  0.247 , -0.5447,  1.9147,  2.5661, -1.0597,  2.3818,
        3.119 , -0.0892,  0.198 , -0.0026,  0.0025,  0.0099, -0.0213,
        0.0051,  0.0004,  0.0013, -0.138 , -0.0058, -0.0029, -0.0115,
       -0.0328,  0.    , -0.2184, -0.0949,  0.0891, -0.2489,  0.0505,
       -0.0327,  0.0037,  0.0304,  0.0779,  0.0293, -0.0211, -0.0092,
       -0.0037, -0.014 ,  0.0379,  0.0046, -0.0038, -0.0024, -0.8424,
       -0.883 , -0.1927,  0.5   ,  0.5   ,  0.5   , -0.3424, -0.383 ,
        0.3073], dtype=float32), 'actions': array([ 0.0514,  0.1923,  1.0002,  0.    ,  0.    ,  0.    ,  0.    ,
       -0.0719, -0.266 ,  1.0005,  0.    ,  0.    ,  0.    ,  0.    ]), 'next_observations': array([ 0.1939, -0.049 , -1.    ,  0.    ,  0.    ,  0.    ,  0.    ,
        0.2689, -0.0679, -1.    ,  0.    ,  0.    ,  0.    ,  0.    ,
        0.2347,  1.    ,  0.2449,  1.    , -0.5297, -1.4871,  2.1159,
       -2.2196, -1.5713, -0.001 ,  2.8668, -1.31  ,  1.9364, -2.1881,
       -1.4323,  0.2469, -1.4542,  3.9715,  3.0491, -1.6718,  4.0655,
        3.7104, -0.0901,  0.1981, -0.0061,  0.0028,  0.011 , -0.0127,
        0.005 ,  0.0002,  0.0013, -0.1387, -0.0078,  0.0022, -0.0108,
       -0.0332, -0.0001, -0.3823, -0.1902,  0.0818, -0.4013, -0.0239,
       -0.0327,  0.002 ,  0.0221,  0.0831,  0.057 , -0.0195, -0.0114,
       -0.0004, -0.0018,  0.0203, -0.0178,  0.0029, -0.0016, -0.8424,
       -0.883 , -0.1927,  0.5   ,  0.5   ,  0.5   , -0.3424, -0.383 ,
        0.3073], dtype=float32), 'rewards': -3.0934009038882726, 'masks': 1.0, 'dones': False}, {'observations': array([ 0.1939, -0.049 , -1.    ,  0.    ,  0.    ,  0.    ,  0.    ,
        0.2689, -0.0679, -1.    ,  0.    ,  0.    ,  0.    ,  0.    ,
        0.2347,  1.    ,  0.2449,  1.    , -0.5297, -1.4871,  2.1159,
       -2.2196, -1.5713, -0.001 ,  2.8668, -1.31  ,  1.9364, -2.1881,
       -1.4323,  0.2469, -1.4542,  3.9715,  3.0491, -1.6718,  4.0655,
        3.7104, -0.0901,  0.1981, -0.0061,  0.0028,  0.011 , -0.0127,
        0.005 ,  0.0002,  0.0013, -0.1387, -0.0078,  0.0022, -0.0108,
       -0.0332, -0.0001, -0.3823, -0.1902,  0.0818, -0.4013, -0.0239,
       -0.0327,  0.002 ,  0.0221,  0.0831,  0.057 , -0.0195, -0.0114,
       -0.0004, -0.0018,  0.0203, -0.0178,  0.0029, -0.0016, -0.8424,
       -0.883 , -0.1927,  0.5   ,  0.5   ,  0.5   , -0.3424, -0.383 ,
        0.3073], dtype=float32), 'actions': array([ 0.0495,  0.1859,  1.0002,  0.    ,  0.    ,  0.    ,  0.    ,
       -0.0248, -0.0313,  1.0001,  0.    ,  0.    ,  0.    ,  0.    ]), 'next_observations': array([ 0.1874, -0.0473, -1.    ,  0.    ,  0.    ,  0.    ,  0.    ,
        0.042 ,  0.0085, -1.    ,  0.    ,  0.    ,  0.    ,  0.    ,
        0.2347,  1.    ,  0.2551,  1.    , -0.5299, -1.4869,  2.1147,
       -2.216 , -1.571 , -0.0008,  2.8671, -1.3008,  1.9378, -2.1951,
       -1.4307,  0.2467, -1.9552,  5.6362,  3.4845, -1.9688,  5.703 ,
        4.0882, -0.091 ,  0.1981, -0.0018,  0.0029,  0.011 , -0.0123,
        0.0044,  0.    ,  0.0014, -0.1392, -0.0086,  0.0069, -0.0118,
       -0.0333, -0.0001, -0.5302, -0.2479,  0.074 , -0.5099, -0.0679,
       -0.0297, -0.0014,  0.0278,  0.0703,  0.1583, -0.0245, -0.0281,
       -0.0033, -0.0058,  0.0262, -0.0078, -0.0028, -0.0036, -0.8424,
       -0.883 , -0.1927,  0.5   ,  0.5   ,  0.5   , -0.3424, -0.383 ,
        0.3073], dtype=float32), 'rewards': -3.1119728650498235, 'masks': 1.0, 'dones': False}, {'observations': array([ 0.1874, -0.0473, -1.    ,  0.    ,  0.    ,  0.    ,  0.    ,
        0.042 ,  0.0085, -1.    ,  0.    ,  0.    ,  0.    ,  0.    ,
        0.2347,  1.    ,  0.2551,  1.    , -0.5299, -1.4869,  2.1147,
       -2.216 , -1.571 , -0.0008,  2.8671, -1.3008,  1.9378, -2.1951,
       -1.4307,  0.2467, -1.9552,  5.6362,  3.4845, -1.9688,  5.703 ,
        4.0882, -0.091 ,  0.1981, -0.0018,  0.0029,  0.011 , -0.0123,
        0.0044,  0.    ,  0.0014, -0.1392, -0.0086,  0.0069, -0.0118,
       -0.0333, -0.0001, -0.5302, -0.2479,  0.074 , -0.5099, -0.0679,
       -0.0297, -0.0014,  0.0278,  0.0703,  0.1583, -0.0245, -0.0281,
       -0.0033, -0.0058,  0.0262, -0.0078, -0.0028, -0.0036, -0.8424,
       -0.883 , -0.1927,  0.5   ,  0.5   ,  0.5   , -0.3424, -0.383 ,
        0.3073], dtype=float32), 'actions': array([ 0.0366,  0.1406,  1.0001,  0.    ,  0.    ,  0.    ,  0.    ,
       -0.1631,  0.0479,  1.0005,  0.    ,  0.    ,  0.    ,  0.    ]), 'next_observations': array([ 0.1418, -0.0358, -1.    ,  0.    ,  0.    ,  0.    ,  0.    ,
        0.0424,  0.1678, -1.    ,  0.    ,  0.    ,  0.    ,  0.    ,
        0.2347,  1.    ,  0.2551,  1.    , -0.5328, -1.4754,  2.1276,
       -2.2348, -1.5705, -0.0016,  2.8675, -1.2989,  1.9402, -2.2021,
       -1.4323,  0.2465, -1.4559,  5.3349,  3.8162, -2.051 ,  4.4963,
        3.7931, -0.0895,  0.1986, -0.0091,  0.0041,  0.0121, -0.0036,
        0.0029, -0.0001,  0.0019, -0.1392, -0.0086,  0.0083, -0.011 ,
       -0.0331, -0.0004, -0.4614, -0.205 ,  0.0978, -0.4532, -0.0972,
       -0.0292,  0.0034,  0.0053,  0.0281, -0.0053, -0.0039,  0.0081,
       -0.0027,  0.0017, -0.0514, -0.0086,  0.0147, -0.0139, -0.8424,
       -0.883 , -0.1927,  0.5   ,  0.5   ,  0.5   , -0.3424, -0.383 ,
        0.3073], dtype=float32), 'rewards': -3.1191184199693067, 'masks': 1.0, 'dones': False}, {'observations': array([ 0.1418, -0.0358, -1.    ,  0.    ,  0.    ,  0.    ,  0.    ,
        0.0424,  0.1678, -1.    ,  0.    ,  0.    ,  0.    ,  0.    ,
        0.2347,  1.    ,  0.2551,  1.    , -0.5328, -1.4754,  2.1276,
       -2.2348, -1.5705, -0.0016,  2.8675, -1.2989,  1.9402, -2.2021,
       -1.4323,  0.2465, -1.4559,  5.3349,  3.8162, -2.051 ,  4.4963,
        3.7931, -0.0895,  0.1986, -0.0091,  0.0041,  0.0121, -0.0036,
        0.0029, -0.0001,  0.0019, -0.1392, -0.0086,  0.0083, -0.011 ,
       -0.0331, -0.0004, -0.4614, -0.205 ,  0.0978, -0.4532, -0.0972,
       -0.0292,  0.0034,  0.0053,  0.0281, -0.0053, -0.0039,  0.0081,
       -0.0027,  0.0017, -0.0514, -0.0086,  0.0147, -0.0139, -0.8424,
       -0.883 , -0.1927,  0.5   ,  0.5   ,  0.5   , -0.3424, -0.383 ,
        0.3073], dtype=float32), 'actions': array([ 0.0373,  0.1439,  1.0001,  0.    ,  0.    ,  0.    ,  0.    ,
       -0.1664,  0.0485,  1.0005,  0.    ,  0.    ,  0.    ,  0.    ]), 'next_observations': array([ 0.145 , -0.0369, -1.    ,  0.    ,  0.    ,  0.    ,  0.    ,
        0.0436,  0.171 , -1.    ,  0.    ,  0.    ,  0.    ,  0.    ,
        0.2347,  1.    ,  0.2449,  1.    , -0.5328, -1.4718,  2.1324,
       -2.2443, -1.5704, -0.0014,  2.8675, -1.2807,  1.9521, -2.236 ,
       -1.4298,  0.2469, -0.9384,  4.1051,  3.9203, -1.7751,  4.261 ,
        4.1818, -0.0898,  0.1984, -0.0007,  0.0041,  0.0125, -0.0009,
        0.0032, -0.0001,  0.0019, -0.1396, -0.0091,  0.0194, -0.0103,
       -0.034 , -0.0003, -0.3761, -0.1594,  0.0935, -0.4066, -0.086 ,
       -0.0473, -0.0058, -0.0084, -0.0073, -0.0187,  0.0044, -0.0095,
        0.0007,  0.003 ,  0.0827, -0.0038, -0.0126,  0.0127, -0.8424,
       -0.883 , -0.1927,  0.5   ,  0.5   ,  0.5   , -0.3424, -0.383 ,
        0.3073], dtype=float32), 'rewards': -3.1267227091960588, 'masks': 1.0, 'dones': False}, {'observations': array([ 0.145 , -0.0369, -1.    ,  0.    ,  0.    ,  0.    ,  0.    ,
        0.0436,  0.171 , -1.    ,  0.    ,  0.    ,  0.    ,  0.    ,
        0.2347,  1.    ,  0.2449,  1.    , -0.5328, -1.4718,  2.1324,
       -2.2443, -1.5704, -0.0014,  2.8675, -1.2807,  1.9521, -2.236 ,
       -1.4298,  0.2469, -0.9384,  4.1051,  3.9203, -1.7751,  4.261 ,
        4.1818, -0.0898,  0.1984, -0.0007,  0.0041,  0.0125, -0.0009,
        0.0032, -0.0001,  0.0019, -0.1396, -0.0091,  0.0194, -0.0103,
       -0.034 , -0.0003, -0.3761, -0.1594,  0.0935, -0.4066, -0.086 ,
       -0.0473, -0.0058, -0.0084, -0.0073, -0.0187,  0.0044, -0.0095,
        0.0007,  0.003 ,  0.0827, -0.0038, -0.0126,  0.0127, -0.8424,
       -0.883 , -0.1927,  0.5   ,  0.5   ,  0.5   , -0.3424, -0.383 ,
        0.3073], dtype=float32), 'actions': array([ 0.0141,  0.0566,  0.5631,  0.0016, -0.0005,  0.    ,  0.    ,
        0.0023,  0.0006,  0.6706,  0.    ,  0.    ,  0.    ,  0.    ]), 'next_observations': array([ 0.057 , -0.0145, -0.563 ,  0.0004,  0.0016,  0.    ,  0.    ,
        0.    ,  0.    , -0.6706,  0.    ,  0.    ,  0.    ,  0.    ,
        0.2347,  1.    ,  0.2551,  1.    , -0.5334, -1.4592,  2.153 ,
       -2.2865, -1.573 , -0.0018,  2.8716, -1.2763,  1.9534, -2.2416,
       -1.4304,  0.2499,  1.4746, -0.6624,  3.0175,  0.483 , -1.1009,
        2.6695, -0.0883,  0.1956, -0.0094,  0.0045,  0.0144,  0.0089,
        0.0055,  0.0006,  0.002 , -0.1417, -0.0084,  0.0205, -0.0103,
       -0.0336, -0.0007,  0.0562,  0.1216,  0.0884,  0.0161,  0.1352,
       -0.0716,  0.0028,  0.0014,  0.0362,  0.0192,  0.0147,  0.0037,
        0.0062,  0.0003,  0.0888, -0.0276, -0.07  ,  0.018 , -0.8424,
       -0.883 , -0.1927,  0.5   ,  0.5   ,  0.5   , -0.3424, -0.383 ,
        0.3073], dtype=float32), 'rewards': -3.0944523657157097, 'masks': 1.0, 'dones': False}, {'observations': array([ 0.057 , -0.0145, -0.563 ,  0.0004,  0.0016,  0.    ,  0.    ,
        0.    ,  0.    , -0.6706,  0.    ,  0.    ,  0.    ,  0.    ,
        0.2347,  1.    ,  0.2551,  1.    , -0.5334, -1.4592,  2.153 ,
       -2.2865, -1.573 , -0.0018,  2.8716, -1.2763,  1.9534, -2.2416,
       -1.4304,  0.2499,  1.4746, -0.6624,  3.0175,  0.483 , -1.1009,
        2.6695, -0.0883,  0.1956, -0.0094,  0.0045,  0.0144,  0.0089,
        0.0055,  0.0006,  0.002 , -0.1417, -0.0084,  0.0205, -0.0103,
       -0.0336, -0.0007,  0.0562,  0.1216,  0.0884,  0.0161,  0.1352,
       -0.0716,  0.0028,  0.0014,  0.0362,  0.0192,  0.0147,  0.0037,
        0.0062,  0.0003,  0.0888, -0.0276, -0.07  ,  0.018 , -0.8424,
       -0.883 , -0.1927,  0.5   ,  0.5   ,  0.5   , -0.3424, -0.383 ,
        0.3073], dtype=float32), 'actions': array([0., 0., 0., 0., 0., 0., 0., 0., 0., 0., 0., 0., 0., 0.]), 'next_observations': array([ 0.    ,  0.    ,  0.    ,  0.    ,  0.    ,  0.    ,  0.    ,
        0.    ,  0.    ,  0.    ,  0.    ,  0.    ,  0.    ,  0.    ,
        0.2347,  1.    ,  0.2551,  1.    , -0.533 , -1.4609,  2.1444,
       -2.2678, -1.5709, -0.0014,  2.8693, -1.2704,  1.9582, -2.2574,
       -1.4304,  0.2485,  2.014 , -1.3137,  3.0779,  1.9906, -3.7092,
        2.3007, -0.0895,  0.1972, -0.0024,  0.0042,  0.0134,  0.0066,
        0.0033,  0.    ,  0.002 , -0.1405, -0.0092,  0.0252, -0.0091,
       -0.0341, -0.0004,  0.1513,  0.2149,  0.0604,  0.2507,  0.2651,
       -0.0333, -0.0021, -0.0029, -0.0087, -0.0235, -0.0219,  0.0007,
        0.0013, -0.0019,  0.0696, -0.0908, -0.0777,  0.0133, -0.8424,
       -0.883 , -0.1927,  0.5   ,  0.5   ,  0.5   , -0.3424, -0.383 ,
        0.3073], dtype=float32), 'rewards': -3.0245807539229776, 'masks': 1.0, 'dones': False}, {'observations': array([ 0.    ,  0.    ,  0.    ,  0.    ,  0.    ,  0.    ,  0.    ,
        0.    ,  0.    ,  0.    ,  0.    ,  0.    ,  0.    ,  0.    ,
        0.2347,  1.    ,  0.2551,  1.    , -0.533 , -1.4609,  2.1444,
       -2.2678, -1.5709, -0.0014,  2.8693, -1.2704,  1.9582, -2.2574,
       -1.4304,  0.2485,  2.014 , -1.3137,  3.0779,  1.9906, -3.7092,
        2.3007, -0.0895,  0.1972, -0.0024,  0.0042,  0.0134,  0.0066,
        0.0033,  0.    ,  0.002 , -0.1405, -0.0092,  0.0252, -0.0091,
       -0.0341, -0.0004,  0.1513,  0.2149,  0.0604,  0.2507,  0.2651,
       -0.0333, -0.0021, -0.0029, -0.0087, -0.0235, -0.0219,  0.0007,
        0.0013, -0.0019,  0.0696, -0.0908, -0.0777,  0.0133, -0.8424,
       -0.883 , -0.1927,  0.5   ,  0.5   ,  0.5   , -0.3424, -0.383 ,
        0.3073], dtype=float32), 'actions': array([0., 0., 0., 0., 0., 0., 0., 0., 0., 0., 0., 0., 0., 0.]), 'next_observations': array([ 0.    ,  0.    ,  0.    ,  0.    ,  0.    ,  0.    ,  0.    ,
        0.    ,  0.    ,  0.    ,  0.    ,  0.    ,  0.    ,  0.    ,
        0.2347,  1.    ,  0.2551,  1.    , -0.5332, -1.46  ,  2.1478,
       -2.2754, -1.5722, -0.0015,  2.871 , -1.276 ,  1.9543, -2.2448,
       -1.4345,  0.2489,  1.3228, -0.5418,  2.978 ,  1.9043, -3.4925,
        2.7591, -0.0891,  0.1967, -0.0043,  0.0044,  0.0137,  0.0076,
        0.0042,  0.0003,  0.002 , -0.1409, -0.0089,  0.0243, -0.0095,
       -0.0339, -0.0006,  0.0924,  0.1468,  0.0351,  0.2075,  0.2676,
       -0.0599,  0.0014,  0.0036,  0.0091,  0.0331,  0.0152,  0.0033,
        0.0026,  0.0052, -0.0352, -0.018 ,  0.0809, -0.0093, -0.8424,
       -0.883 , -0.1927,  0.5   ,  0.5   ,  0.5   , -0.3424, -0.383 ,
        0.3073], dtype=float32), 'rewards': -2.9591483297270016, 'masks': 1.0, 'dones': False}, {'observations': array([ 0.    ,  0.    ,  0.    ,  0.    ,  0.    ,  0.    ,  0.    ,
        0.    ,  0.    ,  0.    ,  0.    ,  0.    ,  0.    ,  0.    ,
        0.2347,  1.    ,  0.2551,  1.    , -0.5332, -1.46  ,  2.1478,
       -2.2754, -1.5722, -0.0015,  2.871 , -1.276 ,  1.9543, -2.2448,
       -1.4345,  0.2489,  1.3228, -0.5418,  2.978 ,  1.9043, -3.4925,
        2.7591, -0.0891,  0.1967, -0.0043,  0.0044,  0.0137,  0.0076,
        0.0042,  0.0003,  0.002 , -0.1409, -0.0089,  0.0243, -0.0095,
       -0.0339, -0.0006,  0.0924,  0.1468,  0.0351,  0.2075,  0.2676,
       -0.0599,  0.0014,  0.0036,  0.0091,  0.0331,  0.0152,  0.0033,
        0.0026,  0.0052, -0.0352, -0.018 ,  0.0809, -0.0093, -0.8424,
       -0.883 , -0.1927,  0.5   ,  0.5   ,  0.5   , -0.3424, -0.383 ,
        0.3073], dtype=float32), 'actions': array([0., 0., 0., 0., 0., 0., 0., 0., 0., 0., 0., 0., 0., 0.]), 'next_observations': array([ 0.    ,  0.    ,  0.    ,  0.    ,  0.    ,  0.    ,  0.    ,
        0.    ,  0.    ,  0.    ,  0.    ,  0.    ,  0.    ,  0.    ,
        0.2347,  1.    ,  0.2551,  1.    , -0.5333, -1.4596,  2.1481,
       -2.2759, -1.5725, -0.0016,  2.8712, -1.2764,  1.9539, -2.2405,
       -1.4387,  0.25  ,  1.2241, -0.888 ,  2.9219,  1.5277, -2.8067,
        2.8211, -0.0883,  0.1969, -0.0068,  0.0045,  0.0138,  0.0079,
        0.0042,  0.0004,  0.002 , -0.1405, -0.0084,  0.0221, -0.0102,
       -0.0317, -0.0004,  0.1001,  0.1351,  0.0435,  0.1815,  0.2634,
       -0.0542, -0.    , -0.0017, -0.0022, -0.009 , -0.0006,  0.0037,
       -0.0059, -0.0045,  0.0153,  0.046 , -0.066 , -0.0051, -0.8424,
       -0.883 , -0.1927,  0.5   ,  0.5   ,  0.5   , -0.3424, -0.383 ,
        0.3073], dtype=float32), 'rewards': -2.945892514808493, 'masks': 1.0, 'dones': False}, {'observations': array([ 0.    ,  0.    ,  0.    ,  0.    ,  0.    ,  0.    ,  0.    ,
        0.    ,  0.    ,  0.    ,  0.    ,  0.    ,  0.    ,  0.    ,
        0.2347,  1.    ,  0.2551,  1.    , -0.5333, -1.4596,  2.1481,
       -2.2759, -1.5725, -0.0016,  2.8712, -1.2764,  1.9539, -2.2405,
       -1.4387,  0.25  ,  1.2241, -0.888 ,  2.9219,  1.5277, -2.8067,
        2.8211, -0.0883,  0.1969, -0.0068,  0.0045,  0.0138,  0.0079,
        0.0042,  0.0004,  0.002 , -0.1405, -0.0084,  0.0221, -0.0102,
       -0.0317, -0.0004,  0.1001,  0.1351,  0.0435,  0.1815,  0.2634,
       -0.0542, -0.    , -0.0017, -0.0022, -0.009 , -0.0006,  0.0037,
       -0.0059, -0.0045,  0.0153,  0.046 , -0.066 , -0.0051, -0.8424,
       -0.883 , -0.1927,  0.5   ,  0.5   ,  0.5   , -0.3424, -0.383 ,
        0.3073], dtype=float32), 'actions': array([0., 0., 0., 0., 0., 0., 0., 0., 0., 0., 0., 0., 0., 0.]), 'next_observations': array([ 0.    ,  0.    ,  0.    ,  0.    ,  0.    ,  0.    ,  0.    ,
        0.    ,  0.    ,  0.    ,  0.    ,  0.    ,  0.    ,  0.    ,
        0.2347,  1.    ,  0.2551,  1.    , -0.5332, -1.4598,  2.1477,
       -2.2753, -1.5725, -0.0016,  2.8707, -1.2742,  1.9554, -2.2461,
       -1.4336,  0.2495,  1.1142, -1.0146,  2.7573,  1.3721, -2.8428,
        2.914 , -0.0887,  0.1967, -0.0054,  0.0044,  0.0137,  0.0076,
        0.0042,  0.0004,  0.002 , -0.1408, -0.0086,  0.0232, -0.0101,
       -0.033 , -0.0005,  0.098 ,  0.1243,  0.0359,  0.1793,  0.2459,
       -0.0341, -0.0015,  0.0024,  0.0012, -0.0022,  0.0008, -0.004 ,
       -0.0009,  0.001 ,  0.007 , -0.0067, -0.0134,  0.0004, -0.8424,
       -0.883 , -0.1927,  0.5   ,  0.5   ,  0.5   , -0.3424, -0.383 ,
        0.3073], dtype=float32), 'rewards': -2.958183568174594, 'masks': 1.0, 'dones': False}, {'observations': array([ 0.    ,  0.    ,  0.    ,  0.    ,  0.    ,  0.    ,  0.    ,
        0.    ,  0.    ,  0.    ,  0.    ,  0.    ,  0.    ,  0.    ,
        0.2347,  1.    ,  0.2551,  1.    , -0.5332, -1.4598,  2.1477,
       -2.2753, -1.5725, -0.0016,  2.8707, -1.2742,  1.9554, -2.2461,
       -1.4336,  0.2495,  1.1142, -1.0146,  2.7573,  1.3721, -2.8428,
        2.914 , -0.0887,  0.1967, -0.0054,  0.0044,  0.0137,  0.0076,
        0.0042,  0.0004,  0.002 , -0.1408, -0.0086,  0.0232, -0.0101,
       -0.033 , -0.0005,  0.098 ,  0.1243,  0.0359,  0.1793,  0.2459,
       -0.0341, -0.0015,  0.0024,  0.0012, -0.0022,  0.0008, -0.004 ,
       -0.0009,  0.001 ,  0.007 , -0.0067, -0.0134,  0.0004, -0.8424,
       -0.883 , -0.1927,  0.5   ,  0.5   ,  0.5   , -0.3424, -0.383 ,
        0.3073], dtype=float32), 'actions': array([0., 0., 0., 0., 0., 0., 0., 0., 0., 0., 0., 0., 0., 0.]), 'next_observations': array([ 0.    ,  0.    ,  0.    ,  0.    ,  0.    ,  0.    ,  0.    ,
        0.    ,  0.    ,  0.    ,  0.    ,  0.    ,  0.    ,  0.    ,
        0.2347,  1.    ,  0.2551,  1.    , -0.5331, -1.4597,  2.1489,
       -2.2789, -1.5741, -0.0015,  2.8707, -1.2741,  1.9555, -2.2457,
       -1.4357,  0.2492,  1.0232, -0.4033,  2.8174,  0.8313, -1.7699,
        2.9439, -0.0885,  0.197 , -0.0054,  0.0045,  0.0137,  0.0078,
        0.0047,  0.0008,  0.002 , -0.1406, -0.0086,  0.0234, -0.0101,
       -0.0325, -0.0005,  0.0663,  0.1133,  0.0243,  0.1218,  0.2162,
       -0.0287, -0.0002,  0.002 ,  0.0025, -0.0142, -0.0072, -0.001 ,
        0.0013,  0.0022, -0.0016, -0.0174,  0.0252,  0.0052, -0.8424,
       -0.883 , -0.1927,  0.5   ,  0.5   ,  0.5   , -0.3424, -0.383 ,
        0.3073], dtype=float32), 'rewards': -2.9406792992328694, 'masks': 1.0, 'dones': False}, {'observations': array([ 0.    ,  0.    ,  0.    ,  0.    ,  0.    ,  0.    ,  0.    ,
        0.    ,  0.    ,  0.    ,  0.    ,  0.    ,  0.    ,  0.    ,
        0.2347,  1.    ,  0.2551,  1.    , -0.5331, -1.4597,  2.1489,
       -2.2789, -1.5741, -0.0015,  2.8707, -1.2741,  1.9555, -2.2457,
       -1.4357,  0.2492,  1.0232, -0.4033,  2.8174,  0.8313, -1.7699,
        2.9439, -0.0885,  0.197 , -0.0054,  0.0045,  0.0137,  0.0078,
        0.0047,  0.0008,  0.002 , -0.1406, -0.0086,  0.0234, -0.0101,
       -0.0325, -0.0005,  0.0663,  0.1133,  0.0243,  0.1218,  0.2162,
       -0.0287, -0.0002,  0.002 ,  0.0025, -0.0142, -0.0072, -0.001 ,
        0.0013,  0.0022, -0.0016, -0.0174,  0.0252,  0.0052, -0.8424,
       -0.883 , -0.1927,  0.5   ,  0.5   ,  0.5   , -0.3424, -0.383 ,
        0.3073], dtype=float32), 'actions': array([0., 0., 0., 0., 0., 0., 0., 0., 0., 0., 0., 0., 0., 0.]), 'next_observations': array([ 0.    ,  0.    ,  0.    ,  0.    ,  0.    ,  0.    ,  0.    ,
        0.    ,  0.    ,  0.    ,  0.    ,  0.    ,  0.    ,  0.    ,
        0.2347,  1.    ,  0.2551,  1.    , -0.5332, -1.4595,  2.1486,
       -2.2774, -1.5735, -0.0015,  2.871 , -1.2743,  1.9552, -2.2461,
       -1.4358,  0.2492,  0.8357,  0.4963,  2.782 ,  0.6757, -1.3016,
        2.9426, -0.0886,  0.1968, -0.0058,  0.0045,  0.0138,  0.0079,
        0.0044,  0.0007,  0.002 , -0.1408, -0.0086,  0.0231, -0.0099,
       -0.0325, -0.0006,  0.0082,  0.0871,  0.0123,  0.0859,  0.199 ,
       -0.0341, -0.0004,  0.0001,  0.    , -0.0098, -0.0042, -0.0056,
        0.0007, -0.0003,  0.0032, -0.0017,  0.0029,  0.0041, -0.8424,
       -0.883 , -0.1927,  0.5   ,  0.5   ,  0.5   , -0.3424, -0.383 ,
        0.3073], dtype=float32), 'rewards': -2.94870303285388, 'masks': 1.0, 'dones': False}, {'observations': array([ 0.    ,  0.    ,  0.    ,  0.    ,  0.    ,  0.    ,  0.    ,
        0.    ,  0.    ,  0.    ,  0.    ,  0.    ,  0.    ,  0.    ,
        0.2347,  1.    ,  0.2551,  1.    , -0.5332, -1.4595,  2.1486,
       -2.2774, -1.5735, -0.0015,  2.871 , -1.2743,  1.9552, -2.2461,
       -1.4358,  0.2492,  0.8357,  0.4963,  2.782 ,  0.6757, -1.3016,
        2.9426, -0.0886,  0.1968, -0.0058,  0.0045,  0.0138,  0.0079,
        0.0044,  0.0007,  0.002 , -0.1408, -0.0086,  0.0231, -0.0099,
       -0.0325, -0.0006,  0.0082,  0.0871,  0.0123,  0.0859,  0.199 ,
       -0.0341, -0.0004,  0.0001,  0.    , -0.0098, -0.0042, -0.0056,
        0.0007, -0.0003,  0.0032, -0.0017,  0.0029,  0.0041, -0.8424,
       -0.883 , -0.1927,  0.5   ,  0.5   ,  0.5   , -0.3424, -0.383 ,
        0.3073], dtype=float32), 'actions': array([0., 0., 0., 0., 0., 0., 0., 0., 0., 0., 0., 0., 0., 0.]), 'next_observations': array([ 0.    ,  0.    ,  0.    ,  0.    ,  0.    ,  0.    ,  0.    ,
        0.    ,  0.    ,  0.    ,  0.    ,  0.    ,  0.    ,  0.    ,
        0.2347,  1.    ,  0.2551,  1.    , -0.5332, -1.4595,  2.1488,
       -2.2783, -1.5739, -0.0014,  2.871 , -1.2738,  1.9554, -2.246 ,
       -1.4363,  0.2493,  0.8705,  0.688 ,  2.6135,  0.462 , -1.0314,
        3.0207, -0.0885,  0.1969, -0.0055,  0.0046,  0.0138,  0.0079,
        0.0045,  0.0008,  0.002 , -0.1407, -0.0086,  0.0234, -0.01  ,
       -0.0323, -0.0006,  0.0015,  0.09  ,  0.0132,  0.0651,  0.1862,
       -0.0285,  0.0009,  0.0008,  0.0006,  0.0087,  0.0116,  0.0046,
        0.0005,  0.0006,  0.0036, -0.0082,  0.0038, -0.0014, -0.8424,
       -0.883 , -0.1927,  0.5   ,  0.5   ,  0.5   , -0.3424, -0.383 ,
        0.3073], dtype=float32), 'rewards': -2.9450065376263184, 'masks': 1.0, 'dones': False}, {'observations': array([ 0.    ,  0.    ,  0.    ,  0.    ,  0.    ,  0.    ,  0.    ,
        0.    ,  0.    ,  0.    ,  0.    ,  0.    ,  0.    ,  0.    ,
        0.2347,  1.    ,  0.2551,  1.    , -0.5332, -1.4595,  2.1488,
       -2.2783, -1.5739, -0.0014,  2.871 , -1.2738,  1.9554, -2.246 ,
       -1.4363,  0.2493,  0.8705,  0.688 ,  2.6135,  0.462 , -1.0314,
        3.0207, -0.0885,  0.1969, -0.0055,  0.0046,  0.0138,  0.0079,
        0.0045,  0.0008,  0.002 , -0.1407, -0.0086,  0.0234, -0.01  ,
       -0.0323, -0.0006,  0.0015,  0.09  ,  0.0132,  0.0651,  0.1862,
       -0.0285,  0.0009,  0.0008,  0.0006,  0.0087,  0.0116,  0.0046,
        0.0005,  0.0006,  0.0036, -0.0082,  0.0038, -0.0014, -0.8424,
       -0.883 , -0.1927,  0.5   ,  0.5   ,  0.5   , -0.3424, -0.383 ,
        0.3073], dtype=float32), 'actions': array([0., 0., 0., 0., 0., 0., 0., 0., 0., 0., 0., 0., 0., 0.]), 'next_observations': array([ 0.    ,  0.    ,  0.    ,  0.    ,  0.    ,  0.    ,  0.    ,
        0.    ,  0.    ,  0.    ,  0.    ,  0.    ,  0.    ,  0.    ,
        0.2347,  1.    ,  0.2551,  1.    , -0.533 , -1.4591,  2.1486,
       -2.2777, -1.573 , -0.0014,  2.8714, -1.2743,  1.9547, -2.2467,
       -1.4375,  0.2493,  0.7247,  0.4648,  2.6184,  0.1607, -0.6327,
        3.2279, -0.0889,  0.1967, -0.0062,  0.0044,  0.0137,  0.0081,
        0.0043,  0.0006,  0.002 , -0.1409, -0.0088,  0.0229, -0.0095,
       -0.0322, -0.0007, -0.0069,  0.0725,  0.018 ,  0.0401,  0.1707,
       -0.0369,  0.0004, -0.0007, -0.0009,  0.0043,  0.0015,  0.0033,
       -0.0025,  0.0003, -0.0038,  0.0077, -0.002 , -0.0046, -0.8424,
       -0.883 , -0.1927,  0.5   ,  0.5   ,  0.5   , -0.3424, -0.383 ,
        0.3073], dtype=float32), 'rewards': -2.9442578022804935, 'masks': 1.0, 'dones': False}, {'observations': array([ 0.    ,  0.    ,  0.    ,  0.    ,  0.    ,  0.    ,  0.    ,
        0.    ,  0.    ,  0.    ,  0.    ,  0.    ,  0.    ,  0.    ,
        0.2347,  1.    ,  0.2551,  1.    , -0.533 , -1.4591,  2.1486,
       -2.2777, -1.573 , -0.0014,  2.8714, -1.2743,  1.9547, -2.2467,
       -1.4375,  0.2493,  0.7247,  0.4648,  2.6184,  0.1607, -0.6327,
        3.2279, -0.0889,  0.1967, -0.0062,  0.0044,  0.0137,  0.0081,
        0.0043,  0.0006,  0.002 , -0.1409, -0.0088,  0.0229, -0.0095,
       -0.0322, -0.0007, -0.0069,  0.0725,  0.018 ,  0.0401,  0.1707,
       -0.0369,  0.0004, -0.0007, -0.0009,  0.0043,  0.0015,  0.0033,
       -0.0025,  0.0003, -0.0038,  0.0077, -0.002 , -0.0046, -0.8424,
       -0.883 , -0.1927,  0.5   ,  0.5   ,  0.5   , -0.3424, -0.383 ,
        0.3073], dtype=float32), 'actions': array([0., 0., 0., 0., 0., 0., 0., 0., 0., 0., 0., 0., 0., 0.]), 'next_observations': array([ 0.    ,  0.    ,  0.    ,  0.    ,  0.    ,  0.    ,  0.    ,
        0.    ,  0.    ,  0.    ,  0.    ,  0.    ,  0.    ,  0.    ,
        0.2347,  1.    ,  0.2551,  1.    , -0.5333, -1.4594,  2.1488,
       -2.278 , -1.5735, -0.0015,  2.8712, -1.2736,  1.9551, -2.2463,
       -1.4371,  0.2492,  0.5038,  0.3801,  2.7157,  0.2342, -0.5519,
        3.14  , -0.0886,  0.1969, -0.0056,  0.0045,  0.0138,  0.008 ,
        0.0044,  0.0007,  0.002 , -0.1407, -0.0087,  0.0234, -0.0099,
       -0.0322, -0.0007, -0.0358,  0.0456,  0.0134,  0.0155,  0.1551,
       -0.0399,  0.0005, -0.0001, -0.0009,  0.0068,  0.0051,  0.0039,
        0.0011, -0.0006,  0.0036, -0.0051,  0.006 ,  0.0052, -0.8424,
       -0.883 , -0.1927,  0.5   ,  0.5   ,  0.5   , -0.3424, -0.383 ,
        0.3073], dtype=float32), 'rewards': -2.943608367962374, 'masks': 1.0, 'dones': False}, {'observations': array([ 0.    ,  0.    ,  0.    ,  0.    ,  0.    ,  0.    ,  0.    ,
        0.    ,  0.    ,  0.    ,  0.    ,  0.    ,  0.    ,  0.    ,
        0.2347,  1.    ,  0.2551,  1.    , -0.5333, -1.4594,  2.1488,
       -2.278 , -1.5735, -0.0015,  2.8712, -1.2736,  1.9551, -2.2463,
       -1.4371,  0.2492,  0.5038,  0.3801,  2.7157,  0.2342, -0.5519,
        3.14  , -0.0886,  0.1969, -0.0056,  0.0045,  0.0138,  0.008 ,
        0.0044,  0.0007,  0.002 , -0.1407, -0.0087,  0.0234, -0.0099,
       -0.0322, -0.0007, -0.0358,  0.0456,  0.0134,  0.0155,  0.1551,
       -0.0399,  0.0005, -0.0001, -0.0009,  0.0068,  0.0051,  0.0039,
        0.0011, -0.0006,  0.0036, -0.0051,  0.006 ,  0.0052, -0.8424,
       -0.883 , -0.1927,  0.5   ,  0.5   ,  0.5   , -0.3424, -0.383 ,
        0.3073], dtype=float32), 'actions': array([0., 0., 0., 0., 0., 0., 0., 0., 0., 0., 0., 0., 0., 0.]), 'next_observations': array([ 0.    ,  0.    ,  0.    ,  0.    ,  0.    ,  0.    ,  0.    ,
        0.    ,  0.    ,  0.    ,  0.    ,  0.    ,  0.    ,  0.    ,
        0.2347,  1.    ,  0.2551,  1.    , -0.5331, -1.4583,  2.149 ,
       -2.2781, -1.5737, -0.0017,  2.8712, -1.2743,  1.9552, -2.2462,
       -1.4371,  0.2485,  0.5358,  0.2714,  2.6746,  0.4915, -0.7345,
        3.103 , -0.0886,  0.1968, -0.0064,  0.0045,  0.0138,  0.0085,
        0.0041,  0.0007,  0.0019, -0.1407, -0.0086,  0.0231, -0.0098,
       -0.0322, -0.0009, -0.0236,  0.056 ,  0.0237,  0.028 ,  0.1647,
       -0.0337, -0.001 , -0.0012,  0.0015,  0.0078,  0.0021,  0.0005,
       -0.0011,  0.0001, -0.0019,  0.0114,  0.0061, -0.0036, -0.8424,
       -0.883 , -0.1927,  0.5   ,  0.5   ,  0.5   , -0.3424, -0.383 ,
        0.3073], dtype=float32), 'rewards': -2.9465384082765014, 'masks': 1.0, 'dones': False}, {'observations': array([ 0.    ,  0.    ,  0.    ,  0.    ,  0.    ,  0.    ,  0.    ,
        0.    ,  0.    ,  0.    ,  0.    ,  0.    ,  0.    ,  0.    ,
        0.2347,  1.    ,  0.2551,  1.    , -0.5331, -1.4583,  2.149 ,
       -2.2781, -1.5737, -0.0017,  2.8712, -1.2743,  1.9552, -2.2462,
       -1.4371,  0.2485,  0.5358,  0.2714,  2.6746,  0.4915, -0.7345,
        3.103 , -0.0886,  0.1968, -0.0064,  0.0045,  0.0138,  0.0085,
        0.0041,  0.0007,  0.0019, -0.1407, -0.0086,  0.0231, -0.0098,
       -0.0322, -0.0009, -0.0236,  0.056 ,  0.0237,  0.028 ,  0.1647,
       -0.0337, -0.001 , -0.0012,  0.0015,  0.0078,  0.0021,  0.0005,
       -0.0011,  0.0001, -0.0019,  0.0114,  0.0061, -0.0036, -0.8424,
       -0.883 , -0.1927,  0.5   ,  0.5   ,  0.5   , -0.3424, -0.383 ,
        0.3073], dtype=float32), 'actions': array([0., 0., 0., 0., 0., 0., 0., 0., 0., 0., 0., 0., 0., 0.]), 'next_observations': array([ 0.    ,  0.    ,  0.    ,  0.    ,  0.    ,  0.    ,  0.    ,
        0.    ,  0.    ,  0.    ,  0.    ,  0.    ,  0.    ,  0.    ,
        0.2347,  1.    ,  0.2551,  1.    , -0.5333, -1.459 ,  2.1486,
       -2.276 , -1.5732, -0.0015,  2.8714, -1.2734,  1.9551, -2.2471,
       -1.439 ,  0.2493,  0.4808,  0.5029,  2.9079,  0.107 , -0.296 ,
        3.346 , -0.0887,  0.1969, -0.0058,  0.0045,  0.0139,  0.0083,
        0.0039,  0.0006,  0.002 , -0.1407, -0.0088,  0.0234, -0.0096,
       -0.0317, -0.0007, -0.0654,  0.0328,  0.014 , -0.0004,  0.1411,
       -0.0444, -0.0009,  0.0014, -0.0001, -0.0122, -0.0074, -0.0073,
        0.0001,  0.0005,  0.0019, -0.0043,  0.0011,  0.001 , -0.8424,
       -0.883 , -0.1927,  0.5   ,  0.5   ,  0.5   , -0.3424, -0.383 ,
        0.3073], dtype=float32), 'rewards': -2.9425092809653832, 'masks': 1.0, 'dones': False}, {'observations': array([ 0.    ,  0.    ,  0.    ,  0.    ,  0.    ,  0.    ,  0.    ,
        0.    ,  0.    ,  0.    ,  0.    ,  0.    ,  0.    ,  0.    ,
        0.2347,  1.    ,  0.2551,  1.    , -0.5333, -1.459 ,  2.1486,
       -2.276 , -1.5732, -0.0015,  2.8714, -1.2734,  1.9551, -2.2471,
       -1.439 ,  0.2493,  0.4808,  0.5029,  2.9079,  0.107 , -0.296 ,
        3.346 , -0.0887,  0.1969, -0.0058,  0.0045,  0.0139,  0.0083,
        0.0039,  0.0006,  0.002 , -0.1407, -0.0088,  0.0234, -0.0096,
       -0.0317, -0.0007, -0.0654,  0.0328,  0.014 , -0.0004,  0.1411,
       -0.0444, -0.0009,  0.0014, -0.0001, -0.0122, -0.0074, -0.0073,
        0.0001,  0.0005,  0.0019, -0.0043,  0.0011,  0.001 , -0.8424,
       -0.883 , -0.1927,  0.5   ,  0.5   ,  0.5   , -0.3424, -0.383 ,
        0.3073], dtype=float32), 'actions': array([0., 0., 0., 0., 0., 0., 0., 0., 0., 0., 0., 0., 0., 0.]), 'next_observations': array([ 0.    ,  0.    ,  0.    ,  0.    ,  0.    ,  0.    ,  0.    ,
        0.    ,  0.    ,  0.    ,  0.    ,  0.    ,  0.    ,  0.    ,
        0.2347,  1.    ,  0.2551,  1.    , -0.5332, -1.4589,  2.1488,
       -2.277 , -1.5735, -0.0013,  2.8714, -1.2736,  1.9551, -2.2465,
       -1.4395,  0.2491,  0.3195,  0.614 ,  2.8096,  0.0411,  0.1435,
        3.2331, -0.0886,  0.197 , -0.0059,  0.0045,  0.0138,  0.0083,
        0.004 ,  0.0007,  0.002 , -0.1406, -0.0087,  0.0234, -0.0097,
       -0.0316, -0.0008, -0.0777,  0.0167,  0.0143, -0.0252,  0.1293,
       -0.0372, -0.0005,  0.0022,  0.0026, -0.0232, -0.0028, -0.0005,
       -0.001 ,  0.0001, -0.0022,  0.0021, -0.0089,  0.0006, -0.8424,
       -0.883 , -0.1927,  0.5   ,  0.5   ,  0.5   , -0.3424, -0.383 ,
        0.3073], dtype=float32), 'rewards': -2.939152575502655, 'masks': 0.0, 'dones': True}]
